


 ########  #          ######   #           #
 #         #         #      #   #         # 
 #####     #         #      #    #   #   #  
 #         #         #      #     # # # #   
 #         #######    ######       #   #    

Flow is a simulator for fully implicit three-phase black-oil flow, and is part of OPM.
For more information visit: https://opm-project.org 

Flow Version     =  2025.04 (Ubuntu 24.04.2 LTS: 2025.04-1~noble)
Machine name     =  bgo-1714.ad.norceresearch.no (Number of logical cores: 16, Memory size: 15654.92 MB) 
Operating system =  Linux x86_64 (Kernel: 6.8.0-85-generic, #85-Ubuntu SMP PREEMPT_DYNAMIC Thu Sep 18 15:26:59 UTC 2025 )
Build time       =  
User             =  mani
Simulation started on 09-10-2025 at 14:17:13 hrs
Using 1 MPI processes with 2 OMP threads on each 
Parameters used by Flow:
# [known parameters which were specified at run-time]
EclDeckFileName="DROGON.DATA" # default: ""
# [parameters which were specified at compile-time]
AcceleratorMode="none"
ActionParsingStrictness="normal"
AddCorners="0"
AllowDistributedWells="0"
AllowSplittingInactiveWells="1"
AlternativeWellRateInit="1"
CheckGroupConstraintsInnerWellIterations="1"
CheckSatfuncConsistency="0"
ContinueOnConvergenceError="0"
ConvergenceMonitoring="0"
ConvergenceMonitoringCutOff="6"
ConvergenceMonitoringDecayFactor="0.75"
CprReuseInterval="30"
CprReuseSetup="4"
DbhpMaxRel="1"
DebugEmitCellPartition="0"
DpMaxRel="0.3"
DsMax="0.2"
DwellFractionMax="0.2"
EclOutputDoublePrecision="0"
EclOutputInterval="-1"
EdgeWeightsMethod="1"
EnableAdaptiveTimeStepping="1"
EnableAsyncEclOutput="1"
EnableAsyncVtkOutput="1"
EnableDriftCompensation="0"
EnableDryRun="auto"
EnableEclOutput="1"
EnableEsmry="0"
EnableGravity="1"
EnableGridAdaptation="0"
EnableIntensiveQuantityCache="1"
EnableLoggingFalloutWarning="0"
EnableOpmRstFile="0"
EnableStorageCache="1"
EnableTerminalOutput="1"
EnableThermodynamicHints="0"
EnableTuning="0"
EnableVtkOutput="0"
EnableWellOperabilityCheck="1"
EnableWellOperabilityCheckIter="0"
EnableWriteAllSolutions="0"
EndTime="1e+100"
ExplicitRockCompaction="0"
ExternalPartition=""
ForceDisableFluidInPlaceOutput="0"
ForceDisableResvFluidInPlaceOutput="0"
FullTimeStepInitially="0"
GpuDeviceId="0"
IgnoreKeywords=""
IluFillinLevel="0"
IluRedblack="0"
IluRelaxation="0.9"
IluReorderSpheres="0"
ImbalanceTol="1.1"
InitialTimeStepInDays="1"
InitialTimeStepSize="86400"
InjMultDampMult="0.9"
InjMultMinDampFactor="0.05"
InjMultOscThreshold="0.1"
InputSkipMode="100"
LinearSolver="cprw"
LinearSolverIgnoreConvergenceFailure="0"
LinearSolverMaxIter="200"
LinearSolverPrintJsonDefinition="1"
LinearSolverReduction="0.01"
LinearSolverRestart="40"
LinearSolverVerbosity="0"
LoadFile=""
LoadStep="-1"
LocalDomainsOrderingMeasure="maxpressure"
LocalDomainsPartitionWellNeighborLevels="1"
LocalDomainsPartitioningImbalance="1.03"
LocalDomainsPartitioningMethod="zoltan"
LocalSolveApproach="gauss-seidel"
LocalToleranceScalingCnv="0.1"
LocalToleranceScalingMb="1"
LocalWellSolveControlSwitching="1"
MatrixAddWellContributions="0"
MaxInnerIterMsWells="100"
MaxInnerIterWells="50"
MaxLocalSolveIterations="20"
MaxNewtonIterationsWithInnerWellIterations="8"
MaxPressureChangeMsWells="1e+06"
MaxResidualAllowed="1e+07"
MaxSinglePrecisionDays="20"
MaxTemperatureChange="5"
MaxTimeStepDivisions="10"
MaxTimeStepSize="inf"
MaxWelleqIter="30"
MaximumNumberOfGroupSwitches="3"
MaximumNumberOfWellSwitches="3"
MaximumWaterSaturation="1"
MetisParams="default"
MiluVariant="ILU"
MinStrictCnvIter="-1"
MinStrictMbIter="-1"
MinTimeStepBasedOnNewtonIterations="0"
MinTimeStepBeforeShuttingProblematicWellsInDays="0.01"
MinTimeStepSize="0"
NetworkMaxOuterIterations="10"
NetworkMaxPressureUpdateInBars="5"
NetworkMaxStrictOuterIterations="10"
NetworkMaxSubIterations="20"
NetworkPressureUpdateDampingFactor="0.1"
NewtonMaxError="1e+100"
NewtonMaxIterations="20"
NewtonMaxRelax="0.5"
NewtonMinIterations="2"
NewtonRelaxationType="dampen"
NewtonTargetIterations="10"
NewtonTolerance="0.01"
NewtonVerbose="1"
NewtonWriteConvergence="0"
NlddLocalLinearSolver="ilu0"
NlddLocalLinearSolverMaxIter="200"
NlddLocalLinearSolverReduction="0.01"
NlddNumInitialNewtonIter="1"
NonlinearSolver="newton"
NumLocalDomains="0"
NumOverlap="1"
NumPressurePointsEquil="2000"
NumSatfuncConsistencySamplePoints="5"
NupcolGroupRateTolerance="0.001"
OpenclIluParallel="1"
OpenclPlatformId="0"
OutputDir=""
OutputExtraConvergenceInfo="none"
OutputInterval="1"
OutputMode="all"
OwnerCellsFirst="1"
ParameterFile=""
ParsingStrictness="normal"
PartitionMethod="3"
PreSolveNetwork="1"
PredeterminedTimeStepsFile=""
PressureMax="1e+99"
PressureMin="-1e+99"
PressureScale="1"
PriVarOscilationThreshold="1e-05"
PrintParameters="2"
ProjectSaturations="0"
RegularizationFactorWells="100"
RelaxedLinearSolverReduction="0.01"
RelaxedMaxPvFraction="0.03"
RelaxedPressureTolMsw="10000"
RelaxedWellFlowTol="0.001"
RestartTime="-1e+35"
RestartWritingInterval="16777215"
SaveFile=""
SaveStep=""
ScaleLinearSystem="0"
SchedRestart="0"
SerialPartitioning="0"
ShutUnsolvableWells="1"
Slave="0"
SolveWelleqInitially="1"
SolverContinueOnConvergenceFailure="0"
SolverGrowthFactor="2"
SolverMaxGrowth="3"
SolverMaxRestarts="10"
SolverMaxTimeStepInDays="365"
SolverMinTimeStep="1e-12"
SolverRestartFactor="0.33"
SolverVerbosity="1"
StrictInnerIterWells="40"
StrictOuterIterWells="6"
TemperatureMax="1e+09"
TemperatureMin="0"
ThreadsPerProcess="2"
TimeStepAfterEventInDays="-1"
TimeStepControl="pid+newtoniteration"
TimeStepControlDecayDampingFactor="1"
TimeStepControlDecayRate="0.75"
TimeStepControlFileName="timesteps"
TimeStepControlGrowthDampingFactor="3.2"
TimeStepControlGrowthRate="1.25"
TimeStepControlSafetyFactor="0.8"
TimeStepControlTargetIterations="30"
TimeStepControlTargetNewtonIterations="8"
TimeStepControlTolerance="0.1"
TimeStepVerbosity="1"
ToleranceCnv="0.01"
ToleranceCnvEnergy="0.01"
ToleranceCnvEnergyRelaxed="1"
ToleranceCnvRelaxed="1"
ToleranceEnergyBalance="1e-07"
ToleranceEnergyBalanceRelaxed="1e-06"
ToleranceMb="1e-07"
ToleranceMbRelaxed="1e-06"
TolerancePressureMsWells="1000"
ToleranceWellControl="1e-07"
ToleranceWells="0.0001"
UpdateEquationsScaling="0"
UseAverageDensityMsWells="0"
UseGmres="0"
UseImplicitIpr="1"
UseMultisegmentWell="1"
UseUpdateStabilization="1"
VtkWriteAverageMolarMasses="0"
VtkWriteDensities="1"
VtkWriteDiffusionCoefficients="0"
VtkWriteDofIndex="0"
VtkWriteEffectiveDiffusionCoefficients="0"
VtkWriteExtrusionFactor="0"
VtkWriteFilterVelocities="0"
VtkWriteFugacities="0"
VtkWriteFugacityCoeffs="0"
VtkWriteGasDissolutionFactor="0"
VtkWriteGasFormationVolumeFactor="0"
VtkWriteGasSaturationPressure="0"
VtkWriteIntrinsicPermeabilities="0"
VtkWriteMassFractions="0"
VtkWriteMobilities="0"
VtkWriteMolarities="0"
VtkWriteMoleFractions="1"
VtkWriteOilFormationVolumeFactor="0"
VtkWriteOilSaturationPressure="0"
VtkWriteOilVaporizationFactor="0"
VtkWritePorosity="1"
VtkWritePotentialGradients="0"
VtkWritePressures="1"
VtkWritePrimaryVars="0"
VtkWritePrimaryVarsMeaning="0"
VtkWriteProcessRank="0"
VtkWriteRelativePermeabilities="1"
VtkWriteSaturatedGasOilVaporizationFactor="0"
VtkWriteSaturatedOilGasDissolutionFactor="0"
VtkWriteSaturationRatios="0"
VtkWriteSaturations="1"
VtkWriteTemperature="1"
VtkWriteTortuosities="0"
VtkWriteTotalMassFractions="0"
VtkWriteTotalMoleFractions="0"
VtkWriteTracerConcentration="0"
VtkWriteViscosities="0"
VtkWriteWaterFormationVolumeFactor="0"
WaterOnlyThreshold="1"
ZoltanImbalanceTol="1.1"
ZoltanParams="graph"
ZoltanPhgEdgeSizeThreshold="0.35"

Reading deck file 'DROGON.DATA'
    0 Reading RUNSPEC  in DROGON.DATA line 18
    1 Reading TITLE    in DROGON.DATA line 22
    2 Reading START    in DROGON.DATA line 26
    3 Reading OIL      in DROGON.DATA line 30
    4 Reading GAS      in DROGON.DATA line 31
    5 Reading WATER    in DROGON.DATA line 32
    6 Reading DISGAS   in DROGON.DATA line 33
    7 Reading VAPOIL   in DROGON.DATA line 34
    8 Reading METRIC   in DROGON.DATA line 37
    9 Reading EQLOPTS  in DROGON.DATA line 40
   10 Reading TRACERS  in DROGON.DATA line 45
   11 Reading DIMENS   in /home/AD.NORCERESEARCH.NO/mani/Documents/CSSR/closed_loop/include/runspec/drogon.dimens line 9
   12 Reading TABDIMS  in /home/AD.NORCERESEARCH.NO/mani/Documents/CSSR/closed_loop/include/runspec/drogon.tabdims line 9
   13 Reading EQLDIMS  in /home/AD.NORCERESEARCH.NO/mani/Documents/CSSR/closed_loop/include/runspec/drogon.eqldims line 9
   14 Reading REGDIMS  in /home/AD.NORCERESEARCH.NO/mani/Documents/CSSR/closed_loop/include/runspec/drogon.regdims line 9
   15 Reading GRIDOPTS in /home/AD.NORCERESEARCH.NO/mani/Documents/CSSR/closed_loop/include/runspec/drogon.gridopts line 9
   16 Reading FAULTDIM in DROGON.DATA line 69
   17 Reading WELLDIMS in DROGON.DATA line 77
   18 Reading WSEGDIMS in DROGON.DATA line 85
   19 Reading NOINSPEC in DROGON.DATA line 95
   20 Reading NORSSPEC in DROGON.DATA line 98
   21 Reading MESSAGES in DROGON.DATA line 104
   22 Reading VFPIDIMS in DROGON.DATA line 107
   23 Reading GRID     in DROGON.DATA line 111
   24 Reading NOECHO   in DROGON.DATA line 113
   25 Reading NEWTRAN  in DROGON.DATA line 115
   26 Reading GRIDFILE in DROGON.DATA line 117
   27 Reading INIT     in DROGON.DATA line 120
   28 Reading PINCH    in DROGON.DATA line 123
   29 Reading MINPV    in DROGON.DATA line 126
   30 Reading MAPAXES  in /home/AD.NORCERESEARCH.NO/mani/Documents/CSSR/closed_loop/include/grid/drogon.grid line 9
   31 Reading SPECGRID in /home/AD.NORCERESEARCH.NO/mani/Documents/CSSR/closed_loop/include/grid/drogon.grid line 13
   32 Reading COORD    in /home/AD.NORCERESEARCH.NO/mani/Documents/CSSR/closed_loop/include/grid/drogon.grid line 16
   33 Reading ZCORN    in /home/AD.NORCERESEARCH.NO/mani/Documents/CSSR/closed_loop/include/grid/drogon.grid line 5236
   34 Reading ACTNUM   in /home/AD.NORCERESEARCH.NO/mani/Documents/CSSR/closed_loop/include/grid/drogon.grid line 213435
   35 Reading FAULTS   in /home/AD.NORCERESEARCH.NO/mani/Documents/CSSR/closed_loop/include/grid/drogon.faults line 17
   36 Reading PORO     in /home/AD.NORCERESEARCH.NO/mani/Documents/CSSR/closed_loop/Drogon_Mean/drogon.poro line 1
   37 Reading PERMX    in /home/AD.NORCERESEARCH.NO/mani/Documents/CSSR/closed_loop/Drogon_Mean/drogon.permx line 1
   38 Reading PERMY    in /home/AD.NORCERESEARCH.NO/mani/Documents/CSSR/closed_loop/Drogon_Mean/drogon.permy line 1
   39 Reading PERMZ    in /home/AD.NORCERESEARCH.NO/mani/Documents/CSSR/closed_loop/Drogon_Mean/drogon.permz line 1
   40 Reading MULTNUM  in /home/AD.NORCERESEARCH.NO/mani/Documents/CSSR/closed_loop/include/grid/drogon.multnum line 17
   41 Reading MULTREGT in /home/AD.NORCERESEARCH.NO/mani/Documents/CSSR/closed_loop/include/grid/drogon.multregt line 8
   42 Reading EDIT     in DROGON.DATA line 154
   43 Reading MULTIPLY in /home/AD.NORCERESEARCH.NO/mani/Documents/CSSR/closed_loop/include/edit/drogon.trans line 17
   44 Reading EDITNNC  in /home/AD.NORCERESEARCH.NO/mani/Documents/CSSR/closed_loop/include/edit/drogon.trans line 381
   45 Reading PROPS    in DROGON.DATA line 162
   46 Reading FILLEPS  in DROGON.DATA line 165
   47 Reading SWOF     in /home/AD.NORCERESEARCH.NO/mani/Documents/CSSR/closed_loop/include/props/drogon.sattab line 8
   48 Reading SGOF     in /home/AD.NORCERESEARCH.NO/mani/Documents/CSSR/closed_loop/include/props/drogon.sattab line 618
   49 Reading ROCKOPTS in /home/AD.NORCERESEARCH.NO/mani/Documents/CSSR/closed_loop/include/props/drogon.pvt line 11
   50 Reading ROCK     in /home/AD.NORCERESEARCH.NO/mani/Documents/CSSR/closed_loop/include/props/drogon.pvt line 14
   51 Reading PVTW     in /home/AD.NORCERESEARCH.NO/mani/Documents/CSSR/closed_loop/include/props/drogon.pvt line 19
   52 Reading DENSITY  in /home/AD.NORCERESEARCH.NO/mani/Documents/CSSR/closed_loop/include/props/drogon.pvt line 23
   53 Reading PVTO     in /home/AD.NORCERESEARCH.NO/mani/Documents/CSSR/closed_loop/include/props/drogon.pvt line 28
   54 Reading PVTG     in /home/AD.NORCERESEARCH.NO/mani/Documents/CSSR/closed_loop/include/props/drogon.pvt line 385
   55 Reading TRACER   in DROGON.DATA line 177
   56 Reading EXTRAPMS in DROGON.DATA line 182
   57 Reading REGIONS  in DROGON.DATA line 186
   58 Reading EQLNUM   in /home/AD.NORCERESEARCH.NO/mani/Documents/CSSR/closed_loop/include/regions/drogon.eqlnum line 9
   59 Reading FIPNUM   in /home/AD.NORCERESEARCH.NO/mani/Documents/CSSR/closed_loop/include/regions/drogon.fipnum line 9
   60 Reading FIPZON   in /home/AD.NORCERESEARCH.NO/mani/Documents/CSSR/closed_loop/include/regions/drogon.fipzon line 17
   61 Reading PVTNUM   in /home/AD.NORCERESEARCH.NO/mani/Documents/CSSR/closed_loop/include/regions/drogon.pvtnum line 9
   62 Reading SOLUTION in DROGON.DATA line 206
   63 Reading EQUIL    in /home/AD.NORCERESEARCH.NO/mani/Documents/CSSR/closed_loop/include/solution/drogon.equil line 8
   64 Reading RSVD     in /home/AD.NORCERESEARCH.NO/mani/Documents/CSSR/closed_loop/include/solution/drogon.rxvd line 8
   65 Reading RVVD     in /home/AD.NORCERESEARCH.NO/mani/Documents/CSSR/closed_loop/include/solution/drogon.rxvd line 24
   66 Reading THPRES   in /home/AD.NORCERESEARCH.NO/mani/Documents/CSSR/closed_loop/include/solution/drogon.thpres line 9
   67 Reading TVDPFWT1 in DROGON.DATA line 218
   68 Reading TVDPFWT2 in DROGON.DATA line 223
   69 Reading RPTSOL   in DROGON.DATA line 227
   70 Reading RPTRST   in DROGON.DATA line 232
   71 Reading SUMMARY  in DROGON.DATA line 237
   72 Reading WWIT     in DROGON.DATA line 243
   73 Reading WWIR     in DROGON.DATA line 247
   74 Reading WWPI     in DROGON.DATA line 251
   75 Reading WBHP     in DROGON.DATA line 255
   76 Reading SUMTHIN  in DROGON.DATA line 262
   77 Reading FOPR     in /home/AD.NORCERESEARCH.NO/mani/Documents/CSSR/closed_loop/include/summary/drogon.summary line 14
   78 Reading FOPRH    in /home/AD.NORCERESEARCH.NO/mani/Documents/CSSR/closed_loop/include/summary/drogon.summary line 15
   79 Reading FGPR     in /home/AD.NORCERESEARCH.NO/mani/Documents/CSSR/closed_loop/include/summary/drogon.summary line 16
   80 Reading FGPRH    in /home/AD.NORCERESEARCH.NO/mani/Documents/CSSR/closed_loop/include/summary/drogon.summary line 17
   81 Reading FWPR     in /home/AD.NORCERESEARCH.NO/mani/Documents/CSSR/closed_loop/include/summary/drogon.summary line 18
   82 Reading FWPRH    in /home/AD.NORCERESEARCH.NO/mani/Documents/CSSR/closed_loop/include/summary/drogon.summary line 19
   83 Reading FLPR     in /home/AD.NORCERESEARCH.NO/mani/Documents/CSSR/closed_loop/include/summary/drogon.summary line 20
   84 Reading FLPRH    in /home/AD.NORCERESEARCH.NO/mani/Documents/CSSR/closed_loop/include/summary/drogon.summary line 21
   85 Reading FVPR     in /home/AD.NORCERESEARCH.NO/mani/Documents/CSSR/closed_loop/include/summary/drogon.summary line 22
   86 Reading FOPRF    in /home/AD.NORCERESEARCH.NO/mani/Documents/CSSR/closed_loop/include/summary/drogon.summary line 23
   87 Reading FOPRS    in /home/AD.NORCERESEARCH.NO/mani/Documents/CSSR/closed_loop/include/summary/drogon.summary line 24
   88 Reading FGSR     in /home/AD.NORCERESEARCH.NO/mani/Documents/CSSR/closed_loop/include/summary/drogon.summary line 25
   89 Reading FGPRF    in /home/AD.NORCERESEARCH.NO/mani/Documents/CSSR/closed_loop/include/summary/drogon.summary line 26
   90 Reading FGPRS    in /home/AD.NORCERESEARCH.NO/mani/Documents/CSSR/closed_loop/include/summary/drogon.summary line 27
   91 Reading FOPP     in /home/AD.NORCERESEARCH.NO/mani/Documents/CSSR/closed_loop/include/summary/drogon.summary line 31
   92 Reading FWPP     in /home/AD.NORCERESEARCH.NO/mani/Documents/CSSR/closed_loop/include/summary/drogon.summary line 32
   93 Reading FGPP     in /home/AD.NORCERESEARCH.NO/mani/Documents/CSSR/closed_loop/include/summary/drogon.summary line 33
   94 Reading FMWPR    in /home/AD.NORCERESEARCH.NO/mani/Documents/CSSR/closed_loop/include/summary/drogon.summary line 37
   95 Reading FMWIN    in /home/AD.NORCERESEARCH.NO/mani/Documents/CSSR/closed_loop/include/summary/drogon.summary line 38
   96 Reading FVIR     in /home/AD.NORCERESEARCH.NO/mani/Documents/CSSR/closed_loop/include/summary/drogon.summary line 40
   97 Reading FWIR     in /home/AD.NORCERESEARCH.NO/mani/Documents/CSSR/closed_loop/include/summary/drogon.summary line 41
   98 Reading FWIRH    in /home/AD.NORCERESEARCH.NO/mani/Documents/CSSR/closed_loop/include/summary/drogon.summary line 42
   99 Reading FGIR     in /home/AD.NORCERESEARCH.NO/mani/Documents/CSSR/closed_loop/include/summary/drogon.summary line 43
  100 Reading FGIRH    in /home/AD.NORCERESEARCH.NO/mani/Documents/CSSR/closed_loop/include/summary/drogon.summary line 44
  101 Reading FGLIR    in /home/AD.NORCERESEARCH.NO/mani/Documents/CSSR/closed_loop/include/summary/drogon.summary line 46
  102 Reading FMCTP    in /home/AD.NORCERESEARCH.NO/mani/Documents/CSSR/closed_loop/include/summary/drogon.summary line 50
  103 Reading FVPT     in /home/AD.NORCERESEARCH.NO/mani/Documents/CSSR/closed_loop/include/summary/drogon.summary line 55
  104 Reading FOPT     in /home/AD.NORCERESEARCH.NO/mani/Documents/CSSR/closed_loop/include/summary/drogon.summary line 56
  105 Reading FOPTH    in /home/AD.NORCERESEARCH.NO/mani/Documents/CSSR/closed_loop/include/summary/drogon.summary line 57
  106 Reading FWPT     in /home/AD.NORCERESEARCH.NO/mani/Documents/CSSR/closed_loop/include/summary/drogon.summary line 58
  107 Reading FWPTH    in /home/AD.NORCERESEARCH.NO/mani/Documents/CSSR/closed_loop/include/summary/drogon.summary line 59
  108 Reading FGPT     in /home/AD.NORCERESEARCH.NO/mani/Documents/CSSR/closed_loop/include/summary/drogon.summary line 60
  109 Reading FGPTH    in /home/AD.NORCERESEARCH.NO/mani/Documents/CSSR/closed_loop/include/summary/drogon.summary line 61
  110 Reading FWIT     in /home/AD.NORCERESEARCH.NO/mani/Documents/CSSR/closed_loop/include/summary/drogon.summary line 62
  111 Reading FWITH    in /home/AD.NORCERESEARCH.NO/mani/Documents/CSSR/closed_loop/include/summary/drogon.summary line 63
  112 Reading FGIT     in /home/AD.NORCERESEARCH.NO/mani/Documents/CSSR/closed_loop/include/summary/drogon.summary line 64
  113 Reading FGITH    in /home/AD.NORCERESEARCH.NO/mani/Documents/CSSR/closed_loop/include/summary/drogon.summary line 65
  114 Reading FOPTF    in /home/AD.NORCERESEARCH.NO/mani/Documents/CSSR/closed_loop/include/summary/drogon.summary line 66
  115 Reading FOPTS    in /home/AD.NORCERESEARCH.NO/mani/Documents/CSSR/closed_loop/include/summary/drogon.summary line 67
  116 Reading FWIP     in /home/AD.NORCERESEARCH.NO/mani/Documents/CSSR/closed_loop/include/summary/drogon.summary line 71
  117 Reading FOIP     in /home/AD.NORCERESEARCH.NO/mani/Documents/CSSR/closed_loop/include/summary/drogon.summary line 72
  118 Reading FGIP     in /home/AD.NORCERESEARCH.NO/mani/Documents/CSSR/closed_loop/include/summary/drogon.summary line 73
  119 Reading FWCT     in /home/AD.NORCERESEARCH.NO/mani/Documents/CSSR/closed_loop/include/summary/drogon.summary line 75
  120 Reading FWCTH    in /home/AD.NORCERESEARCH.NO/mani/Documents/CSSR/closed_loop/include/summary/drogon.summary line 76
  121 Reading FGOR     in /home/AD.NORCERESEARCH.NO/mani/Documents/CSSR/closed_loop/include/summary/drogon.summary line 77
  122 Reading FGORH    in /home/AD.NORCERESEARCH.NO/mani/Documents/CSSR/closed_loop/include/summary/drogon.summary line 78
  123 Reading FGLR     in /home/AD.NORCERESEARCH.NO/mani/Documents/CSSR/closed_loop/include/summary/drogon.summary line 79
  124 Reading FWGR     in /home/AD.NORCERESEARCH.NO/mani/Documents/CSSR/closed_loop/include/summary/drogon.summary line 80
  125 Reading FPR      in /home/AD.NORCERESEARCH.NO/mani/Documents/CSSR/closed_loop/include/summary/drogon.summary line 82
  126 Reading RPR      in /home/AD.NORCERESEARCH.NO/mani/Documents/CSSR/closed_loop/include/summary/drogon.summary line 84
  127 Reading ROIP     in /home/AD.NORCERESEARCH.NO/mani/Documents/CSSR/closed_loop/include/summary/drogon.summary line 86
  128 Reading ROE      in /home/AD.NORCERESEARCH.NO/mani/Documents/CSSR/closed_loop/include/summary/drogon.summary line 88
  129 Reading ROIPL    in /home/AD.NORCERESEARCH.NO/mani/Documents/CSSR/closed_loop/include/summary/drogon.summary line 90
  130 Reading ROIPG    in /home/AD.NORCERESEARCH.NO/mani/Documents/CSSR/closed_loop/include/summary/drogon.summary line 92
  131 Reading RGIP     in /home/AD.NORCERESEARCH.NO/mani/Documents/CSSR/closed_loop/include/summary/drogon.summary line 94
  132 Reading RGIPL    in /home/AD.NORCERESEARCH.NO/mani/Documents/CSSR/closed_loop/include/summary/drogon.summary line 96
  133 Reading RGIPG    in /home/AD.NORCERESEARCH.NO/mani/Documents/CSSR/closed_loop/include/summary/drogon.summary line 98
  134 Reading RGPR     in /home/AD.NORCERESEARCH.NO/mani/Documents/CSSR/closed_loop/include/summary/drogon.summary line 100
  135 Reading RGPT     in /home/AD.NORCERESEARCH.NO/mani/Documents/CSSR/closed_loop/include/summary/drogon.summary line 102
  136 Reading GMWPR    in /home/AD.NORCERESEARCH.NO/mani/Documents/CSSR/closed_loop/include/summary/drogon.summary line 110
  137 Reading GGLIR    in /home/AD.NORCERESEARCH.NO/mani/Documents/CSSR/closed_loop/include/summary/drogon.summary line 113
  138 Reading GOPR     in /home/AD.NORCERESEARCH.NO/mani/Documents/CSSR/closed_loop/include/summary/drogon.summary line 115
  139 Reading GOPRH    in /home/AD.NORCERESEARCH.NO/mani/Documents/CSSR/closed_loop/include/summary/drogon.summary line 117
  140 Reading GGPR     in /home/AD.NORCERESEARCH.NO/mani/Documents/CSSR/closed_loop/include/summary/drogon.summary line 119
  141 Reading GGPRH    in /home/AD.NORCERESEARCH.NO/mani/Documents/CSSR/closed_loop/include/summary/drogon.summary line 121
  142 Reading GWPR     in /home/AD.NORCERESEARCH.NO/mani/Documents/CSSR/closed_loop/include/summary/drogon.summary line 123
  143 Reading GWPRH    in /home/AD.NORCERESEARCH.NO/mani/Documents/CSSR/closed_loop/include/summary/drogon.summary line 125
  144 Reading GVPR     in /home/AD.NORCERESEARCH.NO/mani/Documents/CSSR/closed_loop/include/summary/drogon.summary line 127
  145 Reading GLPR     in /home/AD.NORCERESEARCH.NO/mani/Documents/CSSR/closed_loop/include/summary/drogon.summary line 129
  146 Reading GOPRF    in /home/AD.NORCERESEARCH.NO/mani/Documents/CSSR/closed_loop/include/summary/drogon.summary line 131
  147 Reading GOPRS    in /home/AD.NORCERESEARCH.NO/mani/Documents/CSSR/closed_loop/include/summary/drogon.summary line 133
  148 Reading GGPRF    in /home/AD.NORCERESEARCH.NO/mani/Documents/CSSR/closed_loop/include/summary/drogon.summary line 135
  149 Reading GGPRS    in /home/AD.NORCERESEARCH.NO/mani/Documents/CSSR/closed_loop/include/summary/drogon.summary line 137
  150 Reading GWCT     in /home/AD.NORCERESEARCH.NO/mani/Documents/CSSR/closed_loop/include/summary/drogon.summary line 139
  151 Reading GWCTH    in /home/AD.NORCERESEARCH.NO/mani/Documents/CSSR/closed_loop/include/summary/drogon.summary line 141
  152 Reading GGOR     in /home/AD.NORCERESEARCH.NO/mani/Documents/CSSR/closed_loop/include/summary/drogon.summary line 143
  153 Reading GGORH    in /home/AD.NORCERESEARCH.NO/mani/Documents/CSSR/closed_loop/include/summary/drogon.summary line 145
  154 Reading GWGR     in /home/AD.NORCERESEARCH.NO/mani/Documents/CSSR/closed_loop/include/summary/drogon.summary line 147
  155 Reading GGLR     in /home/AD.NORCERESEARCH.NO/mani/Documents/CSSR/closed_loop/include/summary/drogon.summary line 149
  156 Reading GOPT     in /home/AD.NORCERESEARCH.NO/mani/Documents/CSSR/closed_loop/include/summary/drogon.summary line 151
  157 Reading GOPTH    in /home/AD.NORCERESEARCH.NO/mani/Documents/CSSR/closed_loop/include/summary/drogon.summary line 153
  158 Reading GGPT     in /home/AD.NORCERESEARCH.NO/mani/Documents/CSSR/closed_loop/include/summary/drogon.summary line 155
  159 Reading GGPTH    in /home/AD.NORCERESEARCH.NO/mani/Documents/CSSR/closed_loop/include/summary/drogon.summary line 157
  160 Reading GWPT     in /home/AD.NORCERESEARCH.NO/mani/Documents/CSSR/closed_loop/include/summary/drogon.summary line 159
  161 Reading GWPTH    in /home/AD.NORCERESEARCH.NO/mani/Documents/CSSR/closed_loop/include/summary/drogon.summary line 161
  162 Reading GVPT     in /home/AD.NORCERESEARCH.NO/mani/Documents/CSSR/closed_loop/include/summary/drogon.summary line 163
  163 Reading GLPT     in /home/AD.NORCERESEARCH.NO/mani/Documents/CSSR/closed_loop/include/summary/drogon.summary line 165
  164 Reading GOPTF    in /home/AD.NORCERESEARCH.NO/mani/Documents/CSSR/closed_loop/include/summary/drogon.summary line 167
  165 Reading GOPTS    in /home/AD.NORCERESEARCH.NO/mani/Documents/CSSR/closed_loop/include/summary/drogon.summary line 169
  166 Reading GGPTF    in /home/AD.NORCERESEARCH.NO/mani/Documents/CSSR/closed_loop/include/summary/drogon.summary line 171
  167 Reading GGPTS    in /home/AD.NORCERESEARCH.NO/mani/Documents/CSSR/closed_loop/include/summary/drogon.summary line 173
  168 Reading GWIR     in /home/AD.NORCERESEARCH.NO/mani/Documents/CSSR/closed_loop/include/summary/drogon.summary line 175
  169 Reading GVIR     in /home/AD.NORCERESEARCH.NO/mani/Documents/CSSR/closed_loop/include/summary/drogon.summary line 177
  170 Reading GWIRH    in /home/AD.NORCERESEARCH.NO/mani/Documents/CSSR/closed_loop/include/summary/drogon.summary line 179
  171 Reading GGIR     in /home/AD.NORCERESEARCH.NO/mani/Documents/CSSR/closed_loop/include/summary/drogon.summary line 181
  172 Reading GGIRH    in /home/AD.NORCERESEARCH.NO/mani/Documents/CSSR/closed_loop/include/summary/drogon.summary line 183
  173 Reading GOPP     in /home/AD.NORCERESEARCH.NO/mani/Documents/CSSR/closed_loop/include/summary/drogon.summary line 186
  174 Reading GGPP     in /home/AD.NORCERESEARCH.NO/mani/Documents/CSSR/closed_loop/include/summary/drogon.summary line 188
  175 Reading GWPP     in /home/AD.NORCERESEARCH.NO/mani/Documents/CSSR/closed_loop/include/summary/drogon.summary line 190
  176 Reading GMCTP    in /home/AD.NORCERESEARCH.NO/mani/Documents/CSSR/closed_loop/include/summary/drogon.summary line 195
  177 Reading WOPR     in /home/AD.NORCERESEARCH.NO/mani/Documents/CSSR/closed_loop/include/summary/drogon.summary line 199
  178 Reading WOPRH    in /home/AD.NORCERESEARCH.NO/mani/Documents/CSSR/closed_loop/include/summary/drogon.summary line 201
  179 Reading WGPR     in /home/AD.NORCERESEARCH.NO/mani/Documents/CSSR/closed_loop/include/summary/drogon.summary line 203
  180 Reading WGPRH    in /home/AD.NORCERESEARCH.NO/mani/Documents/CSSR/closed_loop/include/summary/drogon.summary line 205
  181 Reading WWPR     in /home/AD.NORCERESEARCH.NO/mani/Documents/CSSR/closed_loop/include/summary/drogon.summary line 207
  182 Reading WWPRH    in /home/AD.NORCERESEARCH.NO/mani/Documents/CSSR/closed_loop/include/summary/drogon.summary line 209
  183 Reading WLPR     in /home/AD.NORCERESEARCH.NO/mani/Documents/CSSR/closed_loop/include/summary/drogon.summary line 211
  184 Reading WLPRH    in /home/AD.NORCERESEARCH.NO/mani/Documents/CSSR/closed_loop/include/summary/drogon.summary line 213
  185 Reading WOPT     in /home/AD.NORCERESEARCH.NO/mani/Documents/CSSR/closed_loop/include/summary/drogon.summary line 216
  186 Reading WWPT     in /home/AD.NORCERESEARCH.NO/mani/Documents/CSSR/closed_loop/include/summary/drogon.summary line 218
  187 Reading WGPT     in /home/AD.NORCERESEARCH.NO/mani/Documents/CSSR/closed_loop/include/summary/drogon.summary line 220
  188 Reading WOPTH    in /home/AD.NORCERESEARCH.NO/mani/Documents/CSSR/closed_loop/include/summary/drogon.summary line 222
  189 Reading WWPTH    in /home/AD.NORCERESEARCH.NO/mani/Documents/CSSR/closed_loop/include/summary/drogon.summary line 224
  190 Reading WGPTH    in /home/AD.NORCERESEARCH.NO/mani/Documents/CSSR/closed_loop/include/summary/drogon.summary line 226
  191 Reading WWCT     in /home/AD.NORCERESEARCH.NO/mani/Documents/CSSR/closed_loop/include/summary/drogon.summary line 229
  192 Reading WWCTH    in /home/AD.NORCERESEARCH.NO/mani/Documents/CSSR/closed_loop/include/summary/drogon.summary line 231
  193 Reading WGOR     in /home/AD.NORCERESEARCH.NO/mani/Documents/CSSR/closed_loop/include/summary/drogon.summary line 233
  194 Reading WGORH    in /home/AD.NORCERESEARCH.NO/mani/Documents/CSSR/closed_loop/include/summary/drogon.summary line 235
  195 Reading WWIR     in /home/AD.NORCERESEARCH.NO/mani/Documents/CSSR/closed_loop/include/summary/drogon.summary line 237
  196 Reading WWIRH    in /home/AD.NORCERESEARCH.NO/mani/Documents/CSSR/closed_loop/include/summary/drogon.summary line 239
  197 Reading WGIR     in /home/AD.NORCERESEARCH.NO/mani/Documents/CSSR/closed_loop/include/summary/drogon.summary line 241
  198 Reading WGIRH    in /home/AD.NORCERESEARCH.NO/mani/Documents/CSSR/closed_loop/include/summary/drogon.summary line 243
  199 Reading WWIT     in /home/AD.NORCERESEARCH.NO/mani/Documents/CSSR/closed_loop/include/summary/drogon.summary line 245
  200 Reading WWITH    in /home/AD.NORCERESEARCH.NO/mani/Documents/CSSR/closed_loop/include/summary/drogon.summary line 247
  201 Reading WGIT     in /home/AD.NORCERESEARCH.NO/mani/Documents/CSSR/closed_loop/include/summary/drogon.summary line 249
  202 Reading WGITH    in /home/AD.NORCERESEARCH.NO/mani/Documents/CSSR/closed_loop/include/summary/drogon.summary line 251
  203 Reading WBHP     in /home/AD.NORCERESEARCH.NO/mani/Documents/CSSR/closed_loop/include/summary/drogon.summary line 254
  204 Reading WTHP     in /home/AD.NORCERESEARCH.NO/mani/Documents/CSSR/closed_loop/include/summary/drogon.summary line 256
  205 Reading WPI      in /home/AD.NORCERESEARCH.NO/mani/Documents/CSSR/closed_loop/include/summary/drogon.summary line 258
  206 Reading WVPR     in /home/AD.NORCERESEARCH.NO/mani/Documents/CSSR/closed_loop/include/summary/drogon.summary line 260
  207 Reading WBP      in /home/AD.NORCERESEARCH.NO/mani/Documents/CSSR/closed_loop/include/summary/drogon.summary line 262
  208 Reading WBP4     in /home/AD.NORCERESEARCH.NO/mani/Documents/CSSR/closed_loop/include/summary/drogon.summary line 264
  209 Reading WBP9     in /home/AD.NORCERESEARCH.NO/mani/Documents/CSSR/closed_loop/include/summary/drogon.summary line 266
  210 Reading WMCTL    in /home/AD.NORCERESEARCH.NO/mani/Documents/CSSR/closed_loop/include/summary/drogon.summary line 268
  211 Reading WGLIR    in /home/AD.NORCERESEARCH.NO/mani/Documents/CSSR/closed_loop/include/summary/drogon.summary line 271
  212 Reading WOGLR    in /home/AD.NORCERESEARCH.NO/mani/Documents/CSSR/closed_loop/include/summary/drogon.summary line 276
  213 Reading WTPRWT1  in /home/AD.NORCERESEARCH.NO/mani/Documents/CSSR/closed_loop/include/summary/drogon.summary line 282
  214 Reading WTPRWT2  in /home/AD.NORCERESEARCH.NO/mani/Documents/CSSR/closed_loop/include/summary/drogon.summary line 284
  215 Reading WTPTWT1  in /home/AD.NORCERESEARCH.NO/mani/Documents/CSSR/closed_loop/include/summary/drogon.summary line 287
  216 Reading WTPTWT2  in /home/AD.NORCERESEARCH.NO/mani/Documents/CSSR/closed_loop/include/summary/drogon.summary line 289
  217 Reading WTPCWT1  in /home/AD.NORCERESEARCH.NO/mani/Documents/CSSR/closed_loop/include/summary/drogon.summary line 292
  218 Reading WTPCWT2  in /home/AD.NORCERESEARCH.NO/mani/Documents/CSSR/closed_loop/include/summary/drogon.summary line 294
  219 Reading WTIRWT1  in /home/AD.NORCERESEARCH.NO/mani/Documents/CSSR/closed_loop/include/summary/drogon.summary line 297
  220 Reading WTIRWT2  in /home/AD.NORCERESEARCH.NO/mani/Documents/CSSR/closed_loop/include/summary/drogon.summary line 299
  221 Reading WTITWT1  in /home/AD.NORCERESEARCH.NO/mani/Documents/CSSR/closed_loop/include/summary/drogon.summary line 302
  222 Reading WTITWT2  in /home/AD.NORCERESEARCH.NO/mani/Documents/CSSR/closed_loop/include/summary/drogon.summary line 304
  223 Reading WTICWT1  in /home/AD.NORCERESEARCH.NO/mani/Documents/CSSR/closed_loop/include/summary/drogon.summary line 307
  224 Reading WTICWT2  in /home/AD.NORCERESEARCH.NO/mani/Documents/CSSR/closed_loop/include/summary/drogon.summary line 309
  225 Reading TCPU     in /home/AD.NORCERESEARCH.NO/mani/Documents/CSSR/closed_loop/include/summary/drogon.summary line 321
  226 Reading TCPUDAY  in /home/AD.NORCERESEARCH.NO/mani/Documents/CSSR/closed_loop/include/summary/drogon.summary line 322
  227 Reading SCHEDULE in DROGON.DATA line 270
  228 Reading WELSPECS in /home/AD.NORCERESEARCH.NO/mani/Documents/CSSR/closed_loop/include/schedule/drogon_hist.sch line 16
  229 Reading COMPORD  in /home/AD.NORCERESEARCH.NO/mani/Documents/CSSR/closed_loop/include/schedule/drogon_hist.sch line 25
  230 Reading GRUPTREE in /home/AD.NORCERESEARCH.NO/mani/Documents/CSSR/closed_loop/include/schedule/drogon_hist.sch line 33
  231 Reading COMPDAT  in /home/AD.NORCERESEARCH.NO/mani/Documents/CSSR/closed_loop/include/schedule/drogon_hist.sch line 39
  232 Reading WCONHIST in /home/AD.NORCERESEARCH.NO/mani/Documents/CSSR/closed_loop/include/schedule/drogon_hist.sch line 163
  233 Reading WRFTPLT  in /home/AD.NORCERESEARCH.NO/mani/Documents/CSSR/closed_loop/include/schedule/drogon_hist.sch line 172
  234 Reading TUNING   in /home/AD.NORCERESEARCH.NO/mani/Documents/CSSR/closed_loop/include/schedule/drogon_hist.sch line 181
  235 Reading RPTRST   in /home/AD.NORCERESEARCH.NO/mani/Documents/CSSR/closed_loop/include/schedule/drogon_hist.sch line 189
  236 Reading DATES    in /home/AD.NORCERESEARCH.NO/mani/Documents/CSSR/closed_loop/include/schedule/drogon_hist.sch line 192
  237 Reading WELSPECS in /home/AD.NORCERESEARCH.NO/mani/Documents/CSSR/closed_loop/include/schedule/drogon_hist.sch line 196
  238 Reading COMPORD  in /home/AD.NORCERESEARCH.NO/mani/Documents/CSSR/closed_loop/include/schedule/drogon_hist.sch line 201
  239 Reading COMPDAT  in /home/AD.NORCERESEARCH.NO/mani/Documents/CSSR/closed_loop/include/schedule/drogon_hist.sch line 205
  240 Reading WCONHIST in /home/AD.NORCERESEARCH.NO/mani/Documents/CSSR/closed_loop/include/schedule/drogon_hist.sch line 232
  241 Reading WELTARG  in /home/AD.NORCERESEARCH.NO/mani/Documents/CSSR/closed_loop/include/schedule/drogon_hist.sch line 237
  242 Reading DATES    in /home/AD.NORCERESEARCH.NO/mani/Documents/CSSR/closed_loop/include/schedule/drogon_hist.sch line 241
  243 Reading WCONHIST in /home/AD.NORCERESEARCH.NO/mani/Documents/CSSR/closed_loop/include/schedule/drogon_hist.sch line 245
  244 Reading DATES    in /home/AD.NORCERESEARCH.NO/mani/Documents/CSSR/closed_loop/include/schedule/drogon_hist.sch line 250
  245 Reading WCONHIST in /home/AD.NORCERESEARCH.NO/mani/Documents/CSSR/closed_loop/include/schedule/drogon_hist.sch line 254
  246 Reading WRFTPLT  in /home/AD.NORCERESEARCH.NO/mani/Documents/CSSR/closed_loop/include/schedule/drogon_hist.sch line 259
  247 Reading DATES    in /home/AD.NORCERESEARCH.NO/mani/Documents/CSSR/closed_loop/include/schedule/drogon_hist.sch line 264
  248 Reading WELSPECS in /home/AD.NORCERESEARCH.NO/mani/Documents/CSSR/closed_loop/include/schedule/drogon_hist.sch line 268
  249 Reading COMPORD  in /home/AD.NORCERESEARCH.NO/mani/Documents/CSSR/closed_loop/include/schedule/drogon_hist.sch line 273
  250 Reading COMPDAT  in /home/AD.NORCERESEARCH.NO/mani/Documents/CSSR/closed_loop/include/schedule/drogon_hist.sch line 277
  251 Reading WCONHIST in /home/AD.NORCERESEARCH.NO/mani/Documents/CSSR/closed_loop/include/schedule/drogon_hist.sch line 291
  252 Reading WELTARG  in /home/AD.NORCERESEARCH.NO/mani/Documents/CSSR/closed_loop/include/schedule/drogon_hist.sch line 297
  253 Reading DATES    in /home/AD.NORCERESEARCH.NO/mani/Documents/CSSR/closed_loop/include/schedule/drogon_hist.sch line 301
  254 Reading WCONHIST in /home/AD.NORCERESEARCH.NO/mani/Documents/CSSR/closed_loop/include/schedule/drogon_hist.sch line 305
  255 Reading DATES    in /home/AD.NORCERESEARCH.NO/mani/Documents/CSSR/closed_loop/include/schedule/drogon_hist.sch line 311
  256 Reading WCONHIST in /home/AD.NORCERESEARCH.NO/mani/Documents/CSSR/closed_loop/include/schedule/drogon_hist.sch line 315
  257 Reading DATES    in /home/AD.NORCERESEARCH.NO/mani/Documents/CSSR/closed_loop/include/schedule/drogon_hist.sch line 321
  258 Reading WCONHIST in /home/AD.NORCERESEARCH.NO/mani/Documents/CSSR/closed_loop/include/schedule/drogon_hist.sch line 325
  259 Reading WRFTPLT  in /home/AD.NORCERESEARCH.NO/mani/Documents/CSSR/closed_loop/include/schedule/drogon_hist.sch line 331
  260 Reading DATES    in /home/AD.NORCERESEARCH.NO/mani/Documents/CSSR/closed_loop/include/schedule/drogon_hist.sch line 336
  261 Reading WCONHIST in /home/AD.NORCERESEARCH.NO/mani/Documents/CSSR/closed_loop/include/schedule/drogon_hist.sch line 340
  262 Reading DATES    in /home/AD.NORCERESEARCH.NO/mani/Documents/CSSR/closed_loop/include/schedule/drogon_hist.sch line 346
  263 Reading WELSPECS in /home/AD.NORCERESEARCH.NO/mani/Documents/CSSR/closed_loop/include/schedule/drogon_hist.sch line 350
  264 Reading COMPORD  in /home/AD.NORCERESEARCH.NO/mani/Documents/CSSR/closed_loop/include/schedule/drogon_hist.sch line 355
  265 Reading COMPDAT  in /home/AD.NORCERESEARCH.NO/mani/Documents/CSSR/closed_loop/include/schedule/drogon_hist.sch line 359
  266 Reading WCONHIST in /home/AD.NORCERESEARCH.NO/mani/Documents/CSSR/closed_loop/include/schedule/drogon_hist.sch line 389
  267 Reading WCONINJH in /home/AD.NORCERESEARCH.NO/mani/Documents/CSSR/closed_loop/include/schedule/drogon_hist.sch line 395
  268 Reading DATES    in /home/AD.NORCERESEARCH.NO/mani/Documents/CSSR/closed_loop/include/schedule/drogon_hist.sch line 400
  269 Reading WCONHIST in /home/AD.NORCERESEARCH.NO/mani/Documents/CSSR/closed_loop/include/schedule/drogon_hist.sch line 404
  270 Reading DATES    in /home/AD.NORCERESEARCH.NO/mani/Documents/CSSR/closed_loop/include/schedule/drogon_hist.sch line 410
  271 Reading WCONHIST in /home/AD.NORCERESEARCH.NO/mani/Documents/CSSR/closed_loop/include/schedule/drogon_hist.sch line 414
  272 Reading DATES    in /home/AD.NORCERESEARCH.NO/mani/Documents/CSSR/closed_loop/include/schedule/drogon_hist.sch line 420
  273 Reading WTRACER  in /home/AD.NORCERESEARCH.NO/mani/Documents/CSSR/closed_loop/include/schedule/drogon_hist.sch line 425
  274 Reading WCONHIST in /home/AD.NORCERESEARCH.NO/mani/Documents/CSSR/closed_loop/include/schedule/drogon_hist.sch line 430
  275 Reading DATES    in /home/AD.NORCERESEARCH.NO/mani/Documents/CSSR/closed_loop/include/schedule/drogon_hist.sch line 436
  276 Reading WTRACER  in /home/AD.NORCERESEARCH.NO/mani/Documents/CSSR/closed_loop/include/schedule/drogon_hist.sch line 440
  277 Reading WCONHIST in /home/AD.NORCERESEARCH.NO/mani/Documents/CSSR/closed_loop/include/schedule/drogon_hist.sch line 445
  278 Reading DATES    in /home/AD.NORCERESEARCH.NO/mani/Documents/CSSR/closed_loop/include/schedule/drogon_hist.sch line 451
  279 Reading WCONHIST in /home/AD.NORCERESEARCH.NO/mani/Documents/CSSR/closed_loop/include/schedule/drogon_hist.sch line 455
  280 Reading DATES    in /home/AD.NORCERESEARCH.NO/mani/Documents/CSSR/closed_loop/include/schedule/drogon_hist.sch line 461
  281 Reading WCONHIST in /home/AD.NORCERESEARCH.NO/mani/Documents/CSSR/closed_loop/include/schedule/drogon_hist.sch line 465
  282 Reading DATES    in /home/AD.NORCERESEARCH.NO/mani/Documents/CSSR/closed_loop/include/schedule/drogon_hist.sch line 477
  283 Reading WCONHIST in /home/AD.NORCERESEARCH.NO/mani/Documents/CSSR/closed_loop/include/schedule/drogon_hist.sch line 481
  284 Reading DATES    in /home/AD.NORCERESEARCH.NO/mani/Documents/CSSR/closed_loop/include/schedule/drogon_hist.sch line 493
  285 Reading WCONHIST in /home/AD.NORCERESEARCH.NO/mani/Documents/CSSR/closed_loop/include/schedule/drogon_hist.sch line 497
  286 Reading WRFTPLT  in /home/AD.NORCERESEARCH.NO/mani/Documents/CSSR/closed_loop/include/schedule/drogon_hist.sch line 503
  287 Reading DATES    in /home/AD.NORCERESEARCH.NO/mani/Documents/CSSR/closed_loop/include/schedule/drogon_hist.sch line 508
  288 Reading WELSPECS in /home/AD.NORCERESEARCH.NO/mani/Documents/CSSR/closed_loop/include/schedule/drogon_hist.sch line 512
  289 Reading COMPORD  in /home/AD.NORCERESEARCH.NO/mani/Documents/CSSR/closed_loop/include/schedule/drogon_hist.sch line 517
  290 Reading COMPDAT  in /home/AD.NORCERESEARCH.NO/mani/Documents/CSSR/closed_loop/include/schedule/drogon_hist.sch line 521
  291 Reading WCONHIST in /home/AD.NORCERESEARCH.NO/mani/Documents/CSSR/closed_loop/include/schedule/drogon_hist.sch line 549
  292 Reading WELTARG  in /home/AD.NORCERESEARCH.NO/mani/Documents/CSSR/closed_loop/include/schedule/drogon_hist.sch line 556
  293 Reading DATES    in /home/AD.NORCERESEARCH.NO/mani/Documents/CSSR/closed_loop/include/schedule/drogon_hist.sch line 560
  294 Reading WCONHIST in /home/AD.NORCERESEARCH.NO/mani/Documents/CSSR/closed_loop/include/schedule/drogon_hist.sch line 564
  295 Reading DATES    in /home/AD.NORCERESEARCH.NO/mani/Documents/CSSR/closed_loop/include/schedule/drogon_hist.sch line 571
  296 Reading WCONHIST in /home/AD.NORCERESEARCH.NO/mani/Documents/CSSR/closed_loop/include/schedule/drogon_hist.sch line 575
  297 Reading DATES    in /home/AD.NORCERESEARCH.NO/mani/Documents/CSSR/closed_loop/include/schedule/drogon_hist.sch line 582
  298 Reading WCONHIST in /home/AD.NORCERESEARCH.NO/mani/Documents/CSSR/closed_loop/include/schedule/drogon_hist.sch line 586
  299 Reading DATES    in /home/AD.NORCERESEARCH.NO/mani/Documents/CSSR/closed_loop/include/schedule/drogon_hist.sch line 593
  300 Reading WCONHIST in /home/AD.NORCERESEARCH.NO/mani/Documents/CSSR/closed_loop/include/schedule/drogon_hist.sch line 597
  301 Reading WRFTPLT  in /home/AD.NORCERESEARCH.NO/mani/Documents/CSSR/closed_loop/include/schedule/drogon_hist.sch line 604
  302 Reading DATES    in /home/AD.NORCERESEARCH.NO/mani/Documents/CSSR/closed_loop/include/schedule/drogon_hist.sch line 609
  303 Reading WCONHIST in /home/AD.NORCERESEARCH.NO/mani/Documents/CSSR/closed_loop/include/schedule/drogon_hist.sch line 613
  304 Reading DATES    in /home/AD.NORCERESEARCH.NO/mani/Documents/CSSR/closed_loop/include/schedule/drogon_hist.sch line 620
  305 Reading WELSPECS in /home/AD.NORCERESEARCH.NO/mani/Documents/CSSR/closed_loop/include/schedule/drogon_hist.sch line 624
  306 Reading COMPORD  in /home/AD.NORCERESEARCH.NO/mani/Documents/CSSR/closed_loop/include/schedule/drogon_hist.sch line 629
  307 Reading COMPDAT  in /home/AD.NORCERESEARCH.NO/mani/Documents/CSSR/closed_loop/include/schedule/drogon_hist.sch line 633
  308 Reading WELSEGS  in /home/AD.NORCERESEARCH.NO/mani/Documents/CSSR/closed_loop/include/schedule/drogon_hist.sch line 659
  309 Reading WSEGVALV in /home/AD.NORCERESEARCH.NO/mani/Documents/CSSR/closed_loop/include/schedule/drogon_hist.sch line 704
  310 Reading COMPSEGS in /home/AD.NORCERESEARCH.NO/mani/Documents/CSSR/closed_loop/include/schedule/drogon_hist.sch line 728
  311 Reading WCONHIST in /home/AD.NORCERESEARCH.NO/mani/Documents/CSSR/closed_loop/include/schedule/drogon_hist.sch line 753
  312 Reading WELTARG  in /home/AD.NORCERESEARCH.NO/mani/Documents/CSSR/closed_loop/include/schedule/drogon_hist.sch line 761
  313 Reading DATES    in /home/AD.NORCERESEARCH.NO/mani/Documents/CSSR/closed_loop/include/schedule/drogon_hist.sch line 765
  314 Reading WCONHIST in /home/AD.NORCERESEARCH.NO/mani/Documents/CSSR/closed_loop/include/schedule/drogon_hist.sch line 769
  315 Reading DATES    in /home/AD.NORCERESEARCH.NO/mani/Documents/CSSR/closed_loop/include/schedule/drogon_hist.sch line 777
  316 Reading WCONHIST in /home/AD.NORCERESEARCH.NO/mani/Documents/CSSR/closed_loop/include/schedule/drogon_hist.sch line 781
  317 Reading DATES    in /home/AD.NORCERESEARCH.NO/mani/Documents/CSSR/closed_loop/include/schedule/drogon_hist.sch line 789
  318 Reading WCONHIST in /home/AD.NORCERESEARCH.NO/mani/Documents/CSSR/closed_loop/include/schedule/drogon_hist.sch line 793
  319 Reading DATES    in /home/AD.NORCERESEARCH.NO/mani/Documents/CSSR/closed_loop/include/schedule/drogon_hist.sch line 801
  320 Reading WCONHIST in /home/AD.NORCERESEARCH.NO/mani/Documents/CSSR/closed_loop/include/schedule/drogon_hist.sch line 805
  321 Reading WRFTPLT  in /home/AD.NORCERESEARCH.NO/mani/Documents/CSSR/closed_loop/include/schedule/drogon_hist.sch line 813
  322 Reading DATES    in /home/AD.NORCERESEARCH.NO/mani/Documents/CSSR/closed_loop/include/schedule/drogon_hist.sch line 818
  323 Reading WELSPECS in /home/AD.NORCERESEARCH.NO/mani/Documents/CSSR/closed_loop/include/schedule/drogon_hist.sch line 822
  324 Reading COMPORD  in /home/AD.NORCERESEARCH.NO/mani/Documents/CSSR/closed_loop/include/schedule/drogon_hist.sch line 827
  325 Reading COMPDAT  in /home/AD.NORCERESEARCH.NO/mani/Documents/CSSR/closed_loop/include/schedule/drogon_hist.sch line 831
  326 Reading WCONHIST in /home/AD.NORCERESEARCH.NO/mani/Documents/CSSR/closed_loop/include/schedule/drogon_hist.sch line 860
  327 Reading WCONINJH in /home/AD.NORCERESEARCH.NO/mani/Documents/CSSR/closed_loop/include/schedule/drogon_hist.sch line 868
  328 Reading DATES    in /home/AD.NORCERESEARCH.NO/mani/Documents/CSSR/closed_loop/include/schedule/drogon_hist.sch line 873
  329 Reading WCONHIST in /home/AD.NORCERESEARCH.NO/mani/Documents/CSSR/closed_loop/include/schedule/drogon_hist.sch line 877
  330 Reading DATES    in /home/AD.NORCERESEARCH.NO/mani/Documents/CSSR/closed_loop/include/schedule/drogon_hist.sch line 885
  331 Reading WCONHIST in /home/AD.NORCERESEARCH.NO/mani/Documents/CSSR/closed_loop/include/schedule/drogon_hist.sch line 889
  332 Reading DATES    in /home/AD.NORCERESEARCH.NO/mani/Documents/CSSR/closed_loop/include/schedule/drogon_hist.sch line 897
  333 Reading WCONHIST in /home/AD.NORCERESEARCH.NO/mani/Documents/CSSR/closed_loop/include/schedule/drogon_hist.sch line 901
  334 Reading DATES    in /home/AD.NORCERESEARCH.NO/mani/Documents/CSSR/closed_loop/include/schedule/drogon_hist.sch line 909
  335 Reading WTRACER  in /home/AD.NORCERESEARCH.NO/mani/Documents/CSSR/closed_loop/include/schedule/drogon_hist.sch line 914
  336 Reading WCONHIST in /home/AD.NORCERESEARCH.NO/mani/Documents/CSSR/closed_loop/include/schedule/drogon_hist.sch line 919
  337 Reading DATES    in /home/AD.NORCERESEARCH.NO/mani/Documents/CSSR/closed_loop/include/schedule/drogon_hist.sch line 927
  338 Reading WTRACER  in /home/AD.NORCERESEARCH.NO/mani/Documents/CSSR/closed_loop/include/schedule/drogon_hist.sch line 931
  339 Reading WCONHIST in /home/AD.NORCERESEARCH.NO/mani/Documents/CSSR/closed_loop/include/schedule/drogon_hist.sch line 936
  340 Reading DATES    in /home/AD.NORCERESEARCH.NO/mani/Documents/CSSR/closed_loop/include/schedule/drogon_hist.sch line 944
  341 Reading WCONHIST in /home/AD.NORCERESEARCH.NO/mani/Documents/CSSR/closed_loop/include/schedule/drogon_hist.sch line 948
  342 Reading DATES    in /home/AD.NORCERESEARCH.NO/mani/Documents/CSSR/closed_loop/include/schedule/drogon_hist.sch line 956
  343 Reading WCONHIST in /home/AD.NORCERESEARCH.NO/mani/Documents/CSSR/closed_loop/include/schedule/drogon_hist.sch line 960
  344 Reading DATES    in /home/AD.NORCERESEARCH.NO/mani/Documents/CSSR/closed_loop/include/schedule/drogon_hist.sch line 968
  345 Reading WCONHIST in /home/AD.NORCERESEARCH.NO/mani/Documents/CSSR/closed_loop/include/schedule/drogon_hist.sch line 972
  346 Reading DATES    in /home/AD.NORCERESEARCH.NO/mani/Documents/CSSR/closed_loop/include/schedule/drogon_hist.sch line 980
  347 Reading WCONHIST in /home/AD.NORCERESEARCH.NO/mani/Documents/CSSR/closed_loop/include/schedule/drogon_hist.sch line 984
  348 Reading DATES    in /home/AD.NORCERESEARCH.NO/mani/Documents/CSSR/closed_loop/include/schedule/drogon_hist.sch line 992
  349 Reading WCONHIST in /home/AD.NORCERESEARCH.NO/mani/Documents/CSSR/closed_loop/include/schedule/drogon_hist.sch line 996
  350 Reading DATES    in /home/AD.NORCERESEARCH.NO/mani/Documents/CSSR/closed_loop/include/schedule/drogon_hist.sch line 1004
  351 Reading WCONHIST in /home/AD.NORCERESEARCH.NO/mani/Documents/CSSR/closed_loop/include/schedule/drogon_hist.sch line 1008
  352 Reading DATES    in /home/AD.NORCERESEARCH.NO/mani/Documents/CSSR/closed_loop/include/schedule/drogon_hist.sch line 1016
  353 Reading WCONHIST in /home/AD.NORCERESEARCH.NO/mani/Documents/CSSR/closed_loop/include/schedule/drogon_hist.sch line 1020
  354 Reading DATES    in /home/AD.NORCERESEARCH.NO/mani/Documents/CSSR/closed_loop/include/schedule/drogon_hist.sch line 1028
  355 Reading WCONHIST in /home/AD.NORCERESEARCH.NO/mani/Documents/CSSR/closed_loop/include/schedule/drogon_hist.sch line 1032
  356 Reading DATES    in /home/AD.NORCERESEARCH.NO/mani/Documents/CSSR/closed_loop/include/schedule/drogon_hist.sch line 1040
  357 Reading WCONHIST in /home/AD.NORCERESEARCH.NO/mani/Documents/CSSR/closed_loop/include/schedule/drogon_hist.sch line 1044
  358 Reading WCONINJH in /home/AD.NORCERESEARCH.NO/mani/Documents/CSSR/closed_loop/include/schedule/drogon_hist.sch line 1052
  359 Reading DATES    in /home/AD.NORCERESEARCH.NO/mani/Documents/CSSR/closed_loop/include/schedule/drogon_hist.sch line 1058
  360 Reading DATES    in /home/AD.NORCERESEARCH.NO/mani/Documents/CSSR/closed_loop/include/schedule/drogon_hist.sch line 1062
  361 Reading WCONHIST in /home/AD.NORCERESEARCH.NO/mani/Documents/CSSR/closed_loop/include/schedule/drogon_hist.sch line 1066
  362 Reading WCONINJH in /home/AD.NORCERESEARCH.NO/mani/Documents/CSSR/closed_loop/include/schedule/drogon_hist.sch line 1074
  363 Reading DATES    in /home/AD.NORCERESEARCH.NO/mani/Documents/CSSR/closed_loop/include/schedule/drogon_hist.sch line 1080
  364 Reading WCONHIST in /home/AD.NORCERESEARCH.NO/mani/Documents/CSSR/closed_loop/include/schedule/drogon_hist.sch line 1084
  365 Reading DATES    in /home/AD.NORCERESEARCH.NO/mani/Documents/CSSR/closed_loop/include/schedule/drogon_hist.sch line 1092
  366 Reading WCONHIST in /home/AD.NORCERESEARCH.NO/mani/Documents/CSSR/closed_loop/include/schedule/drogon_hist.sch line 1096
  367 Reading DATES    in /home/AD.NORCERESEARCH.NO/mani/Documents/CSSR/closed_loop/include/schedule/drogon_hist.sch line 1104
  368 Reading WCONHIST in /home/AD.NORCERESEARCH.NO/mani/Documents/CSSR/closed_loop/include/schedule/drogon_hist.sch line 1108
  369 Reading DATES    in /home/AD.NORCERESEARCH.NO/mani/Documents/CSSR/closed_loop/include/schedule/drogon_hist.sch line 1116
  370 Reading WCONHIST in /home/AD.NORCERESEARCH.NO/mani/Documents/CSSR/closed_loop/include/schedule/drogon_hist.sch line 1120
  371 Reading DATES    in /home/AD.NORCERESEARCH.NO/mani/Documents/CSSR/closed_loop/include/schedule/drogon_hist.sch line 1134
  372 Reading WCONHIST in /home/AD.NORCERESEARCH.NO/mani/Documents/CSSR/closed_loop/include/schedule/drogon_hist.sch line 1138
  373 Reading DATES    in /home/AD.NORCERESEARCH.NO/mani/Documents/CSSR/closed_loop/include/schedule/drogon_hist.sch line 1152
  374 Reading WCONHIST in /home/AD.NORCERESEARCH.NO/mani/Documents/CSSR/closed_loop/include/schedule/drogon_hist.sch line 1156
  375 Reading DATES    in /home/AD.NORCERESEARCH.NO/mani/Documents/CSSR/closed_loop/include/schedule/drogon_hist.sch line 1164
  376 Reading WCONHIST in /home/AD.NORCERESEARCH.NO/mani/Documents/CSSR/closed_loop/include/schedule/drogon_hist.sch line 1168
  377 Reading DATES    in /home/AD.NORCERESEARCH.NO/mani/Documents/CSSR/closed_loop/include/schedule/drogon_hist.sch line 1176
  378 Reading WCONHIST in /home/AD.NORCERESEARCH.NO/mani/Documents/CSSR/closed_loop/include/schedule/drogon_hist.sch line 1180
  379 Reading DATES    in /home/AD.NORCERESEARCH.NO/mani/Documents/CSSR/closed_loop/include/schedule/drogon_hist.sch line 1188
  380 Reading WCONHIST in /home/AD.NORCERESEARCH.NO/mani/Documents/CSSR/closed_loop/include/schedule/drogon_hist.sch line 1192
  381 Reading DATES    in /home/AD.NORCERESEARCH.NO/mani/Documents/CSSR/closed_loop/include/schedule/drogon_hist.sch line 1200
  382 Reading WCONHIST in /home/AD.NORCERESEARCH.NO/mani/Documents/CSSR/closed_loop/include/schedule/drogon_hist.sch line 1204
  383 Reading DATES    in /home/AD.NORCERESEARCH.NO/mani/Documents/CSSR/closed_loop/include/schedule/drogon_hist.sch line 1212
  384 Reading WCONHIST in /home/AD.NORCERESEARCH.NO/mani/Documents/CSSR/closed_loop/include/schedule/drogon_hist.sch line 1216
  385 Reading DATES    in /home/AD.NORCERESEARCH.NO/mani/Documents/CSSR/closed_loop/include/schedule/drogon_hist.sch line 1224
  386 Reading WCONHIST in /home/AD.NORCERESEARCH.NO/mani/Documents/CSSR/closed_loop/include/schedule/drogon_hist.sch line 1228
  387 Reading DATES    in /home/AD.NORCERESEARCH.NO/mani/Documents/CSSR/closed_loop/include/schedule/drogon_hist.sch line 1236
  388 Reading WCONHIST in /home/AD.NORCERESEARCH.NO/mani/Documents/CSSR/closed_loop/include/schedule/drogon_hist.sch line 1240
  389 Reading DATES    in /home/AD.NORCERESEARCH.NO/mani/Documents/CSSR/closed_loop/include/schedule/drogon_hist.sch line 1248
  390 Reading WCONHIST in /home/AD.NORCERESEARCH.NO/mani/Documents/CSSR/closed_loop/include/schedule/drogon_hist.sch line 1252
  391 Reading WCONINJH in /home/AD.NORCERESEARCH.NO/mani/Documents/CSSR/closed_loop/include/schedule/drogon_hist.sch line 1260
  392 Reading DATES    in /home/AD.NORCERESEARCH.NO/mani/Documents/CSSR/closed_loop/include/schedule/drogon_hist.sch line 1266
  393 Reading WCONHIST in /home/AD.NORCERESEARCH.NO/mani/Documents/CSSR/closed_loop/include/schedule/drogon_hist.sch line 1270
  394 Reading WCONINJH in /home/AD.NORCERESEARCH.NO/mani/Documents/CSSR/closed_loop/include/schedule/drogon_hist.sch line 1278
  395 Reading DATES    in /home/AD.NORCERESEARCH.NO/mani/Documents/CSSR/closed_loop/include/schedule/drogon_hist.sch line 1284
  396 Reading WCONHIST in /home/AD.NORCERESEARCH.NO/mani/Documents/CSSR/closed_loop/include/schedule/drogon_hist.sch line 1288
  397 Reading DATES    in /home/AD.NORCERESEARCH.NO/mani/Documents/CSSR/closed_loop/include/schedule/drogon_hist.sch line 1296
  398 Reading WCONHIST in /home/AD.NORCERESEARCH.NO/mani/Documents/CSSR/closed_loop/include/schedule/drogon_hist.sch line 1300
  399 Reading DATES    in /home/AD.NORCERESEARCH.NO/mani/Documents/CSSR/closed_loop/include/schedule/drogon_hist.sch line 1308
  400 Reading WCONHIST in /home/AD.NORCERESEARCH.NO/mani/Documents/CSSR/closed_loop/include/schedule/drogon_hist.sch line 1312
  401 Reading DATES    in /home/AD.NORCERESEARCH.NO/mani/Documents/CSSR/closed_loop/include/schedule/drogon_hist.sch line 1320
  402 Reading WCONHIST in /home/AD.NORCERESEARCH.NO/mani/Documents/CSSR/closed_loop/include/schedule/drogon_hist.sch line 1324
  403 Reading DATES    in /home/AD.NORCERESEARCH.NO/mani/Documents/CSSR/closed_loop/include/schedule/drogon_hist.sch line 1332
  404 Reading WCONHIST in /home/AD.NORCERESEARCH.NO/mani/Documents/CSSR/closed_loop/include/schedule/drogon_hist.sch line 1336
  405 Reading DATES    in /home/AD.NORCERESEARCH.NO/mani/Documents/CSSR/closed_loop/include/schedule/drogon_hist.sch line 1344
  406 Reading WCONHIST in /home/AD.NORCERESEARCH.NO/mani/Documents/CSSR/closed_loop/include/schedule/drogon_hist.sch line 1348
  407 Reading DATES    in /home/AD.NORCERESEARCH.NO/mani/Documents/CSSR/closed_loop/include/schedule/drogon_hist.sch line 1356
  408 Reading WCONHIST in /home/AD.NORCERESEARCH.NO/mani/Documents/CSSR/closed_loop/include/schedule/drogon_hist.sch line 1360
  409 Reading DATES    in /home/AD.NORCERESEARCH.NO/mani/Documents/CSSR/closed_loop/include/schedule/drogon_hist.sch line 1368
  410 Reading WCONHIST in /home/AD.NORCERESEARCH.NO/mani/Documents/CSSR/closed_loop/include/schedule/drogon_hist.sch line 1372
  411 Reading DATES    in /home/AD.NORCERESEARCH.NO/mani/Documents/CSSR/closed_loop/include/schedule/drogon_hist.sch line 1380
  412 Reading WCONHIST in /home/AD.NORCERESEARCH.NO/mani/Documents/CSSR/closed_loop/include/schedule/drogon_hist.sch line 1384
  413 Reading DATES    in /home/AD.NORCERESEARCH.NO/mani/Documents/CSSR/closed_loop/include/schedule/drogon_hist.sch line 1392
  414 Reading WCONHIST in /home/AD.NORCERESEARCH.NO/mani/Documents/CSSR/closed_loop/include/schedule/drogon_hist.sch line 1396
  415 Reading DATES    in /home/AD.NORCERESEARCH.NO/mani/Documents/CSSR/closed_loop/include/schedule/drogon_hist.sch line 1404
  416 Reading WCONHIST in /home/AD.NORCERESEARCH.NO/mani/Documents/CSSR/closed_loop/include/schedule/drogon_hist.sch line 1408
  417 Reading DATES    in /home/AD.NORCERESEARCH.NO/mani/Documents/CSSR/closed_loop/include/schedule/drogon_hist.sch line 1416
  418 Reading WCONHIST in /home/AD.NORCERESEARCH.NO/mani/Documents/CSSR/closed_loop/include/schedule/drogon_hist.sch line 1420
  419 Reading DATES    in /home/AD.NORCERESEARCH.NO/mani/Documents/CSSR/closed_loop/include/schedule/drogon_hist.sch line 1428
  420 Reading WCONHIST in /home/AD.NORCERESEARCH.NO/mani/Documents/CSSR/closed_loop/include/schedule/drogon_hist.sch line 1432
  421 Reading DATES    in /home/AD.NORCERESEARCH.NO/mani/Documents/CSSR/closed_loop/include/schedule/drogon_hist.sch line 1440
  422 Reading WCONHIST in /home/AD.NORCERESEARCH.NO/mani/Documents/CSSR/closed_loop/include/schedule/drogon_hist.sch line 1444
  423 Reading DATES    in /home/AD.NORCERESEARCH.NO/mani/Documents/CSSR/closed_loop/include/schedule/drogon_hist.sch line 1452
  424 Reading WCONHIST in /home/AD.NORCERESEARCH.NO/mani/Documents/CSSR/closed_loop/include/schedule/drogon_hist.sch line 1456
  425 Reading WCONINJH in /home/AD.NORCERESEARCH.NO/mani/Documents/CSSR/closed_loop/include/schedule/drogon_hist.sch line 1464
  426 Reading DATES    in /home/AD.NORCERESEARCH.NO/mani/Documents/CSSR/closed_loop/include/schedule/drogon_hist.sch line 1470
  427 Reading DATES    in /home/AD.NORCERESEARCH.NO/mani/Documents/CSSR/closed_loop/include/schedule/drogon_hist.sch line 1474
  428 Reading WCONHIST in /home/AD.NORCERESEARCH.NO/mani/Documents/CSSR/closed_loop/include/schedule/drogon_hist.sch line 1478
  429 Reading WCONINJH in /home/AD.NORCERESEARCH.NO/mani/Documents/CSSR/closed_loop/include/schedule/drogon_hist.sch line 1486
  430 Reading DATES    in /home/AD.NORCERESEARCH.NO/mani/Documents/CSSR/closed_loop/include/schedule/drogon_hist.sch line 1492
  431 Reading WCONHIST in /home/AD.NORCERESEARCH.NO/mani/Documents/CSSR/closed_loop/include/schedule/drogon_hist.sch line 1496
  432 Reading DATES    in /home/AD.NORCERESEARCH.NO/mani/Documents/CSSR/closed_loop/include/schedule/drogon_hist.sch line 1504
  433 Reading WCONHIST in /home/AD.NORCERESEARCH.NO/mani/Documents/CSSR/closed_loop/include/schedule/drogon_hist.sch line 1508
  434 Reading DATES    in /home/AD.NORCERESEARCH.NO/mani/Documents/CSSR/closed_loop/include/schedule/drogon_hist.sch line 1516
  435 Reading WCONHIST in /home/AD.NORCERESEARCH.NO/mani/Documents/CSSR/closed_loop/include/schedule/drogon_hist.sch line 1520
  436 Reading DATES    in /home/AD.NORCERESEARCH.NO/mani/Documents/CSSR/closed_loop/include/schedule/drogon_hist.sch line 1528
  437 Reading WCONHIST in /home/AD.NORCERESEARCH.NO/mani/Documents/CSSR/closed_loop/include/schedule/drogon_hist.sch line 1532
  438 Reading DATES    in /home/AD.NORCERESEARCH.NO/mani/Documents/CSSR/closed_loop/include/schedule/drogon_hist.sch line 1546

Warning: Unsupported keywords or keyword items:

  NOINSPEC: keyword not supported
  In file: DROGON.DATA, line 95

  NORSSPEC: keyword not supported
  In file: DROGON.DATA, line 98

  MESSAGES: invalid value '1000000' for item 9
  In file: DROGON.DATA, line 104
  MESSAGES(STOPWARN): option is not supported

  MESSAGES: invalid value '7000' for item 10
  In file: DROGON.DATA, line 104
  MESSAGES(STOPPROB): option is not supported

  MESSAGES: invalid value '0' for item 11
  In file: DROGON.DATA, line 104
  MESSAGES(STOPERRS): option is not supported

  NOECHO: keyword not supported
  In file: DROGON.DATA, line 113

  EXTRAPMS: keyword not supported
  In file: DROGON.DATA, line 182

  RPTSOL: keyword not supported
  In file: DROGON.DATA, line 227

Creating corner-point grid from keywords COORD, ZCORN and others

Initializing tracers from TRACER in DROGON.DATA line 177
Non-default tracer unit [g] from TRACER in DROGON.DATA line 177
Loading tracer concentration from TVDPFWT1 in DROGON.DATA line 218
Non-default tracer unit [g] from TRACER in DROGON.DATA line 177
Reporting limit reached for Tracer tables - see PRT file for additional messages
Loading tracer concentration from TVDPFWT2 in DROGON.DATA line 223
3 fluid phases are active

Loading faults from FAULTS in /home/AD.NORCERESEARCH.NO/mani/Documents/CSSR/closed_loop/include/grid/drogon.faults line 17

Warning: Error in keyword RPTSOL, unrecognized mnemonic THPRES
In DROGON.DATA line 227.

Processing dynamic information from
DROGON.DATA line 270
Initializing report step 0/82 at 2018-01-01 0 DAYS line 270
Reading from: /home/AD.NORCERESEARCH.NO/mani/Documents/CSSR/closed_loop/include/schedule/drogon_hist.sch line 16
Processing keyword WELSPECS at line 16
Processing keyword COMPORD at line 25
Processing keyword GRUPTREE at line 33
Processing keyword COMPDAT at line 39

Warning: Problem with COMPDATX keyword
In /home/AD.NORCERESEARCH.NO/mani/Documents/CSSR/closed_loop/include/schedule/drogon_hist.sch line 39
The cell (22,30,12) in well R_A2 is not active and the connection will be ignored

Warning: Problem with COMPDATX keyword
In /home/AD.NORCERESEARCH.NO/mani/Documents/CSSR/closed_loop/include/schedule/drogon_hist.sch line 39
The cell (22,29,19) in well R_A2 is not active and the connection will be ignored

Warning: Problem with COMPDATX keyword
In /home/AD.NORCERESEARCH.NO/mani/Documents/CSSR/closed_loop/include/schedule/drogon_hist.sch line 39
The cell (17,42,18) in well R_A6 is not active and the connection will be ignored
Processing keyword WCONHIST at line 163
Processing keyword WRFTPLT at line 172
Processing keyword TUNING at line 181
Processing keyword RPTRST at line 189
Complete report step 1 (4 DAYS) at 2018-01-05 (0 DAYS)

Initializing report step 2/82 at 2018-01-05 (0 DAYS) line 192
Processing keyword WELSPECS at line 196
Processing keyword COMPORD at line 201
Processing keyword COMPDAT at line 205
Processing keyword WCONHIST at line 232
Processing keyword WELTARG at line 237
Complete report step 2 (27 DAYS) at 2018-02-01 (4 DAYS)

Initializing report step 3/82 at 2018-02-01 (4 DAYS) line 241
Processing keyword WCONHIST at line 245
Complete report step 3 (28 DAYS) at 2018-03-01 (31 DAYS)

Initializing report step 4/82 at 2018-03-01 (31 DAYS) line 250
Processing keyword WCONHIST at line 254
Processing keyword WRFTPLT at line 259
Complete report step 4 (9 DAYS) at 2018-03-10 (59 DAYS)

Initializing report step 5/82 at 2018-03-10 (59 DAYS) line 264
Processing keyword WELSPECS at line 268
Processing keyword COMPORD at line 273
Processing keyword COMPDAT at line 277
Processing keyword WCONHIST at line 291
Processing keyword WELTARG at line 297
Complete report step 5 (20 DAYS) at 2018-03-30 (68 DAYS)
Report limit reached, see PRT-file for remaining Schedule initialization.

Initializing report step 6/82 at 2018-03-30 (68 DAYS) line 301
Processing keyword WCONHIST at line 305
Complete report step 6 (2 DAYS) at 2018-04-01 (88 DAYS)

Initializing report step 7/82 at 2018-04-01 (88 DAYS) line 311
Processing keyword WCONHIST at line 315
Complete report step 7 (27 DAYS) at 2018-04-28 (90 DAYS)

Initializing report step 8/82 at 2018-04-28 (90 DAYS) line 321
Processing keyword WCONHIST at line 325
Processing keyword WRFTPLT at line 331
Complete report step 8 (3 DAYS) at 2018-05-01 (117 DAYS)

Initializing report step 9/82 at 2018-05-01 (117 DAYS) line 336
Processing keyword WCONHIST at line 340
Complete report step 9 (7 DAYS) at 2018-05-08 (120 DAYS)

Initializing report step 10/82 at 2018-05-08 (120 DAYS) line 346
Processing keyword WELSPECS at line 350
Processing keyword COMPORD at line 355
Processing keyword COMPDAT at line 359
Processing keyword WCONHIST at line 389
Processing keyword WCONINJH at line 395
Complete report step 10 (24 DAYS) at 2018-06-01 (127 DAYS)

Initializing report step 11/82 at 2018-06-01 (127 DAYS) line 400
Processing keyword WCONHIST at line 404
Complete report step 11 (1 DAYS) at 2018-06-02 (151 DAYS)

Initializing report step 12/82 at 2018-06-02 (151 DAYS) line 410
Processing keyword WCONHIST at line 414
Complete report step 12 (6 DAYS) at 2018-06-08 (152 DAYS)

Initializing report step 13/82 at 2018-06-08 (152 DAYS) line 420
Processing keyword WTRACER at line 425
Processing keyword WCONHIST at line 430
Complete report step 13 (1 DAYS) at 2018-06-09 (158 DAYS)

Initializing report step 14/82 at 2018-06-09 (158 DAYS) line 436
Processing keyword WTRACER at line 440
Processing keyword WCONHIST at line 445
Complete report step 14 (13 DAYS) at 2018-06-22 (159 DAYS)

Initializing report step 15/82 at 2018-06-22 (159 DAYS) line 451
Processing keyword WCONHIST at line 455
Complete report step 15 (8 DAYS) at 2018-06-30 (172 DAYS)

Initializing report step 16/82 at 2018-06-30 (172 DAYS) line 461
Processing keyword WCONHIST at line 465
Complete report step 16 (1 DAYS) at 2018-07-01 (180 DAYS)

Initializing report step 17/82 at 2018-07-01 (180 DAYS) line 477
Processing keyword WCONHIST at line 481
Complete report step 17 (2 DAYS) at 2018-07-03 (181 DAYS)

Initializing report step 18/82 at 2018-07-03 (181 DAYS) line 493
Processing keyword WCONHIST at line 497
Processing keyword WRFTPLT at line 503
Complete report step 18 (10 DAYS) at 2018-07-13 (183 DAYS)

Initializing report step 19/82 at 2018-07-13 (183 DAYS) line 508
Processing keyword WELSPECS at line 512
Processing keyword COMPORD at line 517
Processing keyword COMPDAT at line 521
Processing keyword WCONHIST at line 549
Processing keyword WELTARG at line 556
Complete report step 19 (19 DAYS) at 2018-08-01 (193 DAYS)

Initializing report step 20/82 at 2018-08-01 (193 DAYS) line 560
Processing keyword WCONHIST at line 564
Complete report step 20 (24 DAYS) at 2018-08-25 (212 DAYS)

Initializing report step 21/82 at 2018-08-25 (212 DAYS) line 571
Processing keyword WCONHIST at line 575
Complete report step 21 (7 DAYS) at 2018-09-01 (236 DAYS)

Initializing report step 22/82 at 2018-09-01 (236 DAYS) line 582
Processing keyword WCONHIST at line 586
Complete report step 22 (11 DAYS) at 2018-09-12 (243 DAYS)

Initializing report step 23/82 at 2018-09-12 (243 DAYS) line 593
Processing keyword WCONHIST at line 597
Processing keyword WRFTPLT at line 604
Complete report step 23 (2 DAYS) at 2018-09-14 (254 DAYS)

Initializing report step 24/82 at 2018-09-14 (254 DAYS) line 609
Processing keyword WCONHIST at line 613
Complete report step 24 (8 DAYS) at 2018-09-22 (256 DAYS)

Initializing report step 25/82 at 2018-09-22 (256 DAYS) line 620
Processing keyword WELSPECS at line 624
Processing keyword COMPORD at line 629
Processing keyword COMPDAT at line 633
Processing keyword WELSEGS at line 659
Processing keyword WSEGVALV at line 704
Processing keyword COMPSEGS at line 728
Processing keyword WCONHIST at line 753
Processing keyword WELTARG at line 761
Complete report step 25 (9 DAYS) at 2018-10-01 (264 DAYS)

Initializing report step 26/82 at 2018-10-01 (264 DAYS) line 765
Processing keyword WCONHIST at line 769
Complete report step 26 (4 DAYS) at 2018-10-05 (273 DAYS)

Initializing report step 27/82 at 2018-10-05 (273 DAYS) line 777
Processing keyword WCONHIST at line 781
Complete report step 27 (27 DAYS) at 2018-11-01 (277 DAYS)

Initializing report step 28/82 at 2018-11-01 (277 DAYS) line 789
Processing keyword WCONHIST at line 793
Complete report step 28 (6 DAYS) at 2018-11-07 (304 DAYS)

Initializing report step 29/82 at 2018-11-07 (304 DAYS) line 801
Processing keyword WCONHIST at line 805
Processing keyword WRFTPLT at line 813
Complete report step 29 (10 DAYS) at 2018-11-17 (310 DAYS)

Initializing report step 30/82 at 2018-11-17 (310 DAYS) line 818
Processing keyword WELSPECS at line 822
Processing keyword COMPORD at line 827
Processing keyword COMPDAT at line 831

Warning: Problem with COMPDATX keyword
In /home/AD.NORCERESEARCH.NO/mani/Documents/CSSR/closed_loop/include/schedule/drogon_hist.sch line 831
The cell (17,42,18) in well A6 is not active and the connection will be ignored
Processing keyword WCONHIST at line 860
Processing keyword WCONINJH at line 868
Complete report step 30 (14 DAYS) at 2018-12-01 (320 DAYS)

Initializing report step 31/82 at 2018-12-01 (320 DAYS) line 873
Processing keyword WCONHIST at line 877
Complete report step 31 (6 DAYS) at 2018-12-07 (334 DAYS)

Initializing report step 32/82 at 2018-12-07 (334 DAYS) line 885
Processing keyword WCONHIST at line 889
Complete report step 32 (8 DAYS) at 2018-12-15 (340 DAYS)

Initializing report step 33/82 at 2018-12-15 (340 DAYS) line 897
Processing keyword WCONHIST at line 901
Complete report step 33 (2 DAYS) at 2018-12-17 (348 DAYS)

Initializing report step 34/82 at 2018-12-17 (348 DAYS) line 909
Processing keyword WTRACER at line 914
Processing keyword WCONHIST at line 919
Complete report step 34 (1 DAYS) at 2018-12-18 (350 DAYS)

Initializing report step 35/82 at 2018-12-18 (350 DAYS) line 927
Processing keyword WTRACER at line 931
Processing keyword WCONHIST at line 936
Complete report step 35 (10 DAYS) at 2018-12-28 (351 DAYS)

Initializing report step 36/82 at 2018-12-28 (351 DAYS) line 944
Processing keyword WCONHIST at line 948
Complete report step 36 (4 DAYS) at 2019-01-01 (361 DAYS)

Initializing report step 37/82 at 2019-01-01 (361 DAYS) line 956
Processing keyword WCONHIST at line 960
Complete report step 37 (31 DAYS) at 2019-02-01 (365 DAYS)

Initializing report step 38/82 at 2019-02-01 (365 DAYS) line 968
Processing keyword WCONHIST at line 972
Complete report step 38 (8 DAYS) at 2019-02-09 (396 DAYS)

Initializing report step 39/82 at 2019-02-09 (396 DAYS) line 980
Processing keyword WCONHIST at line 984
Complete report step 39 (20 DAYS) at 2019-03-01 (404 DAYS)

Initializing report step 40/82 at 2019-03-01 (404 DAYS) line 992
Processing keyword WCONHIST at line 996
Complete report step 40 (8 DAYS) at 2019-03-09 (424 DAYS)

Initializing report step 41/82 at 2019-03-09 (424 DAYS) line 1004
Processing keyword WCONHIST at line 1008
Complete report step 41 (13 DAYS) at 2019-03-22 (432 DAYS)

Initializing report step 42/82 at 2019-03-22 (432 DAYS) line 1016
Processing keyword WCONHIST at line 1020
Complete report step 42 (10 DAYS) at 2019-04-01 (445 DAYS)

Initializing report step 43/82 at 2019-04-01 (445 DAYS) line 1028
Processing keyword WCONHIST at line 1032
Complete report step 43 (30 DAYS) at 2019-05-01 (455 DAYS)

Initializing report step 44/82 at 2019-05-01 (455 DAYS) line 1040
Processing keyword WCONHIST at line 1044
Processing keyword WCONINJH at line 1052
Complete report step 44 (3 DAYS) at 2019-05-04 (485 DAYS)

Initializing report step 45/82 at 2019-05-04 (485 DAYS) line 1058
Complete report step 45 (1 DAYS) at 2019-05-05 (488 DAYS)

Initializing report step 46/82 at 2019-05-05 (488 DAYS) line 1062
Processing keyword WCONHIST at line 1066
Processing keyword WCONINJH at line 1074
Complete report step 46 (19 DAYS) at 2019-05-24 (489 DAYS)

Initializing report step 47/82 at 2019-05-24 (489 DAYS) line 1080
Processing keyword WCONHIST at line 1084
Complete report step 47 (8 DAYS) at 2019-06-01 (508 DAYS)

Initializing report step 48/82 at 2019-06-01 (508 DAYS) line 1092
Processing keyword WCONHIST at line 1096
Complete report step 48 (13 DAYS) at 2019-06-14 (516 DAYS)

Initializing report step 49/82 at 2019-06-14 (516 DAYS) line 1104
Processing keyword WCONHIST at line 1108
Complete report step 49 (16 DAYS) at 2019-06-30 (529 DAYS)

Initializing report step 50/82 at 2019-06-30 (529 DAYS) line 1116
Processing keyword WCONHIST at line 1120
Complete report step 50 (1 DAYS) at 2019-07-01 (545 DAYS)

Initializing report step 51/82 at 2019-07-01 (545 DAYS) line 1134
Processing keyword WCONHIST at line 1138
Complete report step 51 (26 DAYS) at 2019-07-27 (546 DAYS)

Initializing report step 52/82 at 2019-07-27 (546 DAYS) line 1152
Processing keyword WCONHIST at line 1156
Complete report step 52 (5 DAYS) at 2019-08-01 (572 DAYS)

Initializing report step 53/82 at 2019-08-01 (572 DAYS) line 1164
Processing keyword WCONHIST at line 1168
Complete report step 53 (15 DAYS) at 2019-08-16 (577 DAYS)

Initializing report step 54/82 at 2019-08-16 (577 DAYS) line 1176
Processing keyword WCONHIST at line 1180
Complete report step 54 (8 DAYS) at 2019-08-24 (592 DAYS)

Initializing report step 55/82 at 2019-08-24 (592 DAYS) line 1188
Processing keyword WCONHIST at line 1192
Complete report step 55 (8 DAYS) at 2019-09-01 (600 DAYS)

Initializing report step 56/82 at 2019-09-01 (600 DAYS) line 1200
Processing keyword WCONHIST at line 1204
Complete report step 56 (5 DAYS) at 2019-09-06 (608 DAYS)

Initializing report step 57/82 at 2019-09-06 (608 DAYS) line 1212
Processing keyword WCONHIST at line 1216
Complete report step 57 (25 DAYS) at 2019-10-01 (613 DAYS)

Initializing report step 58/82 at 2019-10-01 (613 DAYS) line 1224
Processing keyword WCONHIST at line 1228
Complete report step 58 (18 DAYS) at 2019-10-19 (638 DAYS)

Initializing report step 59/82 at 2019-10-19 (638 DAYS) line 1236
Processing keyword WCONHIST at line 1240
Complete report step 59 (13 DAYS) at 2019-11-01 (656 DAYS)

Initializing report step 60/82 at 2019-11-01 (656 DAYS) line 1248
Processing keyword WCONHIST at line 1252
Processing keyword WCONINJH at line 1260
Complete report step 60 (1 DAYS) at 2019-11-02 (669 DAYS)

Initializing report step 61/82 at 2019-11-02 (669 DAYS) line 1266
Processing keyword WCONHIST at line 1270
Processing keyword WCONINJH at line 1278
Complete report step 61 (6 DAYS) at 2019-11-08 (670 DAYS)

Initializing report step 62/82 at 2019-11-08 (670 DAYS) line 1284
Processing keyword WCONHIST at line 1288
Complete report step 62 (8 DAYS) at 2019-11-16 (676 DAYS)

Initializing report step 63/82 at 2019-11-16 (676 DAYS) line 1296
Processing keyword WCONHIST at line 1300
Complete report step 63 (13 DAYS) at 2019-11-29 (684 DAYS)

Initializing report step 64/82 at 2019-11-29 (684 DAYS) line 1308
Processing keyword WCONHIST at line 1312
Complete report step 64 (2 DAYS) at 2019-12-01 (697 DAYS)

Initializing report step 65/82 at 2019-12-01 (697 DAYS) line 1320
Processing keyword WCONHIST at line 1324
Complete report step 65 (31 DAYS) at 2020-01-01 (699 DAYS)

Initializing report step 66/82 at 2020-01-01 (699 DAYS) line 1332
Processing keyword WCONHIST at line 1336
Complete report step 66 (10 DAYS) at 2020-01-11 (730 DAYS)

Initializing report step 67/82 at 2020-01-11 (730 DAYS) line 1344
Processing keyword WCONHIST at line 1348
Complete report step 67 (20 DAYS) at 2020-01-31 (740 DAYS)

Initializing report step 68/82 at 2020-01-31 (740 DAYS) line 1356
Processing keyword WCONHIST at line 1360
Complete report step 68 (1 DAYS) at 2020-02-01 (760 DAYS)

Initializing report step 69/82 at 2020-02-01 (760 DAYS) line 1368
Processing keyword WCONHIST at line 1372
Complete report step 69 (7 DAYS) at 2020-02-08 (761 DAYS)

Initializing report step 70/82 at 2020-02-08 (761 DAYS) line 1380
Processing keyword WCONHIST at line 1384
Complete report step 70 (13 DAYS) at 2020-02-21 (768 DAYS)

Initializing report step 71/82 at 2020-02-21 (768 DAYS) line 1392
Processing keyword WCONHIST at line 1396
Complete report step 71 (9 DAYS) at 2020-03-01 (781 DAYS)

Initializing report step 72/82 at 2020-03-01 (781 DAYS) line 1404
Processing keyword WCONHIST at line 1408
Complete report step 72 (31 DAYS) at 2020-04-01 (790 DAYS)

Initializing report step 73/82 at 2020-04-01 (790 DAYS) line 1416
Processing keyword WCONHIST at line 1420
Complete report step 73 (3 DAYS) at 2020-04-04 (821 DAYS)

Initializing report step 74/82 at 2020-04-04 (821 DAYS) line 1428
Processing keyword WCONHIST at line 1432
Complete report step 74 (20 DAYS) at 2020-04-24 (824 DAYS)

Initializing report step 75/82 at 2020-04-24 (824 DAYS) line 1440
Processing keyword WCONHIST at line 1444
Complete report step 75 (7 DAYS) at 2020-05-01 (844 DAYS)

Initializing report step 76/82 at 2020-05-01 (844 DAYS) line 1452
Processing keyword WCONHIST at line 1456
Processing keyword WCONINJH at line 1464
Complete report step 76 (1 DAYS) at 2020-05-02 (851 DAYS)

Initializing report step 77/82 at 2020-05-02 (851 DAYS) line 1470
Complete report step 77 (3 DAYS) at 2020-05-05 (852 DAYS)

Initializing report step 78/82 at 2020-05-05 (852 DAYS) line 1474
Processing keyword WCONHIST at line 1478
Processing keyword WCONINJH at line 1486
Complete report step 78 (10 DAYS) at 2020-05-15 (855 DAYS)

Initializing report step 79/82 at 2020-05-15 (855 DAYS) line 1492
Processing keyword WCONHIST at line 1496
Complete report step 79 (17 DAYS) at 2020-06-01 (865 DAYS)

Initializing report step 80/82 at 2020-06-01 (865 DAYS) line 1504
Processing keyword WCONHIST at line 1508
Complete report step 80 (26 DAYS) at 2020-06-27 (882 DAYS)

Initializing report step 81/82 at 2020-06-27 (882 DAYS) line 1516
Processing keyword WCONHIST at line 1520
Complete report step 81 (3 DAYS) at 2020-06-30 (908 DAYS)

Initializing report step 82/82 at 2020-06-30 (908 DAYS) line 1528
Processing keyword WCONHIST at line 1532
Complete report step 82 (1 DAYS) at 2020-07-01 (911 DAYS)


Warning: Request for missing group GMWIN in GMWPR
In /home/AD.NORCERESEARCH.NO/mani/Documents/CSSR/closed_loop/include/summary/drogon.summary line 110

Processing grid
2229 pinch-out connections generated
Total number of active cells: 71575 / total pore volume: 528076537 RM3
Removed 23 cells with a pore volume of 0 RM3 (0.000 %) due to MINPV/MINPVV

Property tree for linear solvers:
{
    "maxiter": "20",
    "tol": "0.0050000000000000001",
    "verbosity": "0",
    "solver": "bicgstab",
    "preconditioner": {
        "type": "cprw",
        "use_well_weights": "false",
        "add_wells": "true",
        "weight_type": "trueimpes",
        "pre_smooth": "0",
        "post_smooth": "1",
        "finesmoother": {
            "type": "ParOverILU0",
            "relaxation": "1"
        },
        "verbosity": "0",
        "coarsesolver": {
            "maxiter": "1",
            "tol": "0.10000000000000001",
            "solver": "loopsolver",
            "verbosity": "0",
            "preconditioner": {
                "type": "amg",
                "alpha": "0.33333333333300003",
                "relaxation": "1",
                "iterations": "1",
                "coarsenTarget": "1200",
                "pre_smooth": "1",
                "post_smooth": "1",
                "beta": "0",
                "smoother": "ILU0",
                "verbosity": "0",
                "maxlevel": "15",
                "skip_isolated": "0",
                "accumulate": "1",
                "prolongationdamping": "1",
                "maxdistance": "2",
                "maxconnectivity": "15",
                "maxaggsize": "6",
                "minaggsize": "4"
            }
        }
    }
}


===============Saturation Functions Diagnostics===============

System: Black-oil system.
Relative permeability input format: Saturation Family I.
Number of saturation regions: 12


Warning: Unhandled summary keyword FGSR
In /home/AD.NORCERESEARCH.NO/mani/Documents/CSSR/closed_loop/include/summary/drogon.summary line 25

Warning: Unhandled summary keyword FWGR
In /home/AD.NORCERESEARCH.NO/mani/Documents/CSSR/closed_loop/include/summary/drogon.summary line 80

Warning: Unhandled summary keyword ROE
In /home/AD.NORCERESEARCH.NO/mani/Documents/CSSR/closed_loop/include/summary/drogon.summary line 88

Warning: Unhandled summary keyword GWGR
In /home/AD.NORCERESEARCH.NO/mani/Documents/CSSR/closed_loop/include/summary/drogon.summary line 147

Warning: Unhandled summary keyword WOGLR
In /home/AD.NORCERESEARCH.NO/mani/Documents/CSSR/closed_loop/include/summary/drogon.summary line 276

Warning: Problem with EDITNNC keyword
In /home/AD.NORCERESEARCH.NO/mani/Documents/CSSR/closed_loop/include/edit/drogon.trans line 381 
No NNC defined for connection (27,36,1) -> (27,37,16)

Warning: Problem with EDITNNC keyword
In /home/AD.NORCERESEARCH.NO/mani/Documents/CSSR/closed_loop/include/edit/drogon.trans line 381 
No NNC defined for connection (27,36,1) -> (27,37,19)

Warning: Problem with EDITNNC keyword
In /home/AD.NORCERESEARCH.NO/mani/Documents/CSSR/closed_loop/include/edit/drogon.trans line 381 
No NNC defined for connection (26,37,1) -> (27,37,16)

Warning: Problem with EDITNNC keyword
In /home/AD.NORCERESEARCH.NO/mani/Documents/CSSR/closed_loop/include/edit/drogon.trans line 381 
No NNC defined for connection (26,38,1) -> (27,38,19)

Warning: Problem with EDITNNC keyword
In /home/AD.NORCERESEARCH.NO/mani/Documents/CSSR/closed_loop/include/edit/drogon.trans line 381 
No NNC defined for connection (27,27,2) -> (28,27,19)

Warning: Problem with EDITNNC keyword
In /home/AD.NORCERESEARCH.NO/mani/Documents/CSSR/closed_loop/include/edit/drogon.trans line 381 
No NNC defined for connection (27,36,2) -> (27,37,16)

Warning: Problem with EDITNNC keyword
In /home/AD.NORCERESEARCH.NO/mani/Documents/CSSR/closed_loop/include/edit/drogon.trans line 381 
No NNC defined for connection (27,36,2) -> (27,37,19)

Warning: Problem with EDITNNC keyword
In /home/AD.NORCERESEARCH.NO/mani/Documents/CSSR/closed_loop/include/edit/drogon.trans line 381 
No NNC defined for connection (26,37,2) -> (27,37,16)

Warning: Problem with EDITNNC keyword
In /home/AD.NORCERESEARCH.NO/mani/Documents/CSSR/closed_loop/include/edit/drogon.trans line 381 
No NNC defined for connection (26,37,2) -> (27,37,19)

Warning: Problem with EDITNNC keyword
In /home/AD.NORCERESEARCH.NO/mani/Documents/CSSR/closed_loop/include/edit/drogon.trans line 381 
No NNC defined for connection (26,38,2) -> (27,38,19)

Warning: Problem with EDITNNC keyword
In /home/AD.NORCERESEARCH.NO/mani/Documents/CSSR/closed_loop/include/edit/drogon.trans line 381 
No NNC defined for connection (27,36,3) -> (27,37,19)

Warning: Problem with EDITNNC keyword
In /home/AD.NORCERESEARCH.NO/mani/Documents/CSSR/closed_loop/include/edit/drogon.trans line 381 
No NNC defined for connection (26,37,3) -> (27,37,19)

Warning: Problem with EDITNNC keyword
In /home/AD.NORCERESEARCH.NO/mani/Documents/CSSR/closed_loop/include/edit/drogon.trans line 381 
No NNC defined for connection (27,36,4) -> (27,37,19)

Warning: Problem with EDITNNC keyword
In /home/AD.NORCERESEARCH.NO/mani/Documents/CSSR/closed_loop/include/edit/drogon.trans line 381 
No NNC defined for connection (26,37,4) -> (27,37,19)

Warning: Problem with EDITNNC keyword
In /home/AD.NORCERESEARCH.NO/mani/Documents/CSSR/closed_loop/include/edit/drogon.trans line 381 
No NNC defined for connection (27,36,5) -> (27,37,19)

Warning: Problem with EDITNNC keyword
In /home/AD.NORCERESEARCH.NO/mani/Documents/CSSR/closed_loop/include/edit/drogon.trans line 381 
No NNC defined for connection (26,37,5) -> (27,37,19)

Warning: Problem with EDITNNC keyword
In /home/AD.NORCERESEARCH.NO/mani/Documents/CSSR/closed_loop/include/edit/drogon.trans line 381 
No NNC defined for connection (36,68,6) -> (37,68,11)

Warning: Problem with EDITNNC keyword
In /home/AD.NORCERESEARCH.NO/mani/Documents/CSSR/closed_loop/include/edit/drogon.trans line 381 
No NNC defined for connection (36,68,7) -> (37,68,11)

Warning: Problem with EDITNNC keyword
In /home/AD.NORCERESEARCH.NO/mani/Documents/CSSR/closed_loop/include/edit/drogon.trans line 381 
No NNC defined for connection (36,68,8) -> (37,68,11)

Warning: Problem with EDITNNC keyword
In /home/AD.NORCERESEARCH.NO/mani/Documents/CSSR/closed_loop/include/edit/drogon.trans line 381 
No NNC defined for connection (36,68,9) -> (37,68,11)

Warning: Problem with EDITNNC keyword
In /home/AD.NORCERESEARCH.NO/mani/Documents/CSSR/closed_loop/include/edit/drogon.trans line 381 
No NNC defined for connection (33,16,10) -> (33,17,19)

Warning: Problem with EDITNNC keyword
In /home/AD.NORCERESEARCH.NO/mani/Documents/CSSR/closed_loop/include/edit/drogon.trans line 381 
No NNC defined for connection (23,46,10) -> (24,46,17)

Warning: Problem with EDITNNC keyword
In /home/AD.NORCERESEARCH.NO/mani/Documents/CSSR/closed_loop/include/edit/drogon.trans line 381 
No NNC defined for connection (24,47,10) -> (24,46,17)

Warning: Problem with EDITNNC keyword
In /home/AD.NORCERESEARCH.NO/mani/Documents/CSSR/closed_loop/include/edit/drogon.trans line 381 
No NNC defined for connection (36,68,10) -> (37,68,11)

Warning: Problem with EDITNNC keyword
In /home/AD.NORCERESEARCH.NO/mani/Documents/CSSR/closed_loop/include/edit/drogon.trans line 381 
No NNC defined for connection (33,16,11) -> (33,17,19)

Warning: Problem with EDITNNC keyword
In /home/AD.NORCERESEARCH.NO/mani/Documents/CSSR/closed_loop/include/edit/drogon.trans line 381 
No NNC defined for connection (23,46,11) -> (24,46,17)

Warning: Problem with EDITNNC keyword
In /home/AD.NORCERESEARCH.NO/mani/Documents/CSSR/closed_loop/include/edit/drogon.trans line 381 
No NNC defined for connection (24,47,11) -> (24,46,17)

Warning: Problem with EDITNNC keyword
In /home/AD.NORCERESEARCH.NO/mani/Documents/CSSR/closed_loop/include/edit/drogon.trans line 381 
No NNC defined for connection (33,16,12) -> (33,17,19)

Warning: Problem with EDITNNC keyword
In /home/AD.NORCERESEARCH.NO/mani/Documents/CSSR/closed_loop/include/edit/drogon.trans line 381 
No NNC defined for connection (23,46,12) -> (24,46,17)

Warning: Problem with EDITNNC keyword
In /home/AD.NORCERESEARCH.NO/mani/Documents/CSSR/closed_loop/include/edit/drogon.trans line 381 
No NNC defined for connection (24,47,12) -> (24,46,17)

Warning: Problem with EDITNNC keyword
In /home/AD.NORCERESEARCH.NO/mani/Documents/CSSR/closed_loop/include/edit/drogon.trans line 381 
No NNC defined for connection (33,16,13) -> (33,17,19)

Warning: Problem with EDITNNC keyword
In /home/AD.NORCERESEARCH.NO/mani/Documents/CSSR/closed_loop/include/edit/drogon.trans line 381 
No NNC defined for connection (32,17,13) -> (33,17,19)

Warning: Problem with EDITNNC keyword
In /home/AD.NORCERESEARCH.NO/mani/Documents/CSSR/closed_loop/include/edit/drogon.trans line 381 
No NNC defined for connection (23,46,13) -> (24,46,17)

Warning: Problem with EDITNNC keyword
In /home/AD.NORCERESEARCH.NO/mani/Documents/CSSR/closed_loop/include/edit/drogon.trans line 381 
No NNC defined for connection (24,47,13) -> (24,46,17)

Warning: Problem with EDITNNC keyword
In /home/AD.NORCERESEARCH.NO/mani/Documents/CSSR/closed_loop/include/edit/drogon.trans line 381 
No NNC defined for connection (22,44,14) -> (23,44,17)

Warning: Problem with EDITNNC keyword
In /home/AD.NORCERESEARCH.NO/mani/Documents/CSSR/closed_loop/include/edit/drogon.trans line 381 
No NNC defined for connection (23,46,14) -> (24,46,17)

Warning: Problem with EDITNNC keyword
In /home/AD.NORCERESEARCH.NO/mani/Documents/CSSR/closed_loop/include/edit/drogon.trans line 381 
No NNC defined for connection (22,44,15) -> (23,44,17)

Warning: Problem with EDITNNC keyword
In /home/AD.NORCERESEARCH.NO/mani/Documents/CSSR/closed_loop/include/edit/drogon.trans line 381 
No NNC defined for connection (22,44,16) -> (23,44,17)

Warning: Problem with EDITNNC keyword
In /home/AD.NORCERESEARCH.NO/mani/Documents/CSSR/closed_loop/include/edit/drogon.trans line 381 
No NNC defined for connection (27,44,16) -> (28,44,31)

Warning: Problem with EDITNNC keyword
In /home/AD.NORCERESEARCH.NO/mani/Documents/CSSR/closed_loop/include/edit/drogon.trans line 381 
No NNC defined for connection (16,32,17) -> (15,32,19)

Warning: Problem with EDITNNC keyword
In /home/AD.NORCERESEARCH.NO/mani/Documents/CSSR/closed_loop/include/edit/drogon.trans line 381 
No NNC defined for connection (22,44,17) -> (22,43,18)

Warning: Problem with EDITNNC keyword
In /home/AD.NORCERESEARCH.NO/mani/Documents/CSSR/closed_loop/include/edit/drogon.trans line 381 
No NNC defined for connection (23,46,17) -> (23,45,28)

Warning: Problem with EDITNNC keyword
In /home/AD.NORCERESEARCH.NO/mani/Documents/CSSR/closed_loop/include/edit/drogon.trans line 381 
No NNC defined for connection (23,46,17) -> (24,46,28)

Warning: Problem with EDITNNC keyword
In /home/AD.NORCERESEARCH.NO/mani/Documents/CSSR/closed_loop/include/edit/drogon.trans line 381 
No NNC defined for connection (23,46,17) -> (23,45,29)

Warning: Problem with EDITNNC keyword
In /home/AD.NORCERESEARCH.NO/mani/Documents/CSSR/closed_loop/include/edit/drogon.trans line 381 
No NNC defined for connection (23,46,17) -> (24,46,29)

Warning: Problem with EDITNNC keyword
In /home/AD.NORCERESEARCH.NO/mani/Documents/CSSR/closed_loop/include/edit/drogon.trans line 381 
No NNC defined for connection (23,46,17) -> (23,45,30)

Warning: Problem with EDITNNC keyword
In /home/AD.NORCERESEARCH.NO/mani/Documents/CSSR/closed_loop/include/edit/drogon.trans line 381 
No NNC defined for connection (23,46,17) -> (24,46,30)

Warning: Problem with EDITNNC keyword
In /home/AD.NORCERESEARCH.NO/mani/Documents/CSSR/closed_loop/include/edit/drogon.trans line 381 
No NNC defined for connection (23,46,17) -> (23,45,31)

Warning: Problem with EDITNNC keyword
In /home/AD.NORCERESEARCH.NO/mani/Documents/CSSR/closed_loop/include/edit/drogon.trans line 381 
No NNC defined for connection (24,47,17) -> (24,46,28)

Warning: Problem with EDITNNC keyword
In /home/AD.NORCERESEARCH.NO/mani/Documents/CSSR/closed_loop/include/edit/drogon.trans line 381 
No NNC defined for connection (24,47,17) -> (24,46,29)

Warning: Problem with EDITNNC keyword
In /home/AD.NORCERESEARCH.NO/mani/Documents/CSSR/closed_loop/include/edit/drogon.trans line 381 
No NNC defined for connection (24,47,17) -> (24,46,30)

Warning: Problem with EDITNNC keyword
In /home/AD.NORCERESEARCH.NO/mani/Documents/CSSR/closed_loop/include/edit/drogon.trans line 381 
No NNC defined for connection (16,32,18) -> (15,32,19)

Warning: Problem with EDITNNC keyword
In /home/AD.NORCERESEARCH.NO/mani/Documents/CSSR/closed_loop/include/edit/drogon.trans line 381 
No NNC defined for connection (15,33,18) -> (15,32,19)

Warning: Problem with EDITNNC keyword
In /home/AD.NORCERESEARCH.NO/mani/Documents/CSSR/closed_loop/include/edit/drogon.trans line 381 
No NNC defined for connection (22,44,18) -> (22,43,27)

Warning: Problem with EDITNNC keyword
In /home/AD.NORCERESEARCH.NO/mani/Documents/CSSR/closed_loop/include/edit/drogon.trans line 381 
No NNC defined for connection (17,31,19) -> (16,31,30)

Warning: Problem with EDITNNC keyword
In /home/AD.NORCERESEARCH.NO/mani/Documents/CSSR/closed_loop/include/edit/drogon.trans line 381 
No NNC defined for connection (17,31,19) -> (16,31,31)

Warning: Problem with EDITNNC keyword
In /home/AD.NORCERESEARCH.NO/mani/Documents/CSSR/closed_loop/include/edit/drogon.trans line 381 
No NNC defined for connection (16,32,19) -> (16,31,28)

Warning: Problem with EDITNNC keyword
In /home/AD.NORCERESEARCH.NO/mani/Documents/CSSR/closed_loop/include/edit/drogon.trans line 381 
No NNC defined for connection (16,32,19) -> (16,31,29)

Warning: Problem with EDITNNC keyword
In /home/AD.NORCERESEARCH.NO/mani/Documents/CSSR/closed_loop/include/edit/drogon.trans line 381 
No NNC defined for connection (16,32,19) -> (16,31,30)

Warning: Problems with EDITNNC keyword
A total of 59 connections not defined in grid

LIST OF ALL NON-ZERO THRESHOLD PRESSURES
----------------------------------------

    FLOW FROM REGION             TO REGION                     THRESHOLD PRESSURE
    ----------------             ---------                     ------------------
         1                            2                          0.1369048       BARSA
         1                            3                        1.21519e-09       BARSA
         1                            4                           1.108852       BARSA
         1                            5                                  0       BARSA
         1                            6                                  0       BARSA
         1                            7                                  0       BARSA
         2                            3                        1.870058e-09       BARSA
         2                            4                                  0       BARSA
         2                            5                        2.182908e-09       BARSA
         2                            6                        4.000813e-09       BARSA
         2                            7                                  0       BARSA
         3                            4                          0.4848469       BARSA
         3                            5                                  0       BARSA
         3                            6                        9.422749e-10       BARSA
         3                            7                        7.363968e-09       BARSA
         4                            5                                  0       BARSA
         4                            6                                  0       BARSA
         4                            7                                  0       BARSA
         5                            6                        2.531745e-09       BARSA
         5                            7                                  0       BARSA
         6                            7                          0.4702933       BARSA
    ----------------             ---------                     ------------------


                              **************************************************************************
  BALANCE  AT         0  DAYS *Drogon synthetic reservoir model                                          *
  REPORT    0    01 Jan 2018  *                                             Flow  version     2025.04  *
                              **************************************************************************


                                                    ==================================================
                                                    :                  FIELD TOTALS                  :
                                                    :        PAV  =           301  BARSA             :
                                                    :        PORV =     528076537  RM3               :
                                                    : Pressure is weighted by hydrocarbon pore volume:
                                                    : Pore volumes are taken at reference conditions :
                          :--------------- OIL  SM3 ------------------:-- WAT    SM3 --:--------------  GAS     SM3 ---------------:
                          :    LIQUID         VAPOUR        TOTAL     :     TOTAL      :     FREE        DISSOLVED       TOTAL     :
:-------------------------:-------------------------------------------:----------------:-------------------------------------------:
:CURRENTLY IN PLACE       :   45441854        214415       45656269   :   442472255    :  1393839901     6468691045    7862530946  :
:-------------------------:-------------------------------------------:----------------:-------------------------------------------:
:ORIGINALLY IN PLACE      :   45441854        214415       45656269   :   442472255    :  1393839901     6468691045    7862530946  :
====================================================================================================================================



                                                    ==================================================
                                                    :              FIPNUM REPORT REGION  1           :
                                                    :        PAV  =           300  BARSA             :
                                                    :        PORV =      89398595  RM3               :
                          :--------------- OIL  SM3 ------------------:-- WAT    SM3 --:--------------  GAS     SM3 ---------------:
                          :    LIQUID         VAPOUR        TOTAL     :     TOTAL      :     FREE        DISSOLVED       TOTAL     :
:-------------------------:-------------------------------------------:----------------:-------------------------------------------:
:CURRENTLY IN PLACE       :    558464           0           558464    :    85809119    :       0          78642966      78642966   :
:-------------------------:-------------------------------------------:----------------:-------------------------------------------:
:ORIGINALLY IN PLACE      :    558464           0           558464    :    85809119    :       0          78642966      78642966   :
:-------------------------:-------------------------------------------:----------------:-------------------------------------------:
====================================================================================================================================



                                                    ==================================================
                                                    :              FIPNUM REPORT REGION  2           :
                                                    :        PAV  =           302  BARSA             :
                                                    :        PORV =      20833838  RM3               :
                          :--------------- OIL  SM3 ------------------:-- WAT    SM3 --:--------------  GAS     SM3 ---------------:
                          :    LIQUID         VAPOUR        TOTAL     :     TOTAL      :     FREE        DISSOLVED       TOTAL     :
:-------------------------:-------------------------------------------:----------------:-------------------------------------------:
:CURRENTLY IN PLACE       :    6590366          0          6590366    :    11036889    :       0         928055307     928055307   :
:-------------------------:-------------------------------------------:----------------:-------------------------------------------:
:ORIGINALLY IN PLACE      :    6590366          0          6590366    :    11036889    :       0         928055307     928055307   :
:-------------------------:-------------------------------------------:----------------:-------------------------------------------:
====================================================================================================================================



                                                    ==================================================
                                                    :              FIPNUM REPORT REGION  3           :
                                                    :        PAV  =           302  BARSA             :
                                                    :        PORV =      17461032  RM3               :
                          :--------------- OIL  SM3 ------------------:-- WAT    SM3 --:--------------  GAS     SM3 ---------------:
                          :    LIQUID         VAPOUR        TOTAL     :     TOTAL      :     FREE        DISSOLVED       TOTAL     :
:-------------------------:-------------------------------------------:----------------:-------------------------------------------:
:CURRENTLY IN PLACE       :    3440402          0          3440402    :    12140180    :       0         484477415     484477415   :
:-------------------------:-------------------------------------------:----------------:-------------------------------------------:
:ORIGINALLY IN PLACE      :    3440402          0          3440402    :    12140180    :       0         484477415     484477415   :
:-------------------------:-------------------------------------------:----------------:-------------------------------------------:
====================================================================================================================================



                                                    ==================================================
                                                    :              FIPNUM REPORT REGION  4           :
                                                    :        PAV  =           300  BARSA             :
                                                    :        PORV =       6335411  RM3               :
                          :--------------- OIL  SM3 ------------------:-- WAT    SM3 --:--------------  GAS     SM3 ---------------:
                          :    LIQUID         VAPOUR        TOTAL     :     TOTAL      :     FREE        DISSOLVED       TOTAL     :
:-------------------------:-------------------------------------------:----------------:-------------------------------------------:
:CURRENTLY IN PLACE       :    307250         109035        416285    :    2692067     :   710696794      60199568     770896362   :
:-------------------------:-------------------------------------------:----------------:-------------------------------------------:
:ORIGINALLY IN PLACE      :    307250         109035        416285    :    2692067     :   710696794      60199568     770896362   :
:-------------------------:-------------------------------------------:----------------:-------------------------------------------:
====================================================================================================================================



                                                    ==================================================
                                                    :              FIPNUM REPORT REGION  5           :
                                                    :        PAV  =           300  BARSA             :
                                                    :        PORV =       2149246  RM3               :
                          :--------------- OIL  SM3 ------------------:-- WAT    SM3 --:--------------  GAS     SM3 ---------------:
                          :    LIQUID         VAPOUR        TOTAL     :     TOTAL      :     FREE        DISSOLVED       TOTAL     :
:-------------------------:-------------------------------------------:----------------:-------------------------------------------:
:CURRENTLY IN PLACE       :    1417125          0          1417125    :     115021     :       0         199559528     199559528   :
:-------------------------:-------------------------------------------:----------------:-------------------------------------------:
:ORIGINALLY IN PLACE      :    1417125          0          1417125    :     115021     :       0         199559528     199559528   :
:-------------------------:-------------------------------------------:----------------:-------------------------------------------:
====================================================================================================================================



                                                    ==================================================
                                                    :              FIPNUM REPORT REGION  6           :
                                                    :        PAV  =           299  BARSA             :
                                                    :        PORV =      18358607  RM3               :
                          :--------------- OIL  SM3 ------------------:-- WAT    SM3 --:--------------  GAS     SM3 ---------------:
                          :    LIQUID         VAPOUR        TOTAL     :     TOTAL      :     FREE        DISSOLVED       TOTAL     :
:-------------------------:-------------------------------------------:----------------:-------------------------------------------:
:CURRENTLY IN PLACE       :    9578050          0          9578050    :    4485461     :       0         1348780973    1348780973  :
:-------------------------:-------------------------------------------:----------------:-------------------------------------------:
:ORIGINALLY IN PLACE      :    9578050          0          9578050    :    4485461     :       0         1348780973    1348780973  :
:-------------------------:-------------------------------------------:----------------:-------------------------------------------:
====================================================================================================================================



                                                    ==================================================
                                                    :              FIPNUM REPORT REGION  7           :
                                                    :        PAV  =           301  BARSA             :
                                                    :        PORV =      36717959  RM3               :
                          :--------------- OIL  SM3 ------------------:-- WAT    SM3 --:--------------  GAS     SM3 ---------------:
                          :    LIQUID         VAPOUR        TOTAL     :     TOTAL      :     FREE        DISSOLVED       TOTAL     :
:-------------------------:-------------------------------------------:----------------:-------------------------------------------:
:CURRENTLY IN PLACE       :     17002           0           17002     :    35565764    :       0          2394262       2394262    :
:-------------------------:-------------------------------------------:----------------:-------------------------------------------:
:ORIGINALLY IN PLACE      :     17002           0           17002     :    35565764    :       0          2394262       2394262    :
:-------------------------:-------------------------------------------:----------------:-------------------------------------------:
====================================================================================================================================



                                                    ==================================================
                                                    :              FIPNUM REPORT REGION  8           :
                                                    :        PAV  =           301  BARSA             :
                                                    :        PORV =      96316904  RM3               :
                          :--------------- OIL  SM3 ------------------:-- WAT    SM3 --:--------------  GAS     SM3 ---------------:
                          :    LIQUID         VAPOUR        TOTAL     :     TOTAL      :     FREE        DISSOLVED       TOTAL     :
:-------------------------:-------------------------------------------:----------------:-------------------------------------------:
:CURRENTLY IN PLACE       :    236390           0           236390    :    92962218    :       0          33288503      33288503   :
:-------------------------:-------------------------------------------:----------------:-------------------------------------------:
:ORIGINALLY IN PLACE      :    236390           0           236390    :    92962218    :       0          33288503      33288503   :
:-------------------------:-------------------------------------------:----------------:-------------------------------------------:
====================================================================================================================================



                                                    ==================================================
                                                    :              FIPNUM REPORT REGION  9           :
                                                    :        PAV  =           302  BARSA             :
                                                    :        PORV =       7061286  RM3               :
                          :--------------- OIL  SM3 ------------------:-- WAT    SM3 --:--------------  GAS     SM3 ---------------:
                          :    LIQUID         VAPOUR        TOTAL     :     TOTAL      :     FREE        DISSOLVED       TOTAL     :
:-------------------------:-------------------------------------------:----------------:-------------------------------------------:
:CURRENTLY IN PLACE       :    1097715          0          1097715    :    5315380     :       0         154580180     154580180   :
:-------------------------:-------------------------------------------:----------------:-------------------------------------------:
:ORIGINALLY IN PLACE      :    1097715          0          1097715    :    5315380     :       0         154580180     154580180   :
:-------------------------:-------------------------------------------:----------------:-------------------------------------------:
====================================================================================================================================



                                                    ==================================================
                                                    :              FIPNUM REPORT REGION 10           :
                                                    :        PAV  =           302  BARSA             :
                                                    :        PORV =      13228912  RM3               :
                          :--------------- OIL  SM3 ------------------:-- WAT    SM3 --:--------------  GAS     SM3 ---------------:
                          :    LIQUID         VAPOUR        TOTAL     :     TOTAL      :     FREE        DISSOLVED       TOTAL     :
:-------------------------:-------------------------------------------:----------------:-------------------------------------------:
:CURRENTLY IN PLACE       :    1708317          0          1708317    :    10445581    :       0         240565240     240565240   :
:-------------------------:-------------------------------------------:----------------:-------------------------------------------:
:ORIGINALLY IN PLACE      :    1708317          0          1708317    :    10445581    :       0         240565240     240565240   :
:-------------------------:-------------------------------------------:----------------:-------------------------------------------:
====================================================================================================================================



                                                    ==================================================
                                                    :              FIPNUM REPORT REGION 11           :
                                                    :        PAV  =           300  BARSA             :
                                                    :        PORV =       5532476  RM3               :
                          :--------------- OIL  SM3 ------------------:-- WAT    SM3 --:--------------  GAS     SM3 ---------------:
                          :    LIQUID         VAPOUR        TOTAL     :     TOTAL      :     FREE        DISSOLVED       TOTAL     :
:-------------------------:-------------------------------------------:----------------:-------------------------------------------:
:CURRENTLY IN PLACE       :    422634         86599         509233    :    2355173     :   561717436      82806592     644524028   :
:-------------------------:-------------------------------------------:----------------:-------------------------------------------:
:ORIGINALLY IN PLACE      :    422634         86599         509233    :    2355173     :   561717436      82806592     644524028   :
:-------------------------:-------------------------------------------:----------------:-------------------------------------------:
====================================================================================================================================



                                                    ==================================================
                                                    :              FIPNUM REPORT REGION 12           :
                                                    :        PAV  =           301  BARSA             :
                                                    :        PORV =       1408903  RM3               :
                          :--------------- OIL  SM3 ------------------:-- WAT    SM3 --:--------------  GAS     SM3 ---------------:
                          :    LIQUID         VAPOUR        TOTAL     :     TOTAL      :     FREE        DISSOLVED       TOTAL     :
:-------------------------:-------------------------------------------:----------------:-------------------------------------------:
:CURRENTLY IN PLACE       :    920821           0           920821    :     87035      :       0         129669946     129669946   :
:-------------------------:-------------------------------------------:----------------:-------------------------------------------:
:ORIGINALLY IN PLACE      :    920821           0           920821    :     87035      :       0         129669946     129669946   :
:-------------------------:-------------------------------------------:----------------:-------------------------------------------:
====================================================================================================================================



                                                    ==================================================
                                                    :              FIPNUM REPORT REGION 13           :
                                                    :        PAV  =           300  BARSA             :
                                                    :        PORV =      10540102  RM3               :
                          :--------------- OIL  SM3 ------------------:-- WAT    SM3 --:--------------  GAS     SM3 ---------------:
                          :    LIQUID         VAPOUR        TOTAL     :     TOTAL      :     FREE        DISSOLVED       TOTAL     :
:-------------------------:-------------------------------------------:----------------:-------------------------------------------:
:CURRENTLY IN PLACE       :    4490420          0          4490420    :    3976145     :       0         632341001     632341001   :
:-------------------------:-------------------------------------------:----------------:-------------------------------------------:
:ORIGINALLY IN PLACE      :    4490420          0          4490420    :    3976145     :       0         632341001     632341001   :
:-------------------------:-------------------------------------------:----------------:-------------------------------------------:
====================================================================================================================================



                                                    ==================================================
                                                    :              FIPNUM REPORT REGION 14           :
                                                    :        PAV  =           320  BARSA             :
                                                    :        PORV =      16283164  RM3               :
                          :--------------- OIL  SM3 ------------------:-- WAT    SM3 --:--------------  GAS     SM3 ---------------:
                          :    LIQUID         VAPOUR        TOTAL     :     TOTAL      :     FREE        DISSOLVED       TOTAL     :
:-------------------------:-------------------------------------------:----------------:-------------------------------------------:
:CURRENTLY IN PLACE       :       0             0             0       :    15790238    :       0             0             0       :
:-------------------------:-------------------------------------------:----------------:-------------------------------------------:
:ORIGINALLY IN PLACE      :       0             0             0       :    15790238    :       0             0             0       :
:-------------------------:-------------------------------------------:----------------:-------------------------------------------:
====================================================================================================================================



                                                    ==================================================
                                                    :              FIPNUM REPORT REGION 15           :
                                                    :        PAV  =           301  BARSA             :
                                                    :        PORV =      82504116  RM3               :
                          :--------------- OIL  SM3 ------------------:-- WAT    SM3 --:--------------  GAS     SM3 ---------------:
                          :    LIQUID         VAPOUR        TOTAL     :     TOTAL      :     FREE        DISSOLVED       TOTAL     :
:-------------------------:-------------------------------------------:----------------:-------------------------------------------:
:CURRENTLY IN PLACE       :     26584           0           26584     :    79897982    :       0          3743570       3743570    :
:-------------------------:-------------------------------------------:----------------:-------------------------------------------:
:ORIGINALLY IN PLACE      :     26584           0           26584     :    79897982    :       0          3743570       3743570    :
:-------------------------:-------------------------------------------:----------------:-------------------------------------------:
====================================================================================================================================



                                                    ==================================================
                                                    :              FIPNUM REPORT REGION 16           :
                                                    :        PAV  =           302  BARSA             :
                                                    :        PORV =      39028364  RM3               :
                          :--------------- OIL  SM3 ------------------:-- WAT    SM3 --:--------------  GAS     SM3 ---------------:
                          :    LIQUID         VAPOUR        TOTAL     :     TOTAL      :     FREE        DISSOLVED       TOTAL     :
:-------------------------:-------------------------------------------:----------------:-------------------------------------------:
:CURRENTLY IN PLACE       :    2915156          0          2915156    :    33760244    :       0         410512211     410512211   :
:-------------------------:-------------------------------------------:----------------:-------------------------------------------:
:ORIGINALLY IN PLACE      :    2915156          0          2915156    :    33760244    :       0         410512211     410512211   :
:-------------------------:-------------------------------------------:----------------:-------------------------------------------:
====================================================================================================================================



                                                    ==================================================
                                                    :              FIPNUM REPORT REGION 17           :
                                                    :        PAV  =           303  BARSA             :
                                                    :        PORV =       6280750  RM3               :
                          :--------------- OIL  SM3 ------------------:-- WAT    SM3 --:--------------  GAS     SM3 ---------------:
                          :    LIQUID         VAPOUR        TOTAL     :     TOTAL      :     FREE        DISSOLVED       TOTAL     :
:-------------------------:-------------------------------------------:----------------:-------------------------------------------:
:CURRENTLY IN PLACE       :    343598           0           343598    :    5607663     :       0          48385538      48385538   :
:-------------------------:-------------------------------------------:----------------:-------------------------------------------:
:ORIGINALLY IN PLACE      :    343598           0           343598    :    5607663     :       0          48385538      48385538   :
:-------------------------:-------------------------------------------:----------------:-------------------------------------------:
====================================================================================================================================



                                                    ==================================================
                                                    :              FIPNUM REPORT REGION 18           :
                                                    :        PAV  =           300  BARSA             :
                                                    :        PORV =       2803718  RM3               :
                          :--------------- OIL  SM3 ------------------:-- WAT    SM3 --:--------------  GAS     SM3 ---------------:
                          :    LIQUID         VAPOUR        TOTAL     :     TOTAL      :     FREE        DISSOLVED       TOTAL     :
:-------------------------:-------------------------------------------:----------------:-------------------------------------------:
:CURRENTLY IN PLACE       :    532484         18781         551265    :    1371492     :   121425671     104329598     225755269   :
:-------------------------:-------------------------------------------:----------------:-------------------------------------------:
:ORIGINALLY IN PLACE      :    532484         18781         551265    :    1371492     :   121425671     104329598     225755269   :
:-------------------------:-------------------------------------------:----------------:-------------------------------------------:
====================================================================================================================================



                                                    ==================================================
                                                    :              FIPNUM REPORT REGION 19           :
                                                    :        PAV  =           302  BARSA             :
                                                    :        PORV =       2438808  RM3               :
                          :--------------- OIL  SM3 ------------------:-- WAT    SM3 --:--------------  GAS     SM3 ---------------:
                          :    LIQUID         VAPOUR        TOTAL     :     TOTAL      :     FREE        DISSOLVED       TOTAL     :
:-------------------------:-------------------------------------------:----------------:-------------------------------------------:
:CURRENTLY IN PLACE       :    1323884          0          1323884    :     525814     :       0         186429353     186429353   :
:-------------------------:-------------------------------------------:----------------:-------------------------------------------:
:ORIGINALLY IN PLACE      :    1323884          0          1323884    :     525814     :       0         186429353     186429353   :
:-------------------------:-------------------------------------------:----------------:-------------------------------------------:
====================================================================================================================================



                                                    ==================================================
                                                    :              FIPNUM REPORT REGION 20           :
                                                    :        PAV  =           300  BARSA             :
                                                    :        PORV =      20079363  RM3               :
                          :--------------- OIL  SM3 ------------------:-- WAT    SM3 --:--------------  GAS     SM3 ---------------:
                          :    LIQUID         VAPOUR        TOTAL     :     TOTAL      :     FREE        DISSOLVED       TOTAL     :
:-------------------------:-------------------------------------------:----------------:-------------------------------------------:
:CURRENTLY IN PLACE       :    9515192          0          9515192    :    6244657     :       0         1339929294    1339929294  :
:-------------------------:-------------------------------------------:----------------:-------------------------------------------:
:ORIGINALLY IN PLACE      :    9515192          0          9515192    :    6244657     :       0         1339929294    1339929294  :
:-------------------------:-------------------------------------------:----------------:-------------------------------------------:
====================================================================================================================================



                                                    ==================================================
                                                    :              FIPNUM REPORT REGION 21           :
                                                    :        PAV  =           314  BARSA             :
                                                    :        PORV =      33314983  RM3               :
                          :--------------- OIL  SM3 ------------------:-- WAT    SM3 --:--------------  GAS     SM3 ---------------:
                          :    LIQUID         VAPOUR        TOTAL     :     TOTAL      :     FREE        DISSOLVED       TOTAL     :
:-------------------------:-------------------------------------------:----------------:-------------------------------------------:
:CURRENTLY IN PLACE       :       0             0             0       :    32288131    :       0             0             0       :
:-------------------------:-------------------------------------------:----------------:-------------------------------------------:
:ORIGINALLY IN PLACE      :       0             0             0       :    32288131    :       0             0             0       :
:-------------------------:-------------------------------------------:----------------:-------------------------------------------:
====================================================================================================================================



                                                    ===================================
                                                    :  RESERVOIR VOLUMES      RM3     :
:---------:---------------:---------------:---------------:---------------:---------------:
: REGION  :  TOTAL PORE   :  PORE VOLUME  :  PORE VOLUME  :  PORE VOLUME  :  PORE VOLUME  :
:         :    VOLUME     :  CONTAINING   :  CONTAINING   :  CONTAINING   :  CONTAINING   :
:         :               :      OIL      :     WATER     :      GAS      : HYDRO-CARBON  :
:---------:---------------:---------------:---------------:---------------:---------------:
:FIELD    :      528915501:       65412280:      457506634:        5996586:       71408867:
:1        :       89534486:         800977:       88733510:              0:         800977:
:2        :       20862107:        9448629:       11413478:              0:        9448629:
:3        :       17486425:        4932762:       12553663:              0:        4932762:
:4        :        6343276:         500314:        2784036:        3058927:        3559240:
:5        :        2151639:        2032656:         118983:              0:        2032656:
:6        :       18379653:       13740714:        4638940:              0:       13740714:
:7        :       36790125:          24378:       36765747:              0:          24378:
:8        :       96466882:         338994:       96127888:              0:         338994:
:9        :        7070734:        1573540:        5497193:              0:        1573540:
:10       :       13249607:        2448949:       10800658:              0:        2448949:
:11       :        5539493:         688189:        2435572:        2415732:        3103921:
:12       :        1410538:        1320509:          90029:              0:        1320509:
:13       :       10553071:        6441103:        4111968:              0:        6441103:
:14       :       16319658:              0:       16319658:              0:              0:
:15       :       82646554:          38118:       82608436:              0:          38118:
:16       :       39088345:        4178756:       34909589:              0:        4178756:
:17       :        6290819:         492513:        5798307:              0:         492513:
:18       :        2807340:         867083:        1418330:         521927:        1389010:
:19       :        2441829:        1897998:         543832:              0:        1897998:
:20       :       20104132:       13646099:        6458032:              0:       13646099:
:21       :       33378787:              0:       33378787:              0:              0:
===========================================================================================


================ Starting main simulation loop ===============


Report step  0/82 at day 0/912, date = 01-Jan-2018

Warning: Keyword 'FIPRESV' is unhandled for output to restart file.
Using Newton nonlinear solver.

Starting time step 0, stepsize 1 days, at day 0/4, date = 01-Jan-2018
Restart file written for report step  0/82, date = 01-Jan-2018 00:00:00
 Newton its= 2, linearizations= 3 (0.2sec), linear its=  2 (0.4sec)

Starting time step 1, stepsize 3 days, at day 1/4, date = 02-Jan-2018
 Newton its= 2, linearizations= 3 (0.2sec), linear its=  6 (0.4sec)


Report step  1/82 at day 4/912, date = 05-Jan-2018

Starting time step 0, stepsize 9 days, at day 4/31, date = 05-Jan-2018
 Newton its= 4, linearizations= 5 (0.2sec), linear its=  5 (0.5sec)

Starting time step 1, stepsize 2.27232 days, at day 13/31, date = 14-Jan-2018
 Newton its= 2, linearizations= 3 (0.1sec), linear its=  3 (0.3sec)

Starting time step 2, stepsize 6.81697 days, at day 15.2723/31, date = 16-Jan-2018
 Newton its= 3, linearizations= 4 (0.3sec), linear its=  6 (0.7sec)

Starting time step 3, stepsize 8.9107 days, at day 22.0893/31, date = 23-Jan-2018
 Newton its= 3, linearizations= 4 (0.3sec), linear its=  8 (0.8sec)


Report step  2/82 at day 31/912, date = 01-Feb-2018

Starting time step 0, stepsize 28 days, at day 31/59, date = 01-Feb-2018
Restart file written for report step  2/82, date = 01-Feb-2018 00:00:00
 Newton its= 4, linearizations= 5 (0.3sec), linear its=  9 (0.9sec)


Report step  3/82 at day 59/912, date = 01-Mar-2018
Restart file written for report step  3/82, date = 01-Mar-2018 00:00:00

Starting time step 0, stepsize 9 days, at day 59/68, date = 01-Mar-2018
 Newton its= 3, linearizations= 4 (0.3sec), linear its=  8 (0.7sec)


Report step  4/82 at day 68/912, date = 10-Mar-2018

Starting time step 0, stepsize 20 days, at day 68/88, date = 10-Mar-2018
 Newton its= 9, linearizations=10 (0.7sec), linear its=  7 (1.7sec)


Report step  5/82 at day 88/912, date = 30-Mar-2018

Starting time step 0, stepsize 2 days, at day 88/90, date = 30-Mar-2018
 Newton its= 2, linearizations= 3 (0.2sec), linear its=  2 (0.3sec)


Report step  6/82 at day 90/912, date = 01-Apr-2018

Starting time step 0, stepsize 6 days, at day 90/117, date = 01-Apr-2018
Restart file written for report step  6/82, date = 01-Apr-2018 00:00:00
 Newton its= 2, linearizations= 3 (0.2sec), linear its=  3 (0.3sec)

Starting time step 1, stepsize 10.5 days, at day 96/117, date = 07-Apr-2018
 Newton its= 5, linearizations= 6 (0.5sec), linear its=  7 (1.0sec)

Starting time step 2, stepsize 10.5 days, at day 106.5/117, date = 17-Apr-2018
 Newton its= 3, linearizations= 4 (0.3sec), linear its=  4 (0.5sec)


Report step  7/82 at day 117/912, date = 28-Apr-2018

Starting time step 0, stepsize 3 days, at day 117/120, date = 28-Apr-2018
 Newton its= 2, linearizations= 3 (0.2sec), linear its=  3 (0.3sec)


Report step  8/82 at day 120/912, date = 01-May-2018

Starting time step 0, stepsize 7 days, at day 120/127, date = 01-May-2018
Restart file written for report step  8/82, date = 01-May-2018 00:00:00
 Newton its= 2, linearizations= 3 (0.2sec), linear its=  3 (0.3sec)


Report step  9/82 at day 127/912, date = 08-May-2018

Starting time step 0, stepsize 12 days, at day 127/151, date = 08-May-2018
 Newton its= 3, linearizations= 4 (0.3sec), linear its=  7 (0.8sec)

Starting time step 1, stepsize 12 days, at day 139/151, date = 20-May-2018
 Newton its= 2, linearizations= 3 (0.2sec), linear its=  4 (0.4sec)


Report step 10/82 at day 151/912, date = 01-Jun-2018

Starting time step 0, stepsize 1 days, at day 151/152, date = 01-Jun-2018
Restart file written for report step 10/82, date = 01-Jun-2018 00:00:00
 Newton its= 2, linearizations= 3 (0.2sec), linear its=  2 (0.3sec)


Report step 11/82 at day 152/912, date = 02-Jun-2018

Starting time step 0, stepsize 3 days, at day 152/158, date = 02-Jun-2018
 Newton its= 2, linearizations= 3 (0.2sec), linear its=  4 (0.4sec)

Starting time step 1, stepsize 3 days, at day 155/158, date = 05-Jun-2018
 Newton its= 2, linearizations= 3 (0.2sec), linear its=  4 (0.4sec)


Report step 12/82 at day 158/912, date = 08-Jun-2018

Starting time step 0, stepsize 1 days, at day 158/159, date = 08-Jun-2018
 Newton its= 2, linearizations= 3 (0.2sec), linear its=  3 (0.5sec)


Report step 13/82 at day 159/912, date = 09-Jun-2018

Starting time step 0, stepsize 3 days, at day 159/172, date = 09-Jun-2018
 Newton its= 2, linearizations= 3 (0.2sec), linear its=  4 (0.3sec)

Starting time step 1, stepsize 5 days, at day 162/172, date = 12-Jun-2018
 Newton its= 2, linearizations= 3 (0.2sec), linear its=  4 (0.3sec)

Starting time step 2, stepsize 5 days, at day 167/172, date = 17-Jun-2018
 Newton its= 2, linearizations= 3 (0.2sec), linear its=  2 (0.3sec)


Report step 14/82 at day 172/912, date = 22-Jun-2018

Starting time step 0, stepsize 8 days, at day 172/180, date = 22-Jun-2018
 Newton its= 2, linearizations= 3 (0.2sec), linear its=  4 (0.3sec)


Report step 15/82 at day 180/912, date = 30-Jun-2018

Starting time step 0, stepsize 1 days, at day 180/181, date = 30-Jun-2018
 Newton its= 2, linearizations= 3 (0.2sec), linear its=  3 (0.3sec)


Report step 16/82 at day 181/912, date = 01-Jul-2018

Starting time step 0, stepsize 2 days, at day 181/183, date = 01-Jul-2018
Restart file written for report step 16/82, date = 01-Jul-2018 00:00:00
 Newton its= 2, linearizations= 3 (0.2sec), linear its=  3 (0.4sec)


Report step 17/82 at day 183/912, date = 03-Jul-2018

Starting time step 0, stepsize 6 days, at day 183/193, date = 03-Jul-2018
 Newton its= 2, linearizations= 3 (0.3sec), linear its=  4 (0.6sec)

Starting time step 1, stepsize 4 days, at day 189/193, date = 09-Jul-2018
 Newton its= 2, linearizations= 3 (0.2sec), linear its=  5 (0.5sec)


Report step 18/82 at day 193/912, date = 13-Jul-2018

Starting time step 0, stepsize 12 days, at day 193/212, date = 13-Jul-2018
 Newton its= 4, linearizations= 5 (0.3sec), linear its=  3 (0.6sec)

Starting time step 1, stepsize 7 days, at day 205/212, date = 25-Jul-2018
 Newton its= 3, linearizations= 4 (0.3sec), linear its=  8 (0.9sec)


Report step 19/82 at day 212/912, date = 01-Aug-2018
Restart file written for report step 19/82, date = 01-Aug-2018 00:00:00

Starting time step 0, stepsize 12 days, at day 212/236, date = 01-Aug-2018
 Newton its= 3, linearizations= 4 (0.3sec), linear its=  7 (0.7sec)

Starting time step 1, stepsize 12 days, at day 224/236, date = 13-Aug-2018
 Newton its= 2, linearizations= 3 (0.2sec), linear its=  4 (0.4sec)


Report step 20/82 at day 236/912, date = 25-Aug-2018

Starting time step 0, stepsize 7 days, at day 236/243, date = 25-Aug-2018
 Newton its= 2, linearizations= 3 (0.2sec), linear its=  2 (0.6sec)


Report step 21/82 at day 243/912, date = 01-Sep-2018

Starting time step 0, stepsize 11 days, at day 243/254, date = 01-Sep-2018
Restart file written for report step 21/82, date = 01-Sep-2018 00:00:00
 Newton its= 2, linearizations= 3 (0.2sec), linear its=  3 (0.4sec)


Report step 22/82 at day 254/912, date = 12-Sep-2018

Starting time step 0, stepsize 2 days, at day 254/256, date = 12-Sep-2018
 Newton its= 2, linearizations= 3 (0.2sec), linear its=  3 (0.3sec)


Report step 23/82 at day 256/912, date = 14-Sep-2018

Starting time step 0, stepsize 4 days, at day 256/264, date = 14-Sep-2018
 Newton its= 2, linearizations= 3 (0.2sec), linear its=  3 (0.3sec)

Starting time step 1, stepsize 4 days, at day 260/264, date = 18-Sep-2018
 Newton its= 2, linearizations= 3 (0.2sec), linear its=  2 (0.5sec)


Report step 24/82 at day 264/912, date = 22-Sep-2018

Starting time step 0, stepsize 9 days, at day 264/273, date = 22-Sep-2018
 Newton its= 3, linearizations= 4 (0.3sec), linear its=  8 (0.7sec)


Report step 25/82 at day 273/912, date = 01-Oct-2018

Starting time step 0, stepsize 4 days, at day 273/277, date = 01-Oct-2018
Restart file written for report step 25/82, date = 01-Oct-2018 00:00:00
 Newton its= 3, linearizations= 4 (0.3sec), linear its=  8 (0.8sec)


Report step 26/82 at day 277/912, date = 05-Oct-2018

Starting time step 0, stepsize 12 days, at day 277/304, date = 05-Oct-2018
 Newton its= 3, linearizations= 4 (0.3sec), linear its= 15 (1.3sec)

Starting time step 1, stepsize 15 days, at day 289/304, date = 17-Oct-2018
 Newton its= 7, linearizations= 8 (0.5sec), linear its= 12 (1.3sec)


Report step 27/82 at day 304/912, date = 01-Nov-2018

Starting time step 0, stepsize 6 days, at day 304/310, date = 01-Nov-2018
Restart file written for report step 27/82, date = 01-Nov-2018 00:00:00
 Newton its= 3, linearizations= 4 (0.3sec), linear its=  7 (0.7sec)


Report step 28/82 at day 310/912, date = 07-Nov-2018

Starting time step 0, stepsize 10 days, at day 310/320, date = 07-Nov-2018
 Newton its= 3, linearizations= 4 (0.3sec), linear its=  8 (0.9sec)


Report step 29/82 at day 320/912, date = 17-Nov-2018

Starting time step 0, stepsize 14 days, at day 320/334, date = 17-Nov-2018
 Newton its= 4, linearizations= 5 (0.3sec), linear its=  7 (0.9sec)


Report step 30/82 at day 334/912, date = 01-Dec-2018

Starting time step 0, stepsize 6 days, at day 334/340, date = 01-Dec-2018
Restart file written for report step 30/82, date = 01-Dec-2018 00:00:00
 Newton its= 2, linearizations= 3 (0.2sec), linear its=  4 (0.4sec)


Report step 31/82 at day 340/912, date = 07-Dec-2018

Starting time step 0, stepsize 8 days, at day 340/348, date = 07-Dec-2018
 Newton its= 2, linearizations= 3 (0.2sec), linear its=  5 (0.4sec)


Report step 32/82 at day 348/912, date = 15-Dec-2018

Starting time step 0, stepsize 2 days, at day 348/350, date = 15-Dec-2018
 Newton its= 2, linearizations= 3 (0.2sec), linear its=  5 (0.4sec)


Report step 33/82 at day 350/912, date = 17-Dec-2018

Starting time step 0, stepsize 1 days, at day 350/351, date = 17-Dec-2018
 Newton its= 2, linearizations= 3 (0.2sec), linear its=  3 (0.3sec)


Report step 34/82 at day 351/912, date = 18-Dec-2018

Starting time step 0, stepsize 3 days, at day 351/361, date = 18-Dec-2018
 Newton its= 2, linearizations= 3 (0.2sec), linear its=  2 (0.3sec)

Starting time step 1, stepsize 7 days, at day 354/361, date = 21-Dec-2018
 Newton its= 2, linearizations= 3 (0.2sec), linear its=  3 (0.3sec)


Report step 35/82 at day 361/912, date = 28-Dec-2018

Starting time step 0, stepsize 4 days, at day 361/365, date = 28-Dec-2018
 Newton its= 2, linearizations= 3 (0.2sec), linear its=  3 (0.2sec)


Report step 36/82 at day 365/912, date = 01-Jan-2019

Starting time step 0, stepsize 12 days, at day 365/396, date = 01-Jan-2019
Restart file written for report step 36/82, date = 01-Jan-2019 00:00:00
 Newton its= 4, linearizations= 5 (0.4sec), linear its=  5 (0.7sec)

Starting time step 1, stepsize 19 days, at day 377/396, date = 13-Jan-2019
 Newton its= 3, linearizations= 4 (0.3sec), linear its=  9 (0.8sec)


Report step 37/82 at day 396/912, date = 01-Feb-2019

Starting time step 0, stepsize 8 days, at day 396/404, date = 01-Feb-2019
Restart file written for report step 37/82, date = 01-Feb-2019 00:00:00
 Newton its= 2, linearizations= 3 (0.2sec), linear its=  4 (0.3sec)


Report step 38/82 at day 404/912, date = 09-Feb-2019

Starting time step 0, stepsize 20 days, at day 404/424, date = 09-Feb-2019
 Newton its= 3, linearizations= 4 (0.3sec), linear its=  6 (0.7sec)


Report step 39/82 at day 424/912, date = 01-Mar-2019

Starting time step 0, stepsize 8 days, at day 424/432, date = 01-Mar-2019
Restart file written for report step 39/82, date = 01-Mar-2019 00:00:00
 Newton its= 2, linearizations= 3 (0.2sec), linear its=  3 (0.3sec)


Report step 40/82 at day 432/912, date = 09-Mar-2019

Starting time step 0, stepsize 13 days, at day 432/445, date = 09-Mar-2019
 Newton its= 3, linearizations= 4 (0.3sec), linear its=  3 (0.4sec)


Report step 41/82 at day 445/912, date = 22-Mar-2019

Starting time step 0, stepsize 10 days, at day 445/455, date = 22-Mar-2019
 Newton its= 2, linearizations= 3 (0.2sec), linear its=  2 (0.3sec)


Report step 42/82 at day 455/912, date = 01-Apr-2019

Starting time step 0, stepsize 30 days, at day 455/485, date = 01-Apr-2019
Restart file written for report step 42/82, date = 01-Apr-2019 00:00:00
 Newton its= 8, linearizations= 9 (0.6sec), linear its=  9 (1.2sec)


Report step 43/82 at day 485/912, date = 01-May-2019

Starting time step 0, stepsize 3 days, at day 485/488, date = 01-May-2019
Restart file written for report step 43/82, date = 01-May-2019 00:00:00
 Newton its= 2, linearizations= 3 (0.2sec), linear its=  4 (0.3sec)


Report step 44/82 at day 488/912, date = 04-May-2019

Starting time step 0, stepsize 1 days, at day 488/489, date = 04-May-2019
 Newton its= 2, linearizations= 3 (0.2sec), linear its=  3 (0.3sec)


Report step 45/82 at day 489/912, date = 05-May-2019

Starting time step 0, stepsize 3 days, at day 489/508, date = 05-May-2019
 Newton its= 2, linearizations= 3 (0.2sec), linear its=  4 (0.3sec)

Starting time step 1, stepsize 9 days, at day 492/508, date = 08-May-2019
 Newton its= 3, linearizations= 4 (0.3sec), linear its=  5 (0.5sec)

Starting time step 2, stepsize 7 days, at day 501/508, date = 17-May-2019
 Newton its= 2, linearizations= 3 (0.2sec), linear its=  4 (0.3sec)


Report step 46/82 at day 508/912, date = 24-May-2019

Starting time step 0, stepsize 8 days, at day 508/516, date = 24-May-2019
 Newton its= 2, linearizations= 3 (0.2sec), linear its=  5 (0.3sec)


Report step 47/82 at day 516/912, date = 01-Jun-2019

Starting time step 0, stepsize 13 days, at day 516/529, date = 01-Jun-2019
Restart file written for report step 47/82, date = 01-Jun-2019 00:00:00
 Newton its= 2, linearizations= 3 (0.2sec), linear its=  5 (0.5sec)


Report step 48/82 at day 529/912, date = 14-Jun-2019

Starting time step 0, stepsize 16 days, at day 529/545, date = 14-Jun-2019
 Newton its= 2, linearizations= 3 (0.3sec), linear its=  5 (0.7sec)


Report step 49/82 at day 545/912, date = 30-Jun-2019

Starting time step 0, stepsize 1 days, at day 545/546, date = 30-Jun-2019
 Newton its= 2, linearizations= 3 (0.2sec), linear its=  3 (0.3sec)


Report step 50/82 at day 546/912, date = 01-Jul-2019

Starting time step 0, stepsize 3 days, at day 546/572, date = 01-Jul-2019
Restart file written for report step 50/82, date = 01-Jul-2019 00:00:00
 Newton its= 2, linearizations= 3 (0.2sec), linear its=  3 (0.3sec)

Starting time step 1, stepsize 9 days, at day 549/572, date = 04-Jul-2019
 Newton its= 2, linearizations= 3 (0.2sec), linear its=  4 (0.4sec)

Starting time step 2, stepsize 14 days, at day 558/572, date = 13-Jul-2019
 Newton its= 2, linearizations= 3 (0.3sec), linear its=  3 (0.5sec)


Report step 51/82 at day 572/912, date = 27-Jul-2019

Starting time step 0, stepsize 5 days, at day 572/577, date = 27-Jul-2019
 Newton its= 2, linearizations= 3 (0.2sec), linear its=  3 (0.3sec)


Report step 52/82 at day 577/912, date = 01-Aug-2019

Starting time step 0, stepsize 15 days, at day 577/592, date = 01-Aug-2019
Restart file written for report step 52/82, date = 01-Aug-2019 00:00:00
 Newton its= 3, linearizations= 4 (0.3sec), linear its=  7 (0.9sec)


Report step 53/82 at day 592/912, date = 16-Aug-2019

Starting time step 0, stepsize 8 days, at day 592/600, date = 16-Aug-2019
 Newton its= 2, linearizations= 3 (0.2sec), linear its=  3 (0.3sec)


Report step 54/82 at day 600/912, date = 24-Aug-2019

Starting time step 0, stepsize 8 days, at day 600/608, date = 24-Aug-2019
 Newton its= 2, linearizations= 3 (0.2sec), linear its=  4 (0.3sec)


Report step 55/82 at day 608/912, date = 01-Sep-2019

Starting time step 0, stepsize 5 days, at day 608/613, date = 01-Sep-2019
Restart file written for report step 55/82, date = 01-Sep-2019 00:00:00
 Newton its= 2, linearizations= 3 (0.2sec), linear its=  4 (0.4sec)


Report step 56/82 at day 613/912, date = 06-Sep-2019

Starting time step 0, stepsize 15 days, at day 613/638, date = 06-Sep-2019
 Newton its= 2, linearizations= 3 (0.2sec), linear its=  5 (0.4sec)

Starting time step 1, stepsize 10 days, at day 628/638, date = 21-Sep-2019
 Newton its= 2, linearizations= 3 (0.2sec), linear its=  5 (0.3sec)


Report step 57/82 at day 638/912, date = 01-Oct-2019

Starting time step 0, stepsize 18 days, at day 638/656, date = 01-Oct-2019
Restart file written for report step 57/82, date = 01-Oct-2019 00:00:00
 Newton its= 2, linearizations= 3 (0.2sec), linear its=  5 (0.5sec)


Report step 58/82 at day 656/912, date = 19-Oct-2019

Starting time step 0, stepsize 13 days, at day 656/669, date = 19-Oct-2019
 Newton its= 2, linearizations= 3 (0.2sec), linear its=  4 (0.4sec)


Report step 59/82 at day 669/912, date = 01-Nov-2019

Starting time step 0, stepsize 1 days, at day 669/670, date = 01-Nov-2019
Restart file written for report step 59/82, date = 01-Nov-2019 00:00:00
 Newton its= 2, linearizations= 3 (0.2sec), linear its=  2 (0.5sec)


Report step 60/82 at day 670/912, date = 02-Nov-2019

Starting time step 0, stepsize 3 days, at day 670/676, date = 02-Nov-2019
 Newton its= 2, linearizations= 3 (0.2sec), linear its=  3 (0.3sec)

Starting time step 1, stepsize 3 days, at day 673/676, date = 05-Nov-2019
 Newton its= 2, linearizations= 3 (0.2sec), linear its=  3 (0.4sec)


Report step 61/82 at day 676/912, date = 08-Nov-2019

Starting time step 0, stepsize 8 days, at day 676/684, date = 08-Nov-2019
 Newton its= 2, linearizations= 3 (0.2sec), linear its=  4 (0.3sec)


Report step 62/82 at day 684/912, date = 16-Nov-2019

Starting time step 0, stepsize 13 days, at day 684/697, date = 16-Nov-2019
 Newton its= 2, linearizations= 3 (0.2sec), linear its=  5 (0.4sec)


Report step 63/82 at day 697/912, date = 29-Nov-2019

Starting time step 0, stepsize 2 days, at day 697/699, date = 29-Nov-2019
 Newton its= 2, linearizations= 3 (0.2sec), linear its=  4 (0.3sec)


Report step 64/82 at day 699/912, date = 01-Dec-2019

Starting time step 0, stepsize 6 days, at day 699/730, date = 01-Dec-2019
Restart file written for report step 64/82, date = 01-Dec-2019 00:00:00
 Newton its= 2, linearizations= 3 (0.2sec), linear its=  2 (0.3sec)

Starting time step 1, stepsize 12.5 days, at day 705/730, date = 07-Dec-2019
 Newton its= 2, linearizations= 3 (0.2sec), linear its=  4 (0.4sec)

Starting time step 2, stepsize 12.5 days, at day 717.5/730, date = 19-Dec-2019
 Newton its= 2, linearizations= 3 (0.2sec), linear its=  3 (0.3sec)


Report step 65/82 at day 730/912, date = 01-Jan-2020

Starting time step 0, stepsize 10 days, at day 730/740, date = 01-Jan-2020
Restart file written for report step 65/82, date = 01-Jan-2020 00:00:00
 Newton its= 2, linearizations= 3 (0.2sec), linear its=  4 (0.3sec)


Report step 66/82 at day 740/912, date = 11-Jan-2020

Starting time step 0, stepsize 20 days, at day 740/760, date = 11-Jan-2020
 Newton its= 2, linearizations= 3 (0.2sec), linear its=  6 (0.5sec)


Report step 67/82 at day 760/912, date = 31-Jan-2020

Starting time step 0, stepsize 1 days, at day 760/761, date = 31-Jan-2020
 Newton its= 2, linearizations= 3 (0.2sec), linear its=  3 (0.3sec)


Report step 68/82 at day 761/912, date = 01-Feb-2020

Starting time step 0, stepsize 3 days, at day 761/768, date = 01-Feb-2020
Restart file written for report step 68/82, date = 01-Feb-2020 00:00:00
 Newton its= 2, linearizations= 3 (0.2sec), linear its=  3 (0.3sec)

Starting time step 1, stepsize 4 days, at day 764/768, date = 04-Feb-2020
 Newton its= 2, linearizations= 3 (0.2sec), linear its=  3 (0.3sec)


Report step 69/82 at day 768/912, date = 08-Feb-2020

Starting time step 0, stepsize 6.5 days, at day 768/781, date = 08-Feb-2020
 Newton its= 2, linearizations= 3 (0.1sec), linear its=  3 (0.3sec)

Starting time step 1, stepsize 6.5 days, at day 774.5/781, date = 14-Feb-2020
 Newton its= 2, linearizations= 3 (0.2sec), linear its=  3 (0.4sec)


Report step 70/82 at day 781/912, date = 21-Feb-2020

Starting time step 0, stepsize 9 days, at day 781/790, date = 21-Feb-2020
 Newton its= 2, linearizations= 3 (0.2sec), linear its=  4 (0.3sec)


Report step 71/82 at day 790/912, date = 01-Mar-2020

Starting time step 0, stepsize 15.5 days, at day 790/821, date = 01-Mar-2020
Restart file written for report step 71/82, date = 01-Mar-2020 00:00:00
 Newton its= 2, linearizations= 3 (0.2sec), linear its=  4 (0.4sec)

Starting time step 1, stepsize 15.5 days, at day 805.5/821, date = 16-Mar-2020
 Newton its= 2, linearizations= 3 (0.2sec), linear its=  3 (0.3sec)


Report step 72/82 at day 821/912, date = 01-Apr-2020

Starting time step 0, stepsize 3 days, at day 821/824, date = 01-Apr-2020
Restart file written for report step 72/82, date = 01-Apr-2020 00:00:00
 Newton its= 2, linearizations= 3 (0.2sec), linear its=  3 (0.3sec)


Report step 73/82 at day 824/912, date = 04-Apr-2020

Starting time step 0, stepsize 9 days, at day 824/844, date = 04-Apr-2020
 Newton its= 2, linearizations= 3 (0.2sec), linear its=  3 (0.3sec)

Starting time step 1, stepsize 11 days, at day 833/844, date = 13-Apr-2020
 Newton its= 2, linearizations= 3 (0.2sec), linear its=  4 (0.3sec)


Report step 74/82 at day 844/912, date = 24-Apr-2020

Starting time step 0, stepsize 7 days, at day 844/851, date = 24-Apr-2020
 Newton its= 2, linearizations= 3 (0.2sec), linear its=  3 (0.3sec)


Report step 75/82 at day 851/912, date = 01-May-2020

Starting time step 0, stepsize 1 days, at day 851/852, date = 01-May-2020
Restart file written for report step 75/82, date = 01-May-2020 00:00:00
 Newton its= 3, linearizations= 4 (0.2sec), linear its=  2 (0.4sec)


Report step 76/82 at day 852/912, date = 02-May-2020

Starting time step 0, stepsize 1.5 days, at day 852/855, date = 02-May-2020
 Newton its= 2, linearizations= 3 (0.2sec), linear its=  3 (0.3sec)

Starting time step 1, stepsize 1.5 days, at day 853.5/855, date = 03-May-2020
 Newton its= 2, linearizations= 3 (0.2sec), linear its=  3 (0.3sec)


Report step 77/82 at day 855/912, date = 05-May-2020

Starting time step 0, stepsize 4.5 days, at day 855/865, date = 05-May-2020
 Newton its= 3, linearizations= 4 (0.2sec), linear its=  4 (0.4sec)

Starting time step 1, stepsize 5.5 days, at day 859.5/865, date = 09-May-2020
 Newton its= 2, linearizations= 3 (0.2sec), linear its=  4 (0.3sec)


Report step 78/82 at day 865/912, date = 15-May-2020

Starting time step 0, stepsize 17 days, at day 865/882, date = 15-May-2020
 Newton its= 3, linearizations= 4 (0.2sec), linear its=  6 (0.6sec)


Report step 79/82 at day 882/912, date = 01-Jun-2020

Starting time step 0, stepsize 26 days, at day 882/908, date = 01-Jun-2020
Restart file written for report step 79/82, date = 01-Jun-2020 00:00:00
 Newton its= 3, linearizations= 4 (0.2sec), linear its=  5 (0.5sec)


Report step 80/82 at day 908/912, date = 27-Jun-2020

Starting time step 0, stepsize 3 days, at day 908/911, date = 27-Jun-2020
 Newton its= 2, linearizations= 3 (0.2sec), linear its=  2 (0.4sec)


Report step 81/82 at day 911/912, date = 30-Jun-2020

Starting time step 0, stepsize 1 days, at day 911/912, date = 30-Jun-2020
 Newton its= 2, linearizations= 3 (0.2sec), linear its=  2 (0.4sec)

Restart file written for report step 82/82, date = 01-Jul-2020 00:00:00


================    End of simulation     ===============

Number of MPI processes:         1
Threads per MPI process:         2
Setup time:                      1.70 s
  Deck input:                    0.76 s
Number of timesteps:           113
Simulation time:               125.95 s
  Assembly time:                25.68 s (Wasted: 0.0 s; 0.0%)
    Well assembly:               0.58 s (Wasted: 0.0 s; 0.0%)
  Linear solve time:            52.81 s (Wasted: 0.0 s; 0.0%)
    Linear setup:               22.15 s (Wasted: 0.0 s; 0.0%)
  Props/update time:            14.70 s (Wasted: 0.0 s; 0.0%)
  Pre/post step:                30.98 s (Wasted: 0.0 s; 0.0%)
  Output write time:             0.22 s
Overall Linearizations:        391      (Wasted:     0; 0.0%)
Overall Newton Iterations:     278      (Wasted:     0; 0.0%)
Overall Linear Iterations:     493      (Wasted:     0; 0.0%)



Error summary:
Warnings          73
Info              837
Errors            0
Bugs              0
Debug             0
Problems          0

