nohup: ignoring input
  0%|          | 0/50 [00:00<?, ?it/s]  2%|▏         | 1/50 [02:02<1:39:46, 122.17s/it]  6%|▌         | 3/50 [02:17<29:06, 37.17s/it]    14%|█▍        | 7/50 [02:19<08:50, 12.35s/it] 38%|███▊      | 19/50 [02:26<01:51,  3.61s/it]100%|██████████| 50/50 [02:26<00:00,  2.94s/it]
2025-10-13 13:26:50,054 : INFO : popt.loop.optimize : 


2025-10-13 13:26:50,054 : INFO : popt.loop.optimize :        ====== Running optimization - EnOpt ======
2025-10-13 13:26:50,098 : INFO : popt.loop.optimize : 
{'datatype': ['fopt', 'fgpt', 'fwpt', 'fwit', 'wthp a5', 'wthp a6'],
 'epf': {'conv_crit': 0.04,
         'max_epf_iter': 10,
         'penalty': [array([3.43698704e+11, 0.00000000e+00, 2.52687681e+11, 7.02023708e+08,
       1.09731230e+10, 0.00000000e+00, 2.27279058e+11, 0.00000000e+00,
       0.00000000e+00, 0.00000000e+00, 5.31556584e+10, 2.43249622e+10,
       9.20497801e+10, 0.00000000e+00, 0.00000000e+00, 0.00000000e+00,
       1.87500906e+10, 0.00000000e+00, 2.01222379e+11, 5.01809620e+10,
       0.00000000e+00, 3.18688130e+11, 5.29358187e+08, 0.00000000e+00,
       0.00000000e+00, 0.00000000e+00, 4.25217351e+11, 0.00000000e+00,
       0.00000000e+00, 0.00000000e+00, 0.00000000e+00, 0.00000000e+00,
       0.00000000e+00, 3.78499445e+09, 0.00000000e+00, 0.00000000e+00,
       1.17083636e+11, 1.03880645e+07, 1.29014714e+10, 0.00000000e+00,
       1.52038988e+10, 0.00000000e+00, 0.00000000e+00, 1.13449919e+10,
       0.00000000e+00, 0.00000000e+00, 0.00000000e+00, 5.54727749e+10,
       1.95288584e+10, 0.00000000e+00]),
                     array([1.16111737e+12, 0.00000000e+00, 9.94467240e+11, 1.18098766e+11,
       4.28060732e+10, 0.00000000e+00, 9.05804700e+11, 0.00000000e+00,
       1.08414846e+10, 0.00000000e+00, 3.85648796e+11, 1.89990279e+11,
       5.50286219e+11, 5.60199968e+09, 0.00000000e+00, 0.00000000e+00,
       2.39382603e+11, 0.00000000e+00, 7.85764755e+11, 3.81820263e+11,
       6.36348307e+10, 1.15152562e+12, 2.62767449e+11, 0.00000000e+00,
       0.00000000e+00, 7.67224802e+10, 1.32944264e+12, 0.00000000e+00,
       3.04115244e+10, 9.31184882e+10, 0.00000000e+00, 0.00000000e+00,
       0.00000000e+00, 2.56963937e+11, 8.90490924e+08, 5.14754403e+10,
       4.98644258e+11, 7.64003676e+10, 1.71299020e+11, 0.00000000e+00,
       3.44457439e+11, 4.06577491e+08, 0.00000000e+00, 3.30542485e+11,
       0.00000000e+00, 0.00000000e+00, 2.49792714e+09, 3.23062998e+11,
       2.04705842e+11, 0.00000000e+00]),
                     array([2.09341329e+11, 0.00000000e+00, 1.17062047e+09, 1.52387863e+11,
       0.00000000e+00, 0.00000000e+00, 2.57873262e+09, 0.00000000e+00,
       0.00000000e+00, 0.00000000e+00, 1.65996922e+09, 0.00000000e+00,
       9.17052020e+10, 0.00000000e+00, 4.99155535e+09, 0.00000000e+00,
       1.05451334e+11, 0.00000000e+00, 3.86225245e+10, 1.03189886e+10,
       1.91834950e+10, 4.76011516e+10, 8.16629013e+09, 0.00000000e+00,
       0.00000000e+00, 2.94671568e+11, 2.86020562e+11, 9.40080656e+10,
       0.00000000e+00, 1.02479055e+11, 0.00000000e+00, 0.00000000e+00,
       0.00000000e+00, 0.00000000e+00, 5.28998555e+10, 0.00000000e+00,
       0.00000000e+00, 0.00000000e+00, 3.12627373e+11, 0.00000000e+00,
       1.03687492e+10, 3.15691884e+11, 0.00000000e+00, 2.08859400e+10,
       0.00000000e+00, 0.00000000e+00, 3.47453648e+10, 0.00000000e+00,
       9.19567546e+08, 0.00000000e+00]),
                     array([0.00000000e+00, 8.19262495e+10, 0.00000000e+00, 0.00000000e+00,
       0.00000000e+00, 0.00000000e+00, 0.00000000e+00, 0.00000000e+00,
       0.00000000e+00, 0.00000000e+00, 5.54660220e+10, 0.00000000e+00,
       0.00000000e+00, 0.00000000e+00, 0.00000000e+00, 0.00000000e+00,
       0.00000000e+00, 0.00000000e+00, 0.00000000e+00, 0.00000000e+00,
       0.00000000e+00, 0.00000000e+00, 0.00000000e+00, 0.00000000e+00,
       0.00000000e+00, 3.98487446e+10, 3.39597817e+10, 3.96337149e+09,
       0.00000000e+00, 3.85903582e+10, 0.00000000e+00, 0.00000000e+00,
       0.00000000e+00, 0.00000000e+00, 0.00000000e+00, 0.00000000e+00,
       0.00000000e+00, 1.31124225e+10, 0.00000000e+00, 4.61345467e+10,
       0.00000000e+00, 0.00000000e+00, 0.00000000e+00, 0.00000000e+00,
       0.00000000e+00, 0.00000000e+00, 0.00000000e+00, 0.00000000e+00,
       0.00000000e+00, 0.00000000e+00]),
                     array([0.00000000e+00, 0.00000000e+00, 0.00000000e+00, 0.00000000e+00,
       0.00000000e+00, 0.00000000e+00, 0.00000000e+00, 0.00000000e+00,
       0.00000000e+00, 0.00000000e+00, 0.00000000e+00, 0.00000000e+00,
       0.00000000e+00, 0.00000000e+00, 0.00000000e+00, 0.00000000e+00,
       0.00000000e+00, 0.00000000e+00, 0.00000000e+00, 0.00000000e+00,
       0.00000000e+00, 0.00000000e+00, 5.55222429e+09, 0.00000000e+00,
       0.00000000e+00, 0.00000000e+00, 0.00000000e+00, 0.00000000e+00,
       0.00000000e+00, 0.00000000e+00, 0.00000000e+00, 0.00000000e+00,
       0.00000000e+00, 1.89565267e+10, 0.00000000e+00, 0.00000000e+00,
       0.00000000e+00, 0.00000000e+00, 0.00000000e+00, 0.00000000e+00,
       0.00000000e+00, 0.00000000e+00, 0.00000000e+00, 0.00000000e+00,
       0.00000000e+00, 0.00000000e+00, 0.00000000e+00, 0.00000000e+00,
       0.00000000e+00, 0.00000000e+00]),
                     array([0.00000000e+00, 0.00000000e+00, 0.00000000e+00, 0.00000000e+00,
       0.00000000e+00, 0.00000000e+00, 0.00000000e+00, 0.00000000e+00,
       0.00000000e+00, 0.00000000e+00, 0.00000000e+00, 0.00000000e+00,
       0.00000000e+00, 0.00000000e+00, 0.00000000e+00, 0.00000000e+00,
       0.00000000e+00, 0.00000000e+00, 0.00000000e+00, 0.00000000e+00,
       0.00000000e+00, 0.00000000e+00, 0.00000000e+00, 0.00000000e+00,
       6.64952747e+09, 1.17100398e+08, 0.00000000e+00, 0.00000000e+00,
       0.00000000e+00, 0.00000000e+00, 0.00000000e+00, 0.00000000e+00,
       0.00000000e+00, 0.00000000e+00, 0.00000000e+00, 0.00000000e+00,
       0.00000000e+00, 0.00000000e+00, 0.00000000e+00, 0.00000000e+00,
       0.00000000e+00, 0.00000000e+00, 0.00000000e+00, 0.00000000e+00,
       0.00000000e+00, 0.00000000e+00, 0.00000000e+00, 0.00000000e+00,
       0.00000000e+00, 0.00000000e+00]),
                     array([0., 0., 0., 0., 0., 0., 0., 0., 0., 0., 0., 0., 0., 0., 0., 0., 0.,
       0., 0., 0., 0., 0., 0., 0., 0., 0., 0., 0., 0., 0., 0., 0., 0., 0.,
       0., 0., 0., 0., 0., 0., 0., 0., 0., 0., 0., 0., 0., 0., 0., 0.]),
                     array([0.00000000e+00, 0.00000000e+00, 0.00000000e+00, 0.00000000e+00,
       0.00000000e+00, 0.00000000e+00, 0.00000000e+00, 0.00000000e+00,
       0.00000000e+00, 0.00000000e+00, 0.00000000e+00, 0.00000000e+00,
       0.00000000e+00, 0.00000000e+00, 0.00000000e+00, 1.78767513e+10,
       0.00000000e+00, 0.00000000e+00, 0.00000000e+00, 0.00000000e+00,
       0.00000000e+00, 0.00000000e+00, 0.00000000e+00, 0.00000000e+00,
       0.00000000e+00, 0.00000000e+00, 0.00000000e+00, 0.00000000e+00,
       0.00000000e+00, 0.00000000e+00, 0.00000000e+00, 0.00000000e+00,
       0.00000000e+00, 0.00000000e+00, 0.00000000e+00, 0.00000000e+00,
       0.00000000e+00, 0.00000000e+00, 0.00000000e+00, 0.00000000e+00,
       0.00000000e+00, 0.00000000e+00, 0.00000000e+00, 0.00000000e+00,
       0.00000000e+00, 0.00000000e+00, 0.00000000e+00, 0.00000000e+00,
       0.00000000e+00, 0.00000000e+00]),
                     array([0.00000000e+00, 0.00000000e+00, 0.00000000e+00, 0.00000000e+00,
       0.00000000e+00, 0.00000000e+00, 3.79456161e+10, 0.00000000e+00,
       0.00000000e+00, 0.00000000e+00, 0.00000000e+00, 0.00000000e+00,
       0.00000000e+00, 0.00000000e+00, 0.00000000e+00, 0.00000000e+00,
       0.00000000e+00, 0.00000000e+00, 0.00000000e+00, 0.00000000e+00,
       0.00000000e+00, 0.00000000e+00, 0.00000000e+00, 0.00000000e+00,
       0.00000000e+00, 0.00000000e+00, 0.00000000e+00, 0.00000000e+00,
       0.00000000e+00, 0.00000000e+00, 0.00000000e+00, 0.00000000e+00,
       2.79143738e+09, 0.00000000e+00, 0.00000000e+00, 0.00000000e+00,
       0.00000000e+00, 0.00000000e+00, 0.00000000e+00, 3.07794489e+08,
       0.00000000e+00, 0.00000000e+00, 0.00000000e+00, 0.00000000e+00,
       0.00000000e+00, 0.00000000e+00, 0.00000000e+00, 0.00000000e+00,
       0.00000000e+00, 0.00000000e+00]),
                     array([0.00000000e+00, 0.00000000e+00, 5.69290272e+10, 0.00000000e+00,
       0.00000000e+00, 1.57382126e+10, 3.07028141e+10, 0.00000000e+00,
       0.00000000e+00, 0.00000000e+00, 0.00000000e+00, 0.00000000e+00,
       0.00000000e+00, 0.00000000e+00, 0.00000000e+00, 0.00000000e+00,
       0.00000000e+00, 0.00000000e+00, 0.00000000e+00, 0.00000000e+00,
       0.00000000e+00, 0.00000000e+00, 0.00000000e+00, 1.02566544e+09,
       2.96146949e+10, 0.00000000e+00, 0.00000000e+00, 0.00000000e+00,
       0.00000000e+00, 0.00000000e+00, 0.00000000e+00, 2.57256308e+10,
       4.57200175e+09, 0.00000000e+00, 7.14123008e+09, 0.00000000e+00,
       4.75014845e+10, 0.00000000e+00, 0.00000000e+00, 3.17388882e+10,
       0.00000000e+00, 0.00000000e+00, 2.14732199e+11, 1.86405073e+10,
       0.00000000e+00, 0.00000000e+00, 0.00000000e+00, 0.00000000e+00,
       0.00000000e+00, 0.00000000e+00]),
                     array([5.30440681e+10, 0.00000000e+00, 6.99527903e+11, 2.45476941e+09,
       4.16735613e+10, 4.01713923e+11, 4.80785268e+10, 0.00000000e+00,
       6.06649551e+09, 8.68520023e+10, 0.00000000e+00, 0.00000000e+00,
       0.00000000e+00, 1.14040535e+11, 4.24922256e+08, 2.77465155e+11,
       0.00000000e+00, 0.00000000e+00, 4.37862638e+08, 0.00000000e+00,
       0.00000000e+00, 6.31644284e+10, 7.26284323e+10, 7.06740412e+11,
       1.27267487e+10, 2.08462285e+09, 0.00000000e+00, 1.23704369e+10,
       0.00000000e+00, 0.00000000e+00, 5.53132439e+09, 3.81059385e+11,
       1.83648421e+11, 0.00000000e+00, 0.00000000e+00, 0.00000000e+00,
       1.01201574e+11, 9.01542078e+08, 4.70625029e+09, 1.99619946e+10,
       2.66861748e+09, 0.00000000e+00, 1.14871698e+12, 1.81785825e+11,
       0.00000000e+00, 0.00000000e+00, 0.00000000e+00, 0.00000000e+00,
       0.00000000e+00, 0.00000000e+00]),
                     array([8.52850432e+09, 0.00000000e+00, 2.87344406e+11, 1.92262626e+09,
       9.68549155e+11, 1.46025518e+11, 2.10293701e+11, 0.00000000e+00,
       7.37596974e+11, 2.06725037e+10, 0.00000000e+00, 0.00000000e+00,
       0.00000000e+00, 6.08974696e+11, 1.98118648e+11, 3.87489348e+10,
       2.24444698e+10, 1.23196312e+11, 7.58540879e+09, 6.46378806e+11,
       3.42026472e+10, 1.79719298e+10, 5.71662129e+08, 3.38751147e+11,
       7.18505916e+10, 1.80408937e+11, 1.11434251e+11, 0.00000000e+00,
       1.48149543e+10, 0.00000000e+00, 2.13145365e+09, 3.85017710e+09,
       4.37917364e+11, 0.00000000e+00, 9.12083797e+11, 5.92631550e+10,
       9.53272836e+10, 1.00011953e+10, 6.35692029e+09, 3.77854071e+09,
       5.98743691e+11, 1.58642170e+10, 3.38096900e+11, 6.25028348e+11,
       0.00000000e+00, 1.24876707e+10, 0.00000000e+00, 0.00000000e+00,
       0.00000000e+00, 0.00000000e+00]),
                     array([5.61938847e+11, 0.00000000e+00, 4.93781685e+08, 9.22390310e+10,
       9.08615467e+11, 1.78753506e+11, 3.41499660e+10, 9.84390773e+08,
       1.28182187e+10, 1.52367633e+11, 2.33788786e+09, 3.89863896e+10,
       9.03592776e+10, 1.69129778e+10, 5.06393953e+10, 3.40372621e+10,
       3.57660620e+11, 4.80416901e+09, 2.16925466e+09, 7.74034012e+10,
       0.00000000e+00, 7.20232640e+10, 0.00000000e+00, 1.60843938e+11,
       1.09622237e+09, 6.88567419e+10, 1.01246406e+11, 9.74069155e+09,
       4.91933054e+09, 0.00000000e+00, 2.24166718e+09, 0.00000000e+00,
       2.86057885e+11, 7.07028275e+11, 7.08465474e+10, 9.40631855e+10,
       4.58792068e+11, 2.02558518e+11, 1.59290176e+07, 0.00000000e+00,
       6.11121401e+11, 3.46508966e+11, 2.08423328e+11, 2.66980584e+11,
       3.49830284e+09, 0.00000000e+00, 0.00000000e+00, 0.00000000e+00,
       2.01904260e+08, 0.00000000e+00]),
                     array([7.48188429e+10, 1.16503568e+10, 2.34425757e+10, 0.00000000e+00,
       0.00000000e+00, 0.00000000e+00, 0.00000000e+00, 3.90121128e+10,
       0.00000000e+00, 2.83041098e+10, 3.16155306e+11, 0.00000000e+00,
       3.14846758e+11, 2.81560418e+09, 0.00000000e+00, 0.00000000e+00,
       2.09842919e+09, 0.00000000e+00, 8.72890027e+09, 2.21786313e+10,
       0.00000000e+00, 7.82725420e+10, 0.00000000e+00, 8.79829963e+08,
       0.00000000e+00, 0.00000000e+00, 2.90723055e+10, 4.28534174e+11,
       6.33859333e+09, 0.00000000e+00, 8.65602874e+08, 2.16225226e+10,
       8.27532806e+10, 2.20012255e+10, 5.66374120e+08, 6.84273747e+09,
       2.29122695e+09, 8.78573354e+09, 7.87843363e+10, 0.00000000e+00,
       1.12048343e+10, 1.94032673e+11, 0.00000000e+00, 0.00000000e+00,
       1.96303572e+10, 0.00000000e+00, 0.00000000e+00, 0.00000000e+00,
       5.75590344e+09, 0.00000000e+00]),
                     array([0.00000000e+00, 0.00000000e+00, 8.08818508e+10, 0.00000000e+00,
       0.00000000e+00, 0.00000000e+00, 0.00000000e+00, 0.00000000e+00,
       3.04679288e+10, 7.90264432e+09, 2.37953277e+11, 0.00000000e+00,
       5.72587968e+11, 2.56568502e+10, 0.00000000e+00, 8.50969535e+08,
       0.00000000e+00, 0.00000000e+00, 0.00000000e+00, 4.97895793e+09,
       0.00000000e+00, 0.00000000e+00, 0.00000000e+00, 1.28008228e+10,
       0.00000000e+00, 1.07204321e+10, 0.00000000e+00, 0.00000000e+00,
       1.63897709e+09, 0.00000000e+00, 0.00000000e+00, 0.00000000e+00,
       0.00000000e+00, 0.00000000e+00, 1.64593021e+09, 7.22120204e+09,
       0.00000000e+00, 8.29224144e+10, 0.00000000e+00, 0.00000000e+00,
       0.00000000e+00, 0.00000000e+00, 0.00000000e+00, 0.00000000e+00,
       0.00000000e+00, 0.00000000e+00, 0.00000000e+00, 0.00000000e+00,
       0.00000000e+00, 0.00000000e+00]),
                     array([0.00000000e+00, 1.94681330e+10, 0.00000000e+00, 0.00000000e+00,
       0.00000000e+00, 0.00000000e+00, 0.00000000e+00, 0.00000000e+00,
       0.00000000e+00, 0.00000000e+00, 0.00000000e+00, 0.00000000e+00,
       4.96110724e+09, 0.00000000e+00, 0.00000000e+00, 0.00000000e+00,
       0.00000000e+00, 0.00000000e+00, 0.00000000e+00, 0.00000000e+00,
       0.00000000e+00, 0.00000000e+00, 0.00000000e+00, 0.00000000e+00,
       0.00000000e+00, 0.00000000e+00, 0.00000000e+00, 0.00000000e+00,
       0.00000000e+00, 0.00000000e+00, 0.00000000e+00, 0.00000000e+00,
       0.00000000e+00, 0.00000000e+00, 5.40850431e+10, 0.00000000e+00,
       0.00000000e+00, 1.29871849e+09, 0.00000000e+00, 0.00000000e+00,
       0.00000000e+00, 0.00000000e+00, 0.00000000e+00, 0.00000000e+00,
       0.00000000e+00, 0.00000000e+00, 0.00000000e+00, 0.00000000e+00,
       0.00000000e+00, 0.00000000e+00]),
                     array([0.00000000e+00, 7.31430672e+10, 0.00000000e+00, 0.00000000e+00,
       0.00000000e+00, 0.00000000e+00, 0.00000000e+00, 0.00000000e+00,
       0.00000000e+00, 0.00000000e+00, 0.00000000e+00, 0.00000000e+00,
       0.00000000e+00, 0.00000000e+00, 0.00000000e+00, 0.00000000e+00,
       0.00000000e+00, 0.00000000e+00, 0.00000000e+00, 0.00000000e+00,
       0.00000000e+00, 0.00000000e+00, 0.00000000e+00, 0.00000000e+00,
       0.00000000e+00, 0.00000000e+00, 0.00000000e+00, 0.00000000e+00,
       0.00000000e+00, 0.00000000e+00, 0.00000000e+00, 0.00000000e+00,
       0.00000000e+00, 0.00000000e+00, 0.00000000e+00, 0.00000000e+00,
       0.00000000e+00, 0.00000000e+00, 0.00000000e+00, 0.00000000e+00,
       0.00000000e+00, 0.00000000e+00, 0.00000000e+00, 0.00000000e+00,
       0.00000000e+00, 0.00000000e+00, 0.00000000e+00, 0.00000000e+00,
       0.00000000e+00, 0.00000000e+00]),
                     array([0., 0., 0., 0., 0., 0., 0., 0., 0., 0., 0., 0., 0., 0., 0., 0., 0.,
       0., 0., 0., 0., 0., 0., 0., 0., 0., 0., 0., 0., 0., 0., 0., 0., 0.,
       0., 0., 0., 0., 0., 0., 0., 0., 0., 0., 0., 0., 0., 0., 0., 0.]),
                     array([0., 0., 0., 0., 0., 0., 0., 0., 0., 0., 0., 0., 0., 0., 0., 0., 0.,
       0., 0., 0., 0., 0., 0., 0., 0., 0., 0., 0., 0., 0., 0., 0., 0., 0.,
       0., 0., 0., 0., 0., 0., 0., 0., 0., 0., 0., 0., 0., 0., 0., 0.]),
                     array([0., 0., 0., 0., 0., 0., 0., 0., 0., 0., 0., 0., 0., 0., 0., 0., 0.,
       0., 0., 0., 0., 0., 0., 0., 0., 0., 0., 0., 0., 0., 0., 0., 0., 0.,
       0., 0., 0., 0., 0., 0., 0., 0., 0., 0., 0., 0., 0., 0., 0., 0.]),
                     array([0.00000000e+00, 0.00000000e+00, 0.00000000e+00, 0.00000000e+00,
       0.00000000e+00, 0.00000000e+00, 0.00000000e+00, 0.00000000e+00,
       0.00000000e+00, 0.00000000e+00, 0.00000000e+00, 0.00000000e+00,
       0.00000000e+00, 0.00000000e+00, 0.00000000e+00, 0.00000000e+00,
       0.00000000e+00, 0.00000000e+00, 0.00000000e+00, 0.00000000e+00,
       0.00000000e+00, 0.00000000e+00, 0.00000000e+00, 0.00000000e+00,
       0.00000000e+00, 0.00000000e+00, 0.00000000e+00, 3.11473092e+08,
       0.00000000e+00, 0.00000000e+00, 0.00000000e+00, 0.00000000e+00,
       0.00000000e+00, 0.00000000e+00, 0.00000000e+00, 0.00000000e+00,
       0.00000000e+00, 0.00000000e+00, 0.00000000e+00, 0.00000000e+00,
       0.00000000e+00, 0.00000000e+00, 0.00000000e+00, 0.00000000e+00,
       0.00000000e+00, 0.00000000e+00, 0.00000000e+00, 0.00000000e+00,
       0.00000000e+00, 0.00000000e+00]),
                     array([0.00000000e+00, 0.00000000e+00, 0.00000000e+00, 0.00000000e+00,
       0.00000000e+00, 0.00000000e+00, 0.00000000e+00, 0.00000000e+00,
       0.00000000e+00, 0.00000000e+00, 0.00000000e+00, 1.38077071e+09,
       0.00000000e+00, 0.00000000e+00, 5.80950499e+10, 0.00000000e+00,
       0.00000000e+00, 0.00000000e+00, 4.91372580e+09, 0.00000000e+00,
       0.00000000e+00, 0.00000000e+00, 0.00000000e+00, 0.00000000e+00,
       0.00000000e+00, 0.00000000e+00, 0.00000000e+00, 1.29333059e+11,
       0.00000000e+00, 0.00000000e+00, 0.00000000e+00, 0.00000000e+00,
       0.00000000e+00, 0.00000000e+00, 0.00000000e+00, 2.48517651e+11,
       0.00000000e+00, 1.87129195e+10, 0.00000000e+00, 0.00000000e+00,
       0.00000000e+00, 0.00000000e+00, 0.00000000e+00, 0.00000000e+00,
       0.00000000e+00, 0.00000000e+00, 0.00000000e+00, 0.00000000e+00,
       0.00000000e+00, 0.00000000e+00]),
                     array([0.00000000e+00, 0.00000000e+00, 0.00000000e+00, 0.00000000e+00,
       3.89077233e+10, 1.66616187e+11, 1.20928782e+08, 0.00000000e+00,
       0.00000000e+00, 0.00000000e+00, 0.00000000e+00, 0.00000000e+00,
       0.00000000e+00, 6.25040700e+10, 4.31607325e+10, 0.00000000e+00,
       0.00000000e+00, 0.00000000e+00, 4.87964505e+10, 2.65380923e+10,
       0.00000000e+00, 7.57836277e+09, 0.00000000e+00, 2.14319789e+10,
       0.00000000e+00, 0.00000000e+00, 3.41760476e+09, 0.00000000e+00,
       0.00000000e+00, 0.00000000e+00, 3.85916949e+08, 0.00000000e+00,
       5.78675650e+11, 0.00000000e+00, 0.00000000e+00, 6.95477887e+10,
       0.00000000e+00, 0.00000000e+00, 0.00000000e+00, 0.00000000e+00,
       2.55353380e+10, 0.00000000e+00, 1.57578720e+10, 0.00000000e+00,
       0.00000000e+00, 3.77305198e+08, 0.00000000e+00, 0.00000000e+00,
       0.00000000e+00, 4.02993656e+10]),
                     array([0.00000000e+00, 0.00000000e+00, 0.00000000e+00, 0.00000000e+00,
       7.92763442e+07, 1.55074818e+11, 0.00000000e+00, 0.00000000e+00,
       0.00000000e+00, 0.00000000e+00, 0.00000000e+00, 0.00000000e+00,
       0.00000000e+00, 4.46079079e+11, 1.66225840e+11, 1.03228853e+09,
       1.86683885e+11, 1.16613808e+10, 0.00000000e+00, 4.19978122e+11,
       1.83045427e+09, 1.48338669e+11, 0.00000000e+00, 2.94624308e+10,
       0.00000000e+00, 1.11015327e+10, 1.58101815e+10, 1.43762361e+11,
       2.71752295e+11, 0.00000000e+00, 5.61652698e+11, 1.61587291e+11,
       0.00000000e+00, 0.00000000e+00, 5.96535408e+10, 0.00000000e+00,
       1.08964390e+11, 2.99948724e+09, 0.00000000e+00, 0.00000000e+00,
       2.36526312e+11, 1.80267854e+10, 1.17324956e+11, 0.00000000e+00,
       0.00000000e+00, 6.97004621e+10, 1.70616054e+11, 0.00000000e+00,
       6.45754749e+10, 1.06985274e+11]),
                     array([0.00000000e+00, 0.00000000e+00, 0.00000000e+00, 0.00000000e+00,
       0.00000000e+00, 1.27336115e+11, 0.00000000e+00, 3.28751233e+10,
       0.00000000e+00, 5.85830560e+11, 0.00000000e+00, 0.00000000e+00,
       0.00000000e+00, 0.00000000e+00, 0.00000000e+00, 3.51343532e+10,
       0.00000000e+00, 0.00000000e+00, 0.00000000e+00, 3.41659587e+08,
       3.00324223e+08, 8.31149285e+09, 0.00000000e+00, 3.45403448e+10,
       0.00000000e+00, 8.38714807e+10, 3.47643595e+10, 2.38535966e+11,
       2.69573204e+09, 0.00000000e+00, 2.53523152e+11, 4.14628286e+11,
       5.75213348e+09, 7.92632286e+10, 1.50302316e+11, 0.00000000e+00,
       4.49256212e+10, 7.70039575e+11, 1.36174469e+11, 6.63476276e+10,
       0.00000000e+00, 1.92538260e+11, 7.03243208e+10, 4.63157451e+10,
       2.50750978e+10, 1.05020942e+12, 2.77189424e+11, 1.79122067e+10,
       4.36724132e+11, 2.39743331e+11]),
                     array([6.96785219e+10, 0.00000000e+00, 0.00000000e+00, 4.18666406e+09,
       0.00000000e+00, 1.13090097e+09, 0.00000000e+00, 1.24794569e+10,
       0.00000000e+00, 4.84938340e+08, 2.49766810e+09, 0.00000000e+00,
       1.91324038e+10, 6.44876176e+10, 0.00000000e+00, 0.00000000e+00,
       0.00000000e+00, 0.00000000e+00, 0.00000000e+00, 8.91289836e+09,
       0.00000000e+00, 0.00000000e+00, 0.00000000e+00, 3.82847731e+10,
       0.00000000e+00, 0.00000000e+00, 0.00000000e+00, 1.94241543e+10,
       3.30229641e+09, 7.40996977e+06, 2.55545159e+10, 3.87867046e+10,
       0.00000000e+00, 9.70397879e+10, 1.84181501e+11, 0.00000000e+00,
       0.00000000e+00, 2.04942793e+11, 0.00000000e+00, 0.00000000e+00,
       1.21478203e+10, 1.17681132e+11, 3.97291480e+10, 1.39502788e+11,
       1.49497705e+10, 5.30654540e+10, 0.00000000e+00, 2.33938806e+10,
       0.00000000e+00, 8.83055243e+08]),
                     array([0.00000000e+00, 0.00000000e+00, 0.00000000e+00, 3.83852276e+07,
       0.00000000e+00, 0.00000000e+00, 0.00000000e+00, 4.06630500e+10,
       0.00000000e+00, 0.00000000e+00, 0.00000000e+00, 0.00000000e+00,
       0.00000000e+00, 4.93419385e+08, 0.00000000e+00, 0.00000000e+00,
       3.12820339e+09, 0.00000000e+00, 2.37813702e+08, 2.72968712e+09,
       2.54760066e+11, 0.00000000e+00, 0.00000000e+00, 9.82826033e+07,
       0.00000000e+00, 0.00000000e+00, 0.00000000e+00, 1.77470847e+10,
       0.00000000e+00, 0.00000000e+00, 2.53759483e+10, 3.04522229e+09,
       0.00000000e+00, 4.58184696e+09, 8.78866643e+10, 0.00000000e+00,
       0.00000000e+00, 5.96182884e+10, 1.11332963e+10, 0.00000000e+00,
       0.00000000e+00, 3.06370971e+11, 0.00000000e+00, 1.49283852e+09,
       0.00000000e+00, 0.00000000e+00, 0.00000000e+00, 6.14111121e+10,
       0.00000000e+00, 0.00000000e+00]),
                     array([0.00000000e+00, 0.00000000e+00, 0.00000000e+00, 0.00000000e+00,
       0.00000000e+00, 0.00000000e+00, 0.00000000e+00, 0.00000000e+00,
       0.00000000e+00, 7.35306729e+09, 0.00000000e+00, 3.65680407e+09,
       0.00000000e+00, 0.00000000e+00, 0.00000000e+00, 0.00000000e+00,
       0.00000000e+00, 0.00000000e+00, 3.12341398e+09, 0.00000000e+00,
       0.00000000e+00, 0.00000000e+00, 0.00000000e+00, 0.00000000e+00,
       0.00000000e+00, 4.51770333e+09, 0.00000000e+00, 0.00000000e+00,
       0.00000000e+00, 0.00000000e+00, 0.00000000e+00, 0.00000000e+00,
       0.00000000e+00, 0.00000000e+00, 0.00000000e+00, 0.00000000e+00,
       0.00000000e+00, 0.00000000e+00, 1.33015392e+10, 0.00000000e+00,
       0.00000000e+00, 0.00000000e+00, 0.00000000e+00, 1.47559543e+07,
       0.00000000e+00, 2.73983724e+10, 0.00000000e+00, 0.00000000e+00,
       0.00000000e+00, 0.00000000e+00]),
                     array([0., 0., 0., 0., 0., 0., 0., 0., 0., 0., 0., 0., 0., 0., 0., 0., 0.,
       0., 0., 0., 0., 0., 0., 0., 0., 0., 0., 0., 0., 0., 0., 0., 0., 0.,
       0., 0., 0., 0., 0., 0., 0., 0., 0., 0., 0., 0., 0., 0., 0., 0.]),
                     array([0., 0., 0., 0., 0., 0., 0., 0., 0., 0., 0., 0., 0., 0., 0., 0., 0.,
       0., 0., 0., 0., 0., 0., 0., 0., 0., 0., 0., 0., 0., 0., 0., 0., 0.,
       0., 0., 0., 0., 0., 0., 0., 0., 0., 0., 0., 0., 0., 0., 0., 0.]),
                     array([0., 0., 0., 0., 0., 0., 0., 0., 0., 0., 0., 0., 0., 0., 0., 0., 0.,
       0., 0., 0., 0., 0., 0., 0., 0., 0., 0., 0., 0., 0., 0., 0., 0., 0.,
       0., 0., 0., 0., 0., 0., 0., 0., 0., 0., 0., 0., 0., 0., 0., 0.]),
                     array([0., 0., 0., 0., 0., 0., 0., 0., 0., 0., 0., 0., 0., 0., 0., 0., 0.,
       0., 0., 0., 0., 0., 0., 0., 0., 0., 0., 0., 0., 0., 0., 0., 0., 0.,
       0., 0., 0., 0., 0., 0., 0., 0., 0., 0., 0., 0., 0., 0., 0., 0.]),
                     array([0., 0., 0., 0., 0., 0., 0., 0., 0., 0., 0., 0., 0., 0., 0., 0., 0.,
       0., 0., 0., 0., 0., 0., 0., 0., 0., 0., 0., 0., 0., 0., 0., 0., 0.,
       0., 0., 0., 0., 0., 0., 0., 0., 0., 0., 0., 0., 0., 0., 0., 0.]),
                     array([0., 0., 0., 0., 0., 0., 0., 0., 0., 0., 0., 0., 0., 0., 0., 0., 0.,
       0., 0., 0., 0., 0., 0., 0., 0., 0., 0., 0., 0., 0., 0., 0., 0., 0.,
       0., 0., 0., 0., 0., 0., 0., 0., 0., 0., 0., 0., 0., 0., 0., 0.]),
                     array([0.00000000e+00, 0.00000000e+00, 0.00000000e+00, 0.00000000e+00,
       0.00000000e+00, 0.00000000e+00, 0.00000000e+00, 0.00000000e+00,
       6.01786975e+08, 0.00000000e+00, 0.00000000e+00, 0.00000000e+00,
       0.00000000e+00, 0.00000000e+00, 0.00000000e+00, 0.00000000e+00,
       0.00000000e+00, 0.00000000e+00, 0.00000000e+00, 0.00000000e+00,
       0.00000000e+00, 0.00000000e+00, 0.00000000e+00, 2.19745331e+10,
       0.00000000e+00, 0.00000000e+00, 0.00000000e+00, 1.40328551e+09,
       0.00000000e+00, 1.77666907e+09, 0.00000000e+00, 0.00000000e+00,
       0.00000000e+00, 0.00000000e+00, 0.00000000e+00, 0.00000000e+00,
       0.00000000e+00, 0.00000000e+00, 0.00000000e+00, 0.00000000e+00,
       0.00000000e+00, 0.00000000e+00, 0.00000000e+00, 0.00000000e+00,
       0.00000000e+00, 0.00000000e+00, 0.00000000e+00, 0.00000000e+00,
       0.00000000e+00, 0.00000000e+00]),
                     array([6.89297786e+08, 0.00000000e+00, 0.00000000e+00, 0.00000000e+00,
       9.30225551e+10, 5.24858479e+09, 2.11417694e+11, 0.00000000e+00,
       0.00000000e+00, 1.66185901e+10, 0.00000000e+00, 0.00000000e+00,
       0.00000000e+00, 0.00000000e+00, 0.00000000e+00, 0.00000000e+00,
       0.00000000e+00, 0.00000000e+00, 0.00000000e+00, 2.49945339e+10,
       0.00000000e+00, 0.00000000e+00, 2.54197690e+10, 3.51821840e+08,
       4.75372828e+09, 6.68634146e+10, 8.62916248e+09, 2.76562567e+10,
       0.00000000e+00, 8.17562590e+08, 0.00000000e+00, 3.13516835e+11,
       0.00000000e+00, 0.00000000e+00, 0.00000000e+00, 0.00000000e+00,
       0.00000000e+00, 6.39767608e+08, 0.00000000e+00, 0.00000000e+00,
       0.00000000e+00, 0.00000000e+00, 0.00000000e+00, 5.35257548e+08,
       1.18197292e+10, 0.00000000e+00, 0.00000000e+00, 1.08733463e+11,
       0.00000000e+00, 0.00000000e+00]),
                     array([6.90444727e+10, 0.00000000e+00, 6.64159353e+10, 0.00000000e+00,
       2.30928611e+11, 2.41464240e+11, 1.86366263e+10, 0.00000000e+00,
       0.00000000e+00, 1.78354658e+10, 0.00000000e+00, 0.00000000e+00,
       0.00000000e+00, 3.41533182e+10, 8.54872982e+10, 0.00000000e+00,
       1.60773170e+10, 0.00000000e+00, 3.62945528e+09, 2.28766408e+10,
       0.00000000e+00, 0.00000000e+00, 6.77264931e+08, 2.35402174e+08,
       5.05647256e+10, 0.00000000e+00, 9.58164481e+09, 0.00000000e+00,
       0.00000000e+00, 2.32496758e+09, 0.00000000e+00, 5.07953799e+11,
       0.00000000e+00, 7.77863188e+09, 0.00000000e+00, 0.00000000e+00,
       0.00000000e+00, 1.60073957e+09, 0.00000000e+00, 0.00000000e+00,
       0.00000000e+00, 0.00000000e+00, 0.00000000e+00, 0.00000000e+00,
       1.00182621e+09, 0.00000000e+00, 0.00000000e+00, 2.16526761e+10,
       0.00000000e+00, 4.76275836e+10]),
                     array([1.70162063e+11, 0.00000000e+00, 3.88846695e+10, 0.00000000e+00,
       7.05255220e+10, 3.82761958e+10, 0.00000000e+00, 1.39084963e+08,
       0.00000000e+00, 1.29646651e+11, 0.00000000e+00, 0.00000000e+00,
       0.00000000e+00, 1.07203587e+10, 0.00000000e+00, 0.00000000e+00,
       0.00000000e+00, 0.00000000e+00, 0.00000000e+00, 0.00000000e+00,
       0.00000000e+00, 0.00000000e+00, 0.00000000e+00, 0.00000000e+00,
       2.97386354e+10, 0.00000000e+00, 0.00000000e+00, 0.00000000e+00,
       0.00000000e+00, 2.51139663e+08, 4.63696307e+09, 4.96075302e+09,
       1.10866960e+11, 1.22226961e+11, 0.00000000e+00, 5.39093715e+10,
       0.00000000e+00, 0.00000000e+00, 0.00000000e+00, 0.00000000e+00,
       0.00000000e+00, 0.00000000e+00, 0.00000000e+00, 0.00000000e+00,
       6.85361738e+10, 0.00000000e+00, 0.00000000e+00, 1.94584729e+10,
       3.95857076e+10, 0.00000000e+00]),
                     array([1.29963654e+11, 0.00000000e+00, 0.00000000e+00, 0.00000000e+00,
       0.00000000e+00, 0.00000000e+00, 0.00000000e+00, 1.52136948e+10,
       0.00000000e+00, 0.00000000e+00, 0.00000000e+00, 0.00000000e+00,
       0.00000000e+00, 0.00000000e+00, 0.00000000e+00, 0.00000000e+00,
       0.00000000e+00, 0.00000000e+00, 0.00000000e+00, 0.00000000e+00,
       5.27839645e+10, 0.00000000e+00, 0.00000000e+00, 0.00000000e+00,
       5.14277466e+09, 0.00000000e+00, 0.00000000e+00, 0.00000000e+00,
       0.00000000e+00, 0.00000000e+00, 3.86371705e+07, 0.00000000e+00,
       0.00000000e+00, 1.04818607e+08, 0.00000000e+00, 0.00000000e+00,
       0.00000000e+00, 0.00000000e+00, 0.00000000e+00, 0.00000000e+00,
       0.00000000e+00, 0.00000000e+00, 0.00000000e+00, 0.00000000e+00,
       2.30725685e+11, 0.00000000e+00, 0.00000000e+00, 0.00000000e+00,
       0.00000000e+00, 2.08827257e+10]),
                     array([0.00000000e+00, 0.00000000e+00, 0.00000000e+00, 0.00000000e+00,
       0.00000000e+00, 0.00000000e+00, 0.00000000e+00, 2.16867648e+08,
       0.00000000e+00, 0.00000000e+00, 0.00000000e+00, 0.00000000e+00,
       0.00000000e+00, 0.00000000e+00, 0.00000000e+00, 0.00000000e+00,
       0.00000000e+00, 0.00000000e+00, 0.00000000e+00, 0.00000000e+00,
       0.00000000e+00, 0.00000000e+00, 0.00000000e+00, 0.00000000e+00,
       0.00000000e+00, 0.00000000e+00, 0.00000000e+00, 0.00000000e+00,
       0.00000000e+00, 0.00000000e+00, 0.00000000e+00, 0.00000000e+00,
       0.00000000e+00, 0.00000000e+00, 0.00000000e+00, 0.00000000e+00,
       0.00000000e+00, 0.00000000e+00, 0.00000000e+00, 0.00000000e+00,
       0.00000000e+00, 0.00000000e+00, 0.00000000e+00, 0.00000000e+00,
       0.00000000e+00, 0.00000000e+00, 0.00000000e+00, 0.00000000e+00,
       0.00000000e+00, 0.00000000e+00]),
                     array([0., 0., 0., 0., 0., 0., 0., 0., 0., 0., 0., 0., 0., 0., 0., 0., 0.,
       0., 0., 0., 0., 0., 0., 0., 0., 0., 0., 0., 0., 0., 0., 0., 0., 0.,
       0., 0., 0., 0., 0., 0., 0., 0., 0., 0., 0., 0., 0., 0., 0., 0.]),
                     array([0., 0., 0., 0., 0., 0., 0., 0., 0., 0., 0., 0., 0., 0., 0., 0., 0.,
       0., 0., 0., 0., 0., 0., 0., 0., 0., 0., 0., 0., 0., 0., 0., 0., 0.,
       0., 0., 0., 0., 0., 0., 0., 0., 0., 0., 0., 0., 0., 0., 0., 0.]),
                     array([0., 0., 0., 0., 0., 0., 0., 0., 0., 0., 0., 0., 0., 0., 0., 0., 0.,
       0., 0., 0., 0., 0., 0., 0., 0., 0., 0., 0., 0., 0., 0., 0., 0., 0.,
       0., 0., 0., 0., 0., 0., 0., 0., 0., 0., 0., 0., 0., 0., 0., 0.]),
                     array([0., 0., 0., 0., 0., 0., 0., 0., 0., 0., 0., 0., 0., 0., 0., 0., 0.,
       0., 0., 0., 0., 0., 0., 0., 0., 0., 0., 0., 0., 0., 0., 0., 0., 0.,
       0., 0., 0., 0., 0., 0., 0., 0., 0., 0., 0., 0., 0., 0., 0., 0.]),
                     array([0., 0., 0., 0., 0., 0., 0., 0., 0., 0., 0., 0., 0., 0., 0., 0., 0.,
       0., 0., 0., 0., 0., 0., 0., 0., 0., 0., 0., 0., 0., 0., 0., 0., 0.,
       0., 0., 0., 0., 0., 0., 0., 0., 0., 0., 0., 0., 0., 0., 0., 0.]),
                     array([0.00000000e+00, 0.00000000e+00, 0.00000000e+00, 0.00000000e+00,
       0.00000000e+00, 0.00000000e+00, 0.00000000e+00, 0.00000000e+00,
       0.00000000e+00, 0.00000000e+00, 0.00000000e+00, 0.00000000e+00,
       0.00000000e+00, 0.00000000e+00, 0.00000000e+00, 0.00000000e+00,
       0.00000000e+00, 0.00000000e+00, 0.00000000e+00, 0.00000000e+00,
       0.00000000e+00, 0.00000000e+00, 0.00000000e+00, 0.00000000e+00,
       0.00000000e+00, 0.00000000e+00, 0.00000000e+00, 0.00000000e+00,
       0.00000000e+00, 0.00000000e+00, 0.00000000e+00, 0.00000000e+00,
       0.00000000e+00, 0.00000000e+00, 0.00000000e+00, 0.00000000e+00,
       0.00000000e+00, 0.00000000e+00, 0.00000000e+00, 1.84375949e+10,
       0.00000000e+00, 0.00000000e+00, 0.00000000e+00, 0.00000000e+00,
       0.00000000e+00, 0.00000000e+00, 0.00000000e+00, 0.00000000e+00,
       0.00000000e+00, 0.00000000e+00]),
                     array([0.00000000e+00, 0.00000000e+00, 0.00000000e+00, 0.00000000e+00,
       0.00000000e+00, 0.00000000e+00, 0.00000000e+00, 0.00000000e+00,
       0.00000000e+00, 0.00000000e+00, 0.00000000e+00, 0.00000000e+00,
       0.00000000e+00, 0.00000000e+00, 0.00000000e+00, 0.00000000e+00,
       0.00000000e+00, 0.00000000e+00, 0.00000000e+00, 0.00000000e+00,
       0.00000000e+00, 0.00000000e+00, 0.00000000e+00, 0.00000000e+00,
       0.00000000e+00, 3.73391745e+10, 0.00000000e+00, 0.00000000e+00,
       0.00000000e+00, 0.00000000e+00, 0.00000000e+00, 0.00000000e+00,
       0.00000000e+00, 0.00000000e+00, 0.00000000e+00, 0.00000000e+00,
       0.00000000e+00, 0.00000000e+00, 0.00000000e+00, 7.81660300e+10,
       0.00000000e+00, 0.00000000e+00, 0.00000000e+00, 0.00000000e+00,
       0.00000000e+00, 0.00000000e+00, 0.00000000e+00, 0.00000000e+00,
       0.00000000e+00, 0.00000000e+00]),
                     array([0.00000000e+00, 0.00000000e+00, 1.58748977e+11, 0.00000000e+00,
       0.00000000e+00, 0.00000000e+00, 0.00000000e+00, 0.00000000e+00,
       0.00000000e+00, 3.49571425e+07, 0.00000000e+00, 0.00000000e+00,
       0.00000000e+00, 0.00000000e+00, 1.18105482e+10, 4.90299325e+09,
       0.00000000e+00, 0.00000000e+00, 0.00000000e+00, 0.00000000e+00,
       0.00000000e+00, 0.00000000e+00, 0.00000000e+00, 7.17448750e+09,
       0.00000000e+00, 4.32461467e+07, 0.00000000e+00, 0.00000000e+00,
       0.00000000e+00, 0.00000000e+00, 0.00000000e+00, 0.00000000e+00,
       0.00000000e+00, 1.32051821e+10, 0.00000000e+00, 0.00000000e+00,
       0.00000000e+00, 0.00000000e+00, 0.00000000e+00, 0.00000000e+00,
       0.00000000e+00, 0.00000000e+00, 0.00000000e+00, 0.00000000e+00,
       0.00000000e+00, 0.00000000e+00, 0.00000000e+00, 0.00000000e+00,
       0.00000000e+00, 7.63986886e+07]),
                     array([0.00000000e+00, 0.00000000e+00, 2.25371310e+11, 0.00000000e+00,
       9.28755030e+08, 2.08564256e+10, 1.56992105e+10, 0.00000000e+00,
       1.97302092e+09, 4.98781179e+11, 0.00000000e+00, 0.00000000e+00,
       1.42978767e+09, 0.00000000e+00, 0.00000000e+00, 3.36483673e+10,
       0.00000000e+00, 0.00000000e+00, 0.00000000e+00, 0.00000000e+00,
       0.00000000e+00, 0.00000000e+00, 0.00000000e+00, 1.80166463e+11,
       0.00000000e+00, 0.00000000e+00, 1.55719418e+11, 0.00000000e+00,
       0.00000000e+00, 0.00000000e+00, 4.64811555e+09, 2.08140256e+10,
       0.00000000e+00, 1.05350684e+10, 0.00000000e+00, 0.00000000e+00,
       0.00000000e+00, 1.29022486e+11, 3.56641841e+10, 0.00000000e+00,
       0.00000000e+00, 0.00000000e+00, 1.28449717e+09, 4.38191171e+10,
       2.66094788e+10, 0.00000000e+00, 3.75475509e+09, 0.00000000e+00,
       1.07899812e+11, 0.00000000e+00]),
                     array([0.00000000e+00, 0.00000000e+00, 4.58731146e+08, 0.00000000e+00,
       0.00000000e+00, 1.66044245e+10, 7.11273316e+09, 0.00000000e+00,
       0.00000000e+00, 1.06425910e+11, 9.01592289e+10, 0.00000000e+00,
       6.36464916e+10, 0.00000000e+00, 0.00000000e+00, 0.00000000e+00,
       0.00000000e+00, 0.00000000e+00, 0.00000000e+00, 1.40153929e+10,
       0.00000000e+00, 0.00000000e+00, 0.00000000e+00, 0.00000000e+00,
       0.00000000e+00, 0.00000000e+00, 8.79108572e+07, 0.00000000e+00,
       0.00000000e+00, 0.00000000e+00, 0.00000000e+00, 0.00000000e+00,
       0.00000000e+00, 0.00000000e+00, 1.05500292e+10, 0.00000000e+00,
       0.00000000e+00, 0.00000000e+00, 0.00000000e+00, 0.00000000e+00,
       0.00000000e+00, 1.98439499e+10, 8.85225093e+09, 6.15740103e+09,
       0.00000000e+00, 8.62780138e+09, 2.19987902e+10, 0.00000000e+00,
       3.84559725e+11, 0.00000000e+00]),
                     array([0.00000000e+00, 0.00000000e+00, 0.00000000e+00, 0.00000000e+00,
       0.00000000e+00, 0.00000000e+00, 2.78332564e+09, 0.00000000e+00,
       2.29289413e+08, 0.00000000e+00, 1.28625169e+10, 0.00000000e+00,
       9.51130023e+09, 0.00000000e+00, 0.00000000e+00, 0.00000000e+00,
       0.00000000e+00, 0.00000000e+00, 7.39964443e+09, 0.00000000e+00,
       4.13483343e+07, 0.00000000e+00, 0.00000000e+00, 0.00000000e+00,
       0.00000000e+00, 0.00000000e+00, 0.00000000e+00, 0.00000000e+00,
       0.00000000e+00, 0.00000000e+00, 0.00000000e+00, 0.00000000e+00,
       0.00000000e+00, 0.00000000e+00, 0.00000000e+00, 0.00000000e+00,
       0.00000000e+00, 0.00000000e+00, 2.03231678e+08, 0.00000000e+00,
       0.00000000e+00, 4.27869224e+08, 1.71061512e+09, 0.00000000e+00,
       9.38381775e+09, 0.00000000e+00, 0.00000000e+00, 0.00000000e+00,
       7.03022155e+08, 0.00000000e+00]),
                     array([0., 0., 0., 0., 0., 0., 0., 0., 0., 0., 0., 0., 0., 0., 0., 0., 0.,
       0., 0., 0., 0., 0., 0., 0., 0., 0., 0., 0., 0., 0., 0., 0., 0., 0.,
       0., 0., 0., 0., 0., 0., 0., 0., 0., 0., 0., 0., 0., 0., 0., 0.]),
                     array([0.00000000e+00, 0.00000000e+00, 0.00000000e+00, 0.00000000e+00,
       0.00000000e+00, 0.00000000e+00, 0.00000000e+00, 8.02241697e+08,
       0.00000000e+00, 0.00000000e+00, 0.00000000e+00, 0.00000000e+00,
       0.00000000e+00, 0.00000000e+00, 0.00000000e+00, 0.00000000e+00,
       0.00000000e+00, 0.00000000e+00, 0.00000000e+00, 0.00000000e+00,
       0.00000000e+00, 0.00000000e+00, 0.00000000e+00, 0.00000000e+00,
       0.00000000e+00, 0.00000000e+00, 0.00000000e+00, 0.00000000e+00,
       0.00000000e+00, 0.00000000e+00, 0.00000000e+00, 0.00000000e+00,
       0.00000000e+00, 0.00000000e+00, 0.00000000e+00, 0.00000000e+00,
       0.00000000e+00, 0.00000000e+00, 0.00000000e+00, 0.00000000e+00,
       0.00000000e+00, 0.00000000e+00, 0.00000000e+00, 0.00000000e+00,
       0.00000000e+00, 0.00000000e+00, 0.00000000e+00, 0.00000000e+00,
       0.00000000e+00, 0.00000000e+00]),
                     array([0., 0., 0., 0., 0., 0., 0., 0., 0., 0., 0., 0., 0., 0., 0., 0., 0.,
       0., 0., 0., 0., 0., 0., 0., 0., 0., 0., 0., 0., 0., 0., 0., 0., 0.,
       0., 0., 0., 0., 0., 0., 0., 0., 0., 0., 0., 0., 0., 0., 0., 0.])],
         'r': 10.0,
         'r_factor': 10,
         'tol_factor': 0.5},
 'ftol': 1e-05,
 'maxiter': 20,
 'method': 'Newton-CG',
 'savedata': ['alpha', 'obj_func_values', 'epf'],
 'step_size_adapt': 2}
2025-10-13 13:26:50,098 : INFO : popt.loop.optimize :        iter       alpha_iter obj_func        step-size       cov[0,0]        
2025-10-13 13:26:50,098 : INFO : popt.loop.optimize :        0                     4.0409e+02     
2025-10-13 13:26:50,099 : INFO : popt.loop.optimize :        -----> EPF-EnOpt: 0, 10.0 (outer iteration, penalty factor)
       -----> Mean EPF-Opt penalty term: 21348400047.848312
  0%|          | 0/50 [00:00<?, ?it/s]  2%|▏         | 1/50 [02:04<1:42:04, 125.00s/it]  6%|▌         | 3/50 [02:31<33:01, 42.15s/it]    30%|███       | 15/50 [02:32<03:22,  5.79s/it] 34%|███▍      | 17/50 [02:37<02:54,  5.29s/it]100%|██████████| 50/50 [02:37<00:00,  3.15s/it]
       -----> Mean EPF-Opt penalty term: 19754823412.917965
  0%|          | 0/50 [00:00<?, ?it/s]  2%|▏         | 1/50 [01:58<1:36:36, 118.30s/it]  4%|▍         | 2/50 [02:09<44:01, 55.04s/it]    10%|█         | 5/50 [02:27<15:06, 20.14s/it] 20%|██        | 10/50 [02:30<05:09,  7.75s/it] 64%|██████▍   | 32/50 [02:31<00:28,  1.60s/it]100%|██████████| 50/50 [02:31<00:00,  3.03s/it]
2025-10-13 13:32:43,726 : INFO : popt.loop.optimize :        1          0          2.7785e+02      1.00e-01        2.47e-03       
       -----> Mean EPF-Opt penalty term: 14693437635.073257
  0%|          | 0/50 [00:00<?, ?it/s]  2%|▏         | 1/50 [02:26<1:59:16, 146.06s/it] 14%|█▍        | 7/50 [02:30<11:21, 15.86s/it]    20%|██        | 10/50 [02:33<06:42, 10.07s/it] 44%|████▍     | 22/50 [02:37<01:33,  3.35s/it]100%|██████████| 50/50 [02:37<00:00,  3.14s/it]
       -----> Mean EPF-Opt penalty term: 15104653841.378208
  0%|          | 0/50 [00:00<?, ?it/s]  2%|▏         | 1/50 [02:09<1:45:46, 129.52s/it]  4%|▍         | 2/50 [02:28<51:47, 64.75s/it]    12%|█▏        | 6/50 [02:32<11:23, 15.54s/it] 38%|███▊      | 19/50 [02:34<01:49,  3.54s/it] 56%|█████▌    | 28/50 [02:41<00:50,  2.29s/it]100%|██████████| 50/50 [02:41<00:00,  3.22s/it]
2025-10-13 13:38:46,632 : INFO : popt.loop.optimize :        2          0          2.4392e+02      1.00e-01        2.50e-03       
       -----> Mean EPF-Opt penalty term: 12903742346.640247
  0%|          | 0/50 [00:00<?, ?it/s]  2%|▏         | 1/50 [02:19<1:53:51, 139.42s/it]  6%|▌         | 3/50 [02:21<28:59, 37.01s/it]    12%|█▏        | 6/50 [02:27<11:22, 15.50s/it] 14%|█▍        | 7/50 [02:30<09:04, 12.65s/it] 46%|████▌     | 23/50 [02:33<00:58,  2.18s/it]100%|██████████| 50/50 [02:33<00:00,  3.06s/it]
       -----> Mean EPF-Opt penalty term: 13515711610.305756
  0%|          | 0/50 [00:00<?, ?it/s]  2%|▏         | 1/50 [02:45<2:14:53, 165.17s/it] 38%|███▊      | 19/50 [02:45<03:11,  6.19s/it]   38%|███▊      | 19/50 [02:59<03:11,  6.19s/it] 50%|█████     | 25/50 [03:03<02:10,  5.21s/it]100%|██████████| 50/50 [03:03<00:00,  3.67s/it]
2025-10-13 13:45:08,004 : INFO : popt.loop.optimize :        3          0          2.1604e+02      1.00e-01        2.52e-03       
       -----> Mean EPF-Opt penalty term: 11432562279.589409
  0%|          | 0/50 [00:00<?, ?it/s]  2%|▏         | 1/50 [02:14<1:49:41, 134.31s/it]  6%|▌         | 3/50 [02:21<29:17, 37.39s/it]    14%|█▍        | 7/50 [02:28<09:26, 13.17s/it] 20%|██        | 10/50 [02:51<07:16, 10.92s/it] 94%|█████████▍| 47/50 [02:52<00:03,  1.32s/it]100%|██████████| 50/50 [02:52<00:00,  3.46s/it]
       -----> Mean EPF-Opt penalty term: 11865277585.689447
  0%|          | 0/50 [00:00<?, ?it/s]  2%|▏         | 1/50 [02:35<2:06:41, 155.13s/it]  6%|▌         | 3/50 [02:39<32:40, 41.72s/it]    30%|███       | 15/50 [02:46<03:38,  6.23s/it]100%|██████████| 50/50 [02:46<00:00,  3.34s/it]
2025-10-13 13:51:32,301 : INFO : popt.loop.optimize :        4          0          2.0156e+02      1.00e-01        2.54e-03       
       -----> Mean EPF-Opt penalty term: 10668907422.824009
  0%|          | 0/50 [00:00<?, ?it/s]  2%|▏         | 1/50 [02:04<1:42:00, 124.91s/it]  6%|▌         | 3/50 [02:48<38:03, 48.59s/it]    10%|█         | 5/50 [02:48<17:45, 23.67s/it] 56%|█████▌    | 28/50 [02:52<00:57,  2.63s/it] 66%|██████▌   | 33/50 [03:01<00:41,  2.47s/it]100%|██████████| 50/50 [03:01<00:00,  3.63s/it]
       -----> Mean EPF-Opt penalty term: 10907562435.424149
  0%|          | 0/50 [00:00<?, ?it/s]  2%|▏         | 1/50 [02:14<1:50:05, 134.81s/it] 10%|█         | 5/50 [02:41<19:19, 25.76s/it]    16%|█▌        | 8/50 [02:50<10:23, 14.85s/it] 82%|████████▏ | 41/50 [02:55<00:16,  1.89s/it]100%|██████████| 50/50 [02:55<00:00,  3.51s/it]
2025-10-13 13:58:13,751 : INFO : popt.loop.optimize :        5          0          1.8074e+02      1.00e-01        2.55e-03       
       -----> Mean EPF-Opt penalty term: 9570028288.357424
  0%|          | 0/50 [00:00<?, ?it/s]  2%|▏         | 1/50 [02:25<1:59:09, 145.91s/it]  8%|▊         | 4/50 [02:32<22:36, 29.49s/it]    10%|█         | 5/50 [02:37<16:54, 22.56s/it] 44%|████▍     | 22/50 [03:00<01:53,  4.06s/it]100%|██████████| 50/50 [03:00<00:00,  3.60s/it]
       -----> Mean EPF-Opt penalty term: 10222404728.096071
  0%|          | 0/50 [00:00<?, ?it/s]  2%|▏         | 1/50 [02:42<2:12:37, 162.39s/it] 12%|█▏        | 6/50 [02:47<15:16, 20.82s/it]    22%|██▏       | 11/50 [02:49<06:08,  9.44s/it] 28%|██▊       | 14/50 [02:52<04:03,  6.78s/it] 74%|███████▍  | 37/50 [03:02<00:23,  1.82s/it]100%|██████████| 50/50 [03:02<00:00,  3.65s/it]
2025-10-13 14:05:01,219 : INFO : popt.loop.optimize :        6          0          1.5321e+02      1.00e-01        2.54e-03       
       -----> Mean EPF-Opt penalty term: 8117967000.200596
  0%|          | 0/50 [00:00<?, ?it/s]  2%|▏         | 1/50 [02:36<2:07:39, 156.31s/it]  4%|▍         | 2/50 [02:48<57:09, 71.45s/it]    12%|█▏        | 6/50 [02:50<12:15, 16.72s/it] 22%|██▏       | 11/50 [02:50<04:36,  7.08s/it] 38%|███▊      | 19/50 [02:52<01:39,  3.20s/it]100%|██████████| 50/50 [02:52<00:00,  3.45s/it]
       -----> Mean EPF-Opt penalty term: 8885137272.804852
  0%|          | 0/50 [00:00<?, ?it/s]  2%|▏         | 1/50 [02:08<1:45:00, 128.58s/it]  4%|▍         | 2/50 [02:19<47:20, 59.18s/it]     6%|▌         | 3/50 [02:53<37:19, 47.65s/it] 12%|█▏        | 6/50 [02:56<12:19, 16.80s/it] 78%|███████▊  | 39/50 [02:56<00:16,  1.49s/it] 86%|████████▌ | 43/50 [02:56<00:09,  1.29s/it] 98%|█████████▊| 49/50 [02:57<00:01,  1.02s/it]100%|██████████| 50/50 [02:57<00:00,  3.55s/it]
2025-10-13 14:11:36,212 : INFO : popt.loop.optimize :        7          0          1.4445e+02      1.00e-01        2.52e-03       
       -----> Mean EPF-Opt penalty term: 7654359741.608613
  0%|          | 0/50 [00:00<?, ?it/s]  2%|▏         | 1/50 [02:36<2:07:54, 156.62s/it]  4%|▍         | 2/50 [02:39<53:05, 66.37s/it]     6%|▌         | 3/50 [02:40<28:21, 36.20s/it]  8%|▊         | 4/50 [02:41<17:21, 22.64s/it] 16%|█▌        | 8/50 [02:48<05:38,  8.06s/it] 62%|██████▏   | 31/50 [02:52<00:26,  1.37s/it] 64%|██████▍   | 32/50 [02:54<00:25,  1.40s/it] 84%|████████▍ | 42/50 [03:01<00:08,  1.08s/it]100%|██████████| 50/50 [03:01<00:00,  3.62s/it]
       -----> Mean EPF-Opt penalty term: 8014221489.106605
  0%|          | 0/50 [00:00<?, ?it/s]  2%|▏         | 1/50 [02:46<2:16:21, 166.97s/it]  6%|▌         | 3/50 [02:50<35:03, 44.76s/it]    18%|█▊        | 9/50 [02:57<07:55, 11.61s/it]100%|██████████| 50/50 [02:57<00:00,  3.56s/it]
2025-10-13 14:18:19,817 : INFO : popt.loop.optimize :        8          0          1.2888e+02      1.00e-01        2.52e-03       
       -----> Mean EPF-Opt penalty term: 6831411763.233978
  0%|          | 0/50 [00:00<?, ?it/s]  2%|▏         | 1/50 [02:45<2:15:29, 165.91s/it] 12%|█▏        | 6/50 [02:59<16:43, 22.80s/it]   100%|██████████| 50/50 [02:59<00:00,  3.59s/it]
       -----> Mean EPF-Opt penalty term: 7340397965.850513
  0%|          | 0/50 [00:00<?, ?it/s]  2%|▏         | 1/50 [02:23<1:56:48, 143.03s/it]  4%|▍         | 2/50 [02:35<52:56, 66.17s/it]     6%|▌         | 3/50 [02:51<33:51, 43.22s/it] 24%|██▍       | 12/50 [02:52<04:04,  6.45s/it] 30%|███       | 15/50 [02:59<03:01,  5.17s/it] 42%|████▏     | 21/50 [03:10<01:46,  3.66s/it]100%|██████████| 50/50 [03:10<00:00,  3.80s/it]
2025-10-13 14:25:14,163 : INFO : popt.loop.optimize :        9          0          1.1310e+02      1.00e-01        2.51e-03       
       -----> Mean EPF-Opt penalty term: 5997864875.730191
  0%|          | 0/50 [00:00<?, ?it/s]  2%|▏         | 1/50 [02:34<2:05:51, 154.10s/it]  6%|▌         | 3/50 [02:56<37:43, 48.16s/it]     8%|▊         | 4/50 [02:56<24:11, 31.55s/it] 38%|███▊      | 19/50 [03:00<02:03,  3.98s/it] 40%|████      | 20/50 [03:04<02:00,  4.02s/it]100%|██████████| 50/50 [03:04<00:00,  3.70s/it]
       -----> Mean EPF-Opt penalty term: 6552855791.643134
  0%|          | 0/50 [00:00<?, ?it/s]  2%|▏         | 1/50 [02:20<1:55:03, 140.89s/it]  6%|▌         | 3/50 [02:22<29:12, 37.28s/it]    10%|█         | 5/50 [02:55<19:50, 26.46s/it] 12%|█▏        | 6/50 [03:05<16:10, 22.05s/it] 60%|██████    | 30/50 [03:13<00:48,  2.45s/it]100%|██████████| 50/50 [03:13<00:00,  3.86s/it]
2025-10-13 14:32:16,559 : INFO : popt.loop.optimize :        10         0          1.0521e+02      1.00e-01        2.52e-03       
       -----> Mean EPF-Opt penalty term: 5580402038.414312
  0%|          | 0/50 [00:00<?, ?it/s]  2%|▏         | 1/50 [02:51<2:19:53, 171.30s/it] 10%|█         | 5/50 [02:56<19:58, 26.63s/it]    16%|█▌        | 8/50 [03:18<12:10, 17.39s/it] 96%|█████████▌| 48/50 [03:32<00:04,  2.04s/it]100%|██████████| 50/50 [03:32<00:00,  4.25s/it]
       -----> Mean EPF-Opt penalty term: 6266992697.227059
  0%|          | 0/50 [00:00<?, ?it/s]  2%|▏         | 1/50 [02:33<2:05:36, 153.81s/it]  4%|▍         | 2/50 [02:53<59:42, 74.64s/it]     6%|▌         | 3/50 [02:56<33:07, 42.28s/it] 14%|█▍        | 7/50 [03:09<10:02, 14.01s/it] 28%|██▊       | 14/50 [03:11<03:05,  5.15s/it] 76%|███████▌  | 38/50 [03:17<00:17,  1.45s/it]100%|██████████| 50/50 [03:17<00:00,  3.95s/it]
       -----> Mean EPF-Opt penalty term: 5940365978.8153925
  0%|          | 0/50 [00:00<?, ?it/s]  2%|▏         | 1/50 [02:12<1:48:28, 132.82s/it]  4%|▍         | 2/50 [02:26<50:22, 62.96s/it]     6%|▌         | 3/50 [02:41<32:10, 41.07s/it] 10%|█         | 5/50 [03:17<20:52, 27.84s/it] 20%|██        | 10/50 [03:20<06:26,  9.67s/it] 42%|████▏     | 21/50 [03:32<01:52,  3.86s/it]100%|██████████| 50/50 [03:32<00:00,  4.26s/it]
       -----> Mean EPF-Opt penalty term: 5881353187.858994
  0%|          | 0/50 [00:00<?, ?it/s]  2%|▏         | 1/50 [02:45<2:14:56, 165.23s/it]  8%|▊         | 4/50 [02:47<24:26, 31.87s/it]    16%|█▌        | 8/50 [02:50<09:06, 13.01s/it] 28%|██▊       | 14/50 [02:57<03:45,  6.25s/it] 34%|███▍      | 17/50 [03:03<02:47,  5.09s/it]100%|██████████| 50/50 [03:03<00:00,  3.67s/it]
       -----> Mean EPF-Opt penalty term: 5816108415.674516
  0%|          | 0/50 [00:00<?, ?it/s]  2%|▏         | 1/50 [02:47<2:16:47, 167.51s/it]  4%|▍         | 2/50 [02:56<59:29, 74.36s/it]    10%|█         | 5/50 [02:59<16:21, 21.80s/it] 20%|██        | 10/50 [03:00<05:26,  8.16s/it] 22%|██▏       | 11/50 [03:01<04:36,  7.10s/it] 30%|███       | 15/50 [03:02<02:17,  3.93s/it] 58%|█████▊    | 29/50 [03:06<00:28,  1.35s/it] 64%|██████▍   | 32/50 [03:08<00:22,  1.24s/it]100%|██████████| 50/50 [03:08<00:00,  3.76s/it]
       -----> Mean EPF-Opt penalty term: 5663544448.583285
  0%|          | 0/50 [00:00<?, ?it/s]  2%|▏         | 1/50 [02:36<2:07:56, 156.66s/it]  8%|▊         | 4/50 [02:52<25:57, 33.86s/it]    20%|██        | 10/50 [03:03<07:40, 11.52s/it] 56%|█████▌    | 28/50 [03:14<01:13,  3.35s/it]100%|██████████| 50/50 [03:14<00:00,  3.90s/it]
       -----> Mean EPF-Opt penalty term: 5620214895.651602
  0%|          | 0/50 [00:00<?, ?it/s]  2%|▏         | 1/50 [02:20<1:54:29, 140.19s/it]  4%|▍         | 2/50 [02:24<48:07, 60.15s/it]     6%|▌         | 3/50 [02:45<33:10, 42.35s/it] 10%|█         | 5/50 [02:46<13:54, 18.54s/it] 12%|█▏        | 6/50 [02:47<10:03, 13.72s/it] 18%|█▊        | 9/50 [02:57<05:20,  7.83s/it] 42%|████▏     | 21/50 [03:09<01:18,  2.70s/it]100%|██████████| 50/50 [03:09<00:00,  3.80s/it]
2025-10-13 14:57:51,682 : INFO : popt.loop.optimize :        11         5          1.0504e+02      3.13e-03        2.56e-03       
       -----> Mean EPF-Opt penalty term: 5571459904.853828
  0%|          | 0/50 [00:00<?, ?it/s]  2%|▏         | 1/50 [02:34<2:06:25, 154.81s/it]  4%|▍         | 2/50 [02:47<56:51, 71.08s/it]     6%|▌         | 3/50 [02:51<31:54, 40.74s/it] 20%|██        | 10/50 [02:52<04:57,  7.43s/it] 22%|██▏       | 11/50 [03:03<05:09,  7.94s/it] 74%|███████▍  | 37/50 [03:47<00:34,  2.66s/it]100%|██████████| 50/50 [03:47<00:00,  4.54s/it]
       -----> Mean EPF-Opt penalty term: 6031986440.283181
  0%|          | 0/50 [00:00<?, ?it/s]  2%|▏         | 1/50 [02:45<2:14:55, 165.21s/it] 18%|█▊        | 9/50 [03:09<10:59, 16.07s/it]    42%|████▏     | 21/50 [03:14<02:44,  5.67s/it] 94%|█████████▍| 47/50 [03:18<00:05,  1.96s/it]100%|██████████| 50/50 [03:18<00:00,  3.97s/it]
2025-10-13 15:05:41,711 : INFO : popt.loop.optimize :        12         0          1.0309e+02      1.00e-01        2.57e-03       
       -----> Mean EPF-Opt penalty term: 5469702598.4755
  0%|          | 0/50 [00:00<?, ?it/s]  2%|▏         | 1/50 [02:12<1:47:58, 132.22s/it]  6%|▌         | 3/50 [02:14<27:25, 35.01s/it]     8%|▊         | 4/50 [02:15<17:57, 23.42s/it] 12%|█▏        | 6/50 [02:38<12:46, 17.43s/it] 22%|██▏       | 11/50 [02:46<04:43,  7.27s/it] 42%|████▏     | 21/50 [02:57<01:35,  3.29s/it]100%|██████████| 50/50 [02:57<00:00,  3.55s/it]
       -----> Mean EPF-Opt penalty term: 5742394241.375601
  0%|          | 0/50 [00:00<?, ?it/s]  2%|▏         | 1/50 [02:29<2:01:47, 149.13s/it]  8%|▊         | 4/50 [02:34<22:38, 29.54s/it]    10%|█         | 5/50 [02:40<17:18, 23.08s/it] 12%|█▏        | 6/50 [02:42<12:34, 17.14s/it] 14%|█▍        | 7/50 [03:03<13:05, 18.27s/it] 36%|███▌      | 18/50 [03:04<01:48,  3.38s/it] 94%|█████████▍| 47/50 [03:05<00:02,  1.17it/s]100%|██████████| 50/50 [03:05<00:00,  3.72s/it]
2025-10-13 15:12:29,559 : INFO : popt.loop.optimize :        13         0          9.4948e+01      1.00e-01        2.54e-03       
       -----> Mean EPF-Opt penalty term: 5040327600.001807
  0%|          | 0/50 [00:00<?, ?it/s]  2%|▏         | 1/50 [02:59<2:26:16, 179.11s/it] 16%|█▌        | 8/50 [03:00<11:30, 16.45s/it]    42%|████▏     | 21/50 [03:04<02:25,  5.02s/it] 94%|█████████▍| 47/50 [04:13<00:10,  3.45s/it]100%|██████████| 50/50 [04:13<00:00,  5.07s/it]
       -----> Mean EPF-Opt penalty term: 5360379851.455181
  0%|          | 0/50 [00:00<?, ?it/s]  2%|▏         | 1/50 [02:20<1:54:24, 140.10s/it]  6%|▌         | 3/50 [02:53<38:15, 48.84s/it]    16%|█▌        | 8/50 [03:06<10:40, 15.24s/it] 98%|█████████▊| 49/50 [03:11<00:01,  1.71s/it]100%|██████████| 50/50 [03:11<00:00,  3.83s/it]
2025-10-13 15:20:39,412 : INFO : popt.loop.optimize :        14         0          8.3264e+01      1.00e-01        2.53e-03       
       -----> Mean EPF-Opt penalty term: 4423897018.803686
  0%|          | 0/50 [00:00<?, ?it/s]  2%|▏         | 1/50 [02:49<2:18:02, 169.03s/it] 74%|███████▍  | 37/50 [02:58<00:45,  3.49s/it]  100%|██████████| 50/50 [02:58<00:00,  3.58s/it]
       -----> Mean EPF-Opt penalty term: 4786288126.492188
  0%|          | 0/50 [00:00<?, ?it/s]  2%|▏         | 1/50 [02:43<2:13:12, 163.12s/it]  8%|▊         | 4/50 [02:44<23:51, 31.13s/it]    32%|███▏      | 16/50 [02:49<03:21,  5.93s/it] 50%|█████     | 25/50 [02:50<01:19,  3.18s/it] 68%|██████▊   | 34/50 [03:00<00:37,  2.34s/it] 86%|████████▌ | 43/50 [03:03<00:11,  1.62s/it]100%|██████████| 50/50 [03:03<00:00,  3.67s/it]
2025-10-13 15:27:26,477 : INFO : popt.loop.optimize :        15         0          7.5390e+01      1.00e-01        2.57e-03       
       -----> Mean EPF-Opt penalty term: 4007448032.929631
  0%|          | 0/50 [00:00<?, ?it/s]  2%|▏         | 1/50 [02:39<2:10:11, 159.41s/it] 14%|█▍        | 7/50 [02:40<12:03, 16.83s/it]    16%|█▌        | 8/50 [02:57<11:46, 16.82s/it] 78%|███████▊  | 39/50 [02:57<00:21,  1.93s/it] 90%|█████████ | 45/50 [03:09<00:09,  1.93s/it]100%|██████████| 50/50 [03:09<00:00,  3.79s/it]
       -----> Mean EPF-Opt penalty term: 4283688690.5700884
  0%|          | 0/50 [00:00<?, ?it/s]  2%|▏         | 1/50 [02:43<2:13:16, 163.18s/it]  6%|▌         | 3/50 [02:48<34:45, 44.36s/it]    10%|█         | 5/50 [02:48<16:11, 21.59s/it] 10%|█         | 5/50 [03:03<16:11, 21.59s/it] 12%|█▏        | 6/50 [03:21<18:04, 24.64s/it]100%|██████████| 50/50 [03:21<00:00,  4.04s/it]
2025-10-13 15:34:42,489 : INFO : popt.loop.optimize :        16         0          7.0648e+01      1.00e-01        2.57e-03       
       -----> Mean EPF-Opt penalty term: 3756905377.7963543
  0%|          | 0/50 [00:00<?, ?it/s]  2%|▏         | 1/50 [02:35<2:06:40, 155.11s/it] 10%|█         | 5/50 [02:58<21:05, 28.13s/it]    50%|█████     | 25/50 [03:13<01:55,  4.63s/it] 94%|█████████▍| 47/50 [03:34<00:07,  2.52s/it] 96%|█████████▌| 48/50 [04:06<00:07,  3.57s/it]100%|██████████| 50/50 [04:06<00:00,  4.94s/it]
       -----> Mean EPF-Opt penalty term: 4054231172.692526
  0%|          | 0/50 [00:00<?, ?it/s]  2%|▏         | 1/50 [02:39<2:09:59, 159.17s/it]  4%|▍         | 2/50 [02:40<53:03, 66.33s/it]     8%|▊         | 4/50 [03:00<23:46, 31.01s/it] 12%|█▏        | 6/50 [03:09<13:32, 18.47s/it]100%|██████████| 50/50 [03:09<00:00,  3.79s/it]
2025-10-13 15:42:43,096 : INFO : popt.loop.optimize :        17         0          6.5484e+01      1.00e-01        2.56e-03       
       -----> Mean EPF-Opt penalty term: 3483465840.7549944
  0%|          | 0/50 [00:00<?, ?it/s]  2%|▏         | 1/50 [02:49<2:18:20, 169.41s/it]  4%|▍         | 2/50 [03:07<1:04:06, 80.14s/it]  24%|██▍       | 12/50 [03:25<06:26, 10.18s/it] 100%|██████████| 50/50 [03:25<00:00,  4.11s/it]
       -----> Mean EPF-Opt penalty term: 3906501162.1942663
  0%|          | 0/50 [00:00<?, ?it/s]  2%|▏         | 1/50 [02:58<2:25:55, 178.69s/it]  4%|▍         | 2/50 [03:09<1:03:58, 79.97s/it]   6%|▌         | 3/50 [03:15<36:04, 46.05s/it]   16%|█▌        | 8/50 [04:22<14:45, 21.08s/it]100%|██████████| 50/50 [04:22<00:00,  5.25s/it]
2025-10-13 15:51:15,808 : INFO : popt.loop.optimize :        18         0          6.0964e+01      1.00e-01        2.57e-03       
       -----> Mean EPF-Opt penalty term: 3243324104.3550806
  0%|          | 0/50 [00:00<?, ?it/s]  2%|▏         | 1/50 [02:37<2:08:24, 157.23s/it]  4%|▍         | 2/50 [03:29<1:16:15, 95.32s/it]  72%|███████▏  | 36/50 [04:42<01:14,  5.31s/it] 100%|██████████| 50/50 [04:42<00:00,  5.65s/it]
       -----> Mean EPF-Opt penalty term: 3628982087.4030056
  0%|          | 0/50 [00:00<?, ?it/s]  2%|▏         | 1/50 [03:15<2:39:48, 195.69s/it] 26%|██▌       | 13/50 [03:22<06:59, 11.33s/it]   94%|█████████▍| 47/50 [03:37<00:08,  2.69s/it]100%|██████████| 50/50 [03:37<00:00,  4.35s/it]
       -----> Mean EPF-Opt penalty term: 3274539536.882257
  0%|          | 0/50 [00:00<?, ?it/s]  2%|▏         | 1/50 [03:12<2:37:00, 192.26s/it] 12%|█▏        | 6/50 [03:33<20:04, 27.38s/it]   100%|██████████| 50/50 [03:33<00:00,  4.27s/it]
       -----> Mean EPF-Opt penalty term: 3250891154.3407235
  0%|          | 0/50 [00:00<?, ?it/s]  2%|▏         | 1/50 [02:52<2:21:01, 172.69s/it]  4%|▍         | 2/50 [03:04<1:02:19, 77.90s/it]   6%|▌         | 3/50 [03:24<40:25, 51.61s/it]   16%|█▌        | 8/50 [03:27<08:46, 12.54s/it] 30%|███       | 15/50 [03:28<02:56,  5.06s/it]100%|██████████| 50/50 [03:28<00:00,  4.17s/it]
       -----> Mean EPF-Opt penalty term: 3251142327.1072574
  0%|          | 0/50 [00:00<?, ?it/s]  2%|▏         | 1/50 [02:35<2:06:53, 155.39s/it]  6%|▌         | 3/50 [02:59<38:37, 49.32s/it]    16%|█▌        | 8/50 [03:13<10:53, 15.57s/it] 22%|██▏       | 11/50 [03:17<06:32, 10.06s/it] 30%|███       | 15/50 [03:27<03:59,  6.86s/it] 76%|███████▌  | 38/50 [03:34<00:21,  1.79s/it]100%|██████████| 50/50 [03:34<00:00,  4.30s/it]
       -----> Mean EPF-Opt penalty term: 3245584757.192364
  0%|          | 0/50 [00:00<?, ?it/s]  2%|▏         | 1/50 [03:16<2:40:51, 196.96s/it]  6%|▌         | 3/50 [03:29<43:31, 55.56s/it]    16%|█▌        | 8/50 [03:32<10:59, 15.70s/it] 78%|███████▊  | 39/50 [03:41<00:26,  2.37s/it]100%|██████████| 50/50 [03:41<00:00,  4.43s/it]
2025-10-13 16:16:07,975 : INFO : popt.loop.optimize :        19         4          6.0922e+01      6.25e-03        2.57e-03       
       -----> Mean EPF-Opt penalty term: 3241166877.6423416
  0%|          | 0/50 [00:00<?, ?it/s]  2%|▏         | 1/50 [02:28<2:01:03, 148.23s/it]  6%|▌         | 3/50 [02:48<35:59, 45.95s/it]     8%|▊         | 4/50 [02:57<25:29, 33.24s/it] 32%|███▏      | 16/50 [02:59<02:47,  4.93s/it] 76%|███████▌  | 38/50 [03:03<00:19,  1.63s/it] 86%|████████▌ | 43/50 [03:41<00:19,  2.74s/it] 90%|█████████ | 45/50 [03:48<00:14,  2.81s/it]100%|██████████| 50/50 [03:48<00:00,  4.57s/it]
       -----> Mean EPF-Opt penalty term: 3564393220.9861546
  0%|          | 0/50 [00:00<?, ?it/s]  2%|▏         | 1/50 [03:21<2:44:30, 201.43s/it] 14%|█▍        | 7/50 [03:24<15:26, 21.55s/it]    38%|███▊      | 19/50 [03:34<03:25,  6.62s/it]100%|██████████| 50/50 [03:34<00:00,  4.28s/it]
2025-10-13 16:24:15,173 : INFO : popt.loop.optimize :        20         0          5.8637e+01      1.00e-01        2.58e-03       
2025-10-13 16:24:15,174 : INFO : popt.loop.optimize :        Optimization converged in 20 iterations 
2025-10-13 16:24:15,175 : INFO : popt.loop.optimize :        Optimization converged with final obj_func = 58.6368
2025-10-13 16:24:15,175 : INFO : popt.loop.optimize :        Total number of function evaluations = 30
2025-10-13 16:24:15,175 : INFO : popt.loop.optimize :        Total number of jacobi evaluations = 20
2025-10-13 16:24:15,175 : INFO : popt.loop.optimize :        Total elapsed time = 180.24 minutes
2025-10-13 16:24:15,175 : INFO : popt.loop.optimize :        ============================================
       -----> Mean EPF-Opt penalty term: 3120876836.0243955
  0%|          | 0/50 [00:00<?, ?it/s]  2%|▏         | 1/50 [03:13<2:38:22, 193.93s/it] 20%|██        | 10/50 [03:16<09:31, 14.29s/it]   36%|███▌      | 18/50 [03:24<03:47,  7.10s/it] 38%|███▊      | 19/50 [03:36<03:51,  7.47s/it]100%|██████████| 50/50 [03:36<00:00,  4.32s/it]
2025-10-13 16:28:13,543 : INFO : popt.loop.optimize :        -----> EPF-EnOpt: 1, 100.0 (outer iteration, penalty factor)
       -----> Mean EPF-Opt penalty term: 31208768360.243958
  0%|          | 0/50 [00:00<?, ?it/s]  2%|▏         | 1/50 [02:09<1:45:49, 129.59s/it]  6%|▌         | 3/50 [02:19<29:09, 37.22s/it]     8%|▊         | 4/50 [02:47<26:10, 34.15s/it] 12%|█▏        | 6/50 [03:42<22:31, 30.71s/it]100%|██████████| 50/50 [03:42<00:00,  4.44s/it]
       -----> Mean EPF-Opt penalty term: 34313825488.76545
  0%|          | 0/50 [00:00<?, ?it/s]  2%|▏         | 1/50 [03:12<2:36:57, 192.20s/it] 14%|█▍        | 7/50 [03:18<15:07, 21.09s/it]    36%|███▌      | 18/50 [03:22<03:28,  6.51s/it] 38%|███▊      | 19/50 [03:23<03:09,  6.12s/it] 54%|█████▍    | 27/50 [03:26<01:15,  3.28s/it] 68%|██████▊   | 34/50 [03:27<00:33,  2.11s/it] 96%|█████████▌| 48/50 [04:12<00:05,  2.67s/it]100%|██████████| 50/50 [04:12<00:00,  5.05s/it]
2025-10-13 16:36:52,906 : INFO : popt.loop.optimize :        1          0          5.7768e+02      1.00e-01        2.57e-03       
       -----> Mean EPF-Opt penalty term: 30471108994.763607
  0%|          | 0/50 [00:00<?, ?it/s]  2%|▏         | 1/50 [02:41<2:11:36, 161.15s/it]  4%|▍         | 2/50 [02:45<55:09, 68.96s/it]     6%|▌         | 3/50 [03:10<38:12, 48.77s/it]  8%|▊         | 4/50 [03:22<26:14, 34.22s/it] 34%|███▍      | 17/50 [03:34<02:42,  4.92s/it] 94%|█████████▍| 47/50 [03:34<00:03,  1.26s/it]100%|██████████| 50/50 [03:34<00:00,  4.29s/it]
       -----> Mean EPF-Opt penalty term: 34831150667.45921
  0%|          | 0/50 [00:00<?, ?it/s]  2%|▏         | 1/50 [03:00<2:27:32, 180.66s/it] 28%|██▊       | 14/50 [03:42<07:21, 12.27s/it]   54%|█████▍    | 27/50 [04:02<02:20,  6.12s/it]100%|██████████| 50/50 [04:02<00:00,  4.86s/it]
2025-10-13 16:45:14,851 : INFO : popt.loop.optimize :        2          0          4.9762e+02      1.00e-01        2.59e-03       
       -----> Mean EPF-Opt penalty term: 26252019602.068825
  0%|          | 0/50 [00:00<?, ?it/s]  2%|▏         | 1/50 [02:59<2:26:19, 179.18s/it]  6%|▌         | 3/50 [03:01<37:03, 47.30s/it]    14%|█▍        | 7/50 [03:01<10:54, 15.22s/it] 26%|██▌       | 13/50 [03:10<04:20,  7.05s/it] 42%|████▏     | 21/50 [03:11<01:38,  3.40s/it] 46%|████▌     | 23/50 [03:22<01:40,  3.73s/it] 94%|█████████▍| 47/50 [04:02<00:06,  2.21s/it] 96%|█████████▌| 48/50 [05:20<00:10,  5.40s/it]100%|██████████| 50/50 [05:20<00:00,  6.42s/it]
       -----> Mean EPF-Opt penalty term: 29576461913.80304
  0%|          | 0/50 [00:00<?, ?it/s]  2%|▏         | 1/50 [03:06<2:32:02, 186.17s/it] 26%|██▌       | 13/50 [03:08<06:26, 10.44s/it]   66%|██████▌   | 33/50 [03:10<00:55,  3.29s/it] 90%|█████████ | 45/50 [03:11<00:10,  2.09s/it] 96%|█████████▌| 48/50 [03:20<00:04,  2.20s/it]100%|██████████| 50/50 [03:20<00:00,  4.01s/it]
       -----> Mean EPF-Opt penalty term: 27146532142.330288
  0%|          | 0/50 [00:00<?, ?it/s]  2%|▏         | 1/50 [02:35<2:06:51, 155.33s/it]  4%|▍         | 2/50 [02:38<52:35, 65.73s/it]     6%|▌         | 3/50 [03:04<37:24, 47.76s/it] 54%|█████▍    | 27/50 [03:12<01:13,  3.19s/it]100%|██████████| 50/50 [03:12<00:00,  3.86s/it]
       -----> Mean EPF-Opt penalty term: 26505047845.917988
  0%|          | 0/50 [00:00<?, ?it/s]  2%|▏         | 1/50 [02:47<2:16:57, 167.71s/it]  6%|▌         | 3/50 [03:01<38:07, 48.68s/it]    26%|██▌       | 13/50 [03:18<05:37,  9.13s/it] 28%|██▊       | 14/50 [03:23<05:14,  8.73s/it]100%|██████████| 50/50 [03:23<00:00,  4.07s/it]
       -----> Mean EPF-Opt penalty term: 26329749797.72599
  0%|          | 0/50 [00:00<?, ?it/s]  2%|▏         | 1/50 [02:49<2:18:05, 169.10s/it]  6%|▌         | 3/50 [03:20<43:23, 55.38s/it]    54%|█████▍    | 27/50 [03:23<01:36,  4.19s/it] 94%|█████████▍| 47/50 [03:39<00:07,  2.39s/it]100%|██████████| 50/50 [03:39<00:00,  4.38s/it]
2025-10-13 17:06:03,288 : INFO : popt.loop.optimize :        3          3          4.9613e+02      1.25e-02        2.61e-03       
       -----> Mean EPF-Opt penalty term: 26173234111.149086
  0%|          | 0/50 [00:00<?, ?it/s]  2%|▏         | 1/50 [02:33<2:05:04, 153.16s/it]  4%|▍         | 2/50 [02:57<1:02:00, 77.52s/it]  10%|█         | 5/50 [02:58<16:40, 22.24s/it]   14%|█▍        | 7/50 [03:10<11:10, 15.60s/it] 30%|███       | 15/50 [03:20<03:16,  5.60s/it] 80%|████████  | 40/50 [03:45<00:21,  2.11s/it] 94%|█████████▍| 47/50 [04:02<00:06,  2.20s/it]100%|██████████| 50/50 [04:02<00:00,  4.86s/it]
       -----> Mean EPF-Opt penalty term: 29329313541.732876
  0%|          | 0/50 [00:00<?, ?it/s]  2%|▏         | 1/50 [03:01<2:28:12, 181.48s/it] 94%|█████████▍| 47/50 [03:10<00:08,  2.91s/it]   96%|█████████▌| 48/50 [03:12<00:05,  2.88s/it]100%|██████████| 50/50 [03:12<00:00,  3.84s/it]
       -----> Mean EPF-Opt penalty term: 29320686895.65852
  0%|          | 0/50 [00:00<?, ?it/s]  2%|▏         | 1/50 [02:52<2:21:11, 172.88s/it] 18%|█▊        | 9/50 [02:55<09:44, 14.27s/it]    22%|██▏       | 11/50 [02:56<07:00, 10.77s/it] 32%|███▏      | 16/50 [03:21<04:34,  8.08s/it]100%|██████████| 50/50 [03:21<00:00,  4.03s/it]
       -----> Mean EPF-Opt penalty term: 27023291754.47956
  0%|          | 0/50 [00:00<?, ?it/s]  2%|▏         | 1/50 [03:06<2:32:02, 186.16s/it] 78%|███████▊  | 39/50 [03:20<00:41,  3.74s/it]   94%|█████████▍| 47/50 [04:00<00:12,  4.03s/it]100%|██████████| 50/50 [04:00<00:00,  4.81s/it]
       -----> Mean EPF-Opt penalty term: 26534642034.545837
  0%|          | 0/50 [00:00<?, ?it/s]  2%|▏         | 1/50 [03:03<2:29:52, 183.53s/it] 12%|█▏        | 6/50 [03:22<19:00, 25.93s/it]    54%|█████▍    | 27/50 [03:25<01:37,  4.26s/it] 92%|█████████▏| 46/50 [03:33<00:09,  2.26s/it] 94%|█████████▍| 47/50 [03:41<00:07,  2.47s/it]100%|██████████| 50/50 [03:41<00:00,  4.43s/it]
       -----> Mean EPF-Opt penalty term: 26305183720.36427
  0%|          | 0/50 [00:00<?, ?it/s]  2%|▏         | 1/50 [02:50<2:19:19, 170.61s/it]  6%|▌         | 3/50 [03:05<39:05, 49.91s/it]    12%|█▏        | 6/50 [03:16<15:41, 21.40s/it] 18%|█▊        | 9/50 [03:18<08:04, 11.81s/it] 94%|█████████▍| 47/50 [03:24<00:04,  1.39s/it] 98%|█████████▊| 49/50 [03:35<00:01,  1.64s/it]100%|██████████| 50/50 [03:35<00:00,  4.31s/it]
2025-10-13 17:30:10,985 : INFO : popt.loop.optimize :        4          4          4.9479e+02      6.25e-03        2.58e-03       
       -----> Mean EPF-Opt penalty term: 26102720966.22795
  0%|          | 0/50 [00:00<?, ?it/s]  2%|▏         | 1/50 [02:58<2:26:09, 178.98s/it] 12%|█▏        | 6/50 [03:03<16:43, 22.80s/it]    34%|███▍      | 17/50 [03:15<03:46,  6.87s/it] 42%|████▏     | 21/50 [03:31<02:56,  6.10s/it] 94%|█████████▍| 47/50 [03:45<00:06,  2.09s/it]100%|██████████| 50/50 [03:45<00:00,  4.51s/it]
       -----> Mean EPF-Opt penalty term: 29414113893.890312
  0%|          | 0/50 [00:00<?, ?it/s]  2%|▏         | 1/50 [02:33<2:05:12, 153.31s/it]  4%|▍         | 2/50 [02:51<59:01, 73.78s/it]    22%|██▏       | 11/50 [03:11<06:54, 10.62s/it] 30%|███       | 15/50 [03:29<04:53,  8.38s/it] 42%|████▏     | 21/50 [04:06<03:34,  7.40s/it]100%|██████████| 50/50 [04:06<00:00,  4.92s/it]
       -----> Mean EPF-Opt penalty term: 27236886247.531925
  0%|          | 0/50 [00:00<?, ?it/s]  2%|▏         | 1/50 [02:57<2:24:39, 177.14s/it]  6%|▌         | 3/50 [03:10<39:44, 50.73s/it]     8%|▊         | 4/50 [03:41<33:50, 44.14s/it] 14%|█▍        | 7/50 [04:24<18:49, 26.27s/it] 84%|████████▍ | 42/50 [05:26<00:32,  4.01s/it]100%|██████████| 50/50 [05:26<00:00,  6.53s/it]
       -----> Mean EPF-Opt penalty term: 26307433918.16666
  0%|          | 0/50 [00:00<?, ?it/s]  2%|▏         | 1/50 [02:55<2:23:27, 175.66s/it]  6%|▌         | 3/50 [03:16<41:42, 53.24s/it]    14%|█▍        | 7/50 [03:29<13:51, 19.33s/it] 28%|██▊       | 14/50 [03:54<05:37,  9.39s/it]100%|██████████| 50/50 [03:54<00:00,  4.69s/it]
2025-10-13 17:48:52,962 : INFO : popt.loop.optimize :        5          2          4.9446e+02      2.50e-02        2.61e-03       
       -----> Mean EPF-Opt penalty term: 26085539235.91698
  0%|          | 0/50 [00:00<?, ?it/s]  2%|▏         | 1/50 [02:20<1:54:59, 140.80s/it]  4%|▍         | 2/50 [02:52<1:01:25, 76.79s/it]   6%|▌         | 3/50 [02:54<33:14, 42.43s/it]    8%|▊         | 4/50 [03:07<23:31, 30.69s/it] 10%|█         | 5/50 [03:37<23:04, 30.77s/it] 54%|█████▍    | 27/50 [04:02<01:20,  3.50s/it]100%|██████████| 50/50 [04:02<00:00,  4.84s/it]
       -----> Mean EPF-Opt penalty term: 30530066177.667847
  0%|          | 0/50 [00:00<?, ?it/s]  2%|▏         | 1/50 [03:48<3:06:46, 228.70s/it] 12%|█▏        | 6/50 [03:55<21:24, 29.20s/it]    14%|█▍        | 7/50 [04:01<17:42, 24.72s/it] 26%|██▌       | 13/50 [04:24<07:04, 11.46s/it]100%|██████████| 50/50 [04:24<00:00,  5.29s/it]
2025-10-13 17:58:04,153 : INFO : popt.loop.optimize :        6          0          4.7786e+02      1.00e-01        2.63e-03       
       -----> Mean EPF-Opt penalty term: 25209615628.098545
  0%|          | 0/50 [00:00<?, ?it/s]  2%|▏         | 1/50 [02:24<1:57:37, 144.03s/it]  4%|▍         | 2/50 [02:33<52:02, 65.05s/it]    10%|█         | 5/50 [03:12<20:46, 27.70s/it] 14%|█▍        | 7/50 [03:19<12:47, 17.85s/it] 16%|█▌        | 8/50 [08:05<54:40, 78.10s/it]100%|██████████| 50/50 [08:05<00:00,  9.71s/it]
       -----> Mean EPF-Opt penalty term: 28915930288.4472
  0%|          | 0/50 [00:00<?, ?it/s]  2%|▏         | 1/50 [03:16<2:40:26, 196.46s/it] 50%|█████     | 25/50 [03:22<02:24,  5.79s/it]   52%|█████▏    | 26/50 [03:22<02:11,  5.48s/it]100%|██████████| 50/50 [03:22<00:00,  4.04s/it]
2025-10-13 18:10:16,349 : INFO : popt.loop.optimize :        7          0          4.4571e+02      1.00e-01        2.65e-03       
       -----> Mean EPF-Opt penalty term: 23513950537.655586
  0%|          | 0/50 [00:00<?, ?it/s]  2%|▏         | 1/50 [02:22<1:56:24, 142.54s/it]  4%|▍         | 2/50 [02:57<1:03:35, 79.50s/it]  12%|█▏        | 6/50 [04:13<24:04, 32.84s/it]   60%|██████    | 30/50 [05:07<02:05,  6.26s/it]100%|██████████| 50/50 [05:07<00:00,  6.15s/it]
       -----> Mean EPF-Opt penalty term: 27191953105.728523
  0%|          | 0/50 [00:00<?, ?it/s]  2%|▏         | 1/50 [02:43<2:13:49, 163.87s/it] 10%|█         | 5/50 [03:05<21:44, 28.98s/it]    78%|███████▊  | 39/50 [03:05<00:28,  2.56s/it] 78%|███████▊  | 39/50 [03:16<00:28,  2.56s/it] 94%|█████████▍| 47/50 [03:54<00:10,  3.39s/it]100%|██████████| 50/50 [03:54<00:00,  4.69s/it]
2025-10-13 18:20:02,835 : INFO : popt.loop.optimize :        8          0          4.3973e+02      1.00e-01        2.66e-03       
       -----> Mean EPF-Opt penalty term: 23199428670.585186
  0%|          | 0/50 [00:00<?, ?it/s]  2%|▏         | 1/50 [02:39<2:10:18, 159.57s/it]  4%|▍         | 2/50 [02:41<53:24, 66.76s/it]     6%|▌         | 3/50 [02:44<29:33, 37.73s/it]  8%|▊         | 4/50 [03:08<24:41, 32.20s/it] 10%|█         | 5/50 [04:03<30:25, 40.56s/it]100%|██████████| 50/50 [04:03<00:00,  4.87s/it]
       -----> Mean EPF-Opt penalty term: 26258404775.551807
  0%|          | 0/50 [00:00<?, ?it/s]  2%|▏         | 1/50 [03:10<2:35:55, 190.93s/it] 94%|█████████▍| 47/50 [03:27<00:09,  3.23s/it]  100%|██████████| 50/50 [03:27<00:00,  4.16s/it]
       -----> Mean EPF-Opt penalty term: 23352187514.474827
  0%|          | 0/50 [00:00<?, ?it/s]  2%|▏         | 1/50 [02:54<2:22:39, 174.68s/it] 14%|█▍        | 7/50 [03:00<13:42, 19.14s/it]    20%|██        | 10/50 [03:00<07:48, 11.70s/it] 30%|███       | 15/50 [03:13<04:13,  7.25s/it] 94%|█████████▍| 47/50 [03:24<00:04,  1.64s/it]100%|██████████| 50/50 [03:24<00:00,  4.09s/it]
       -----> Mean EPF-Opt penalty term: 23231592753.630585
  0%|          | 0/50 [00:00<?, ?it/s]  2%|▏         | 1/50 [02:20<1:55:03, 140.88s/it]  4%|▍         | 2/50 [02:32<52:04, 65.08s/it]     8%|▊         | 4/50 [02:36<19:30, 25.44s/it] 10%|█         | 5/50 [03:12<21:32, 28.71s/it] 14%|█▍        | 7/50 [03:26<13:18, 18.57s/it] 94%|█████████▍| 47/50 [03:50<00:05,  1.85s/it]100%|██████████| 50/50 [03:50<00:00,  4.62s/it]
       -----> Mean EPF-Opt penalty term: 23237312532.72477
  0%|          | 0/50 [00:00<?, ?it/s]  2%|▏         | 1/50 [02:41<2:11:54, 161.52s/it]  4%|▍         | 2/50 [02:43<54:04, 67.60s/it]     8%|▊         | 4/50 [02:48<20:31, 26.77s/it] 14%|█▍        | 7/50 [02:57<09:23, 13.11s/it] 20%|██        | 10/50 [03:03<05:28,  8.21s/it] 42%|████▏     | 21/50 [03:08<01:18,  2.71s/it] 94%|█████████▍| 47/50 [03:17<00:03,  1.06s/it]100%|██████████| 50/50 [03:17<00:00,  3.95s/it]
       -----> Mean EPF-Opt penalty term: 23244603745.4589
  0%|          | 0/50 [00:00<?, ?it/s]  2%|▏         | 1/50 [02:53<2:21:44, 173.56s/it]  8%|▊         | 4/50 [02:58<26:05, 34.04s/it]    20%|██        | 10/50 [03:19<08:31, 12.79s/it]100%|██████████| 50/50 [03:19<00:00,  3.99s/it]
       -----> Mean EPF-Opt penalty term: 23227383152.27785
  0%|          | 0/50 [00:00<?, ?it/s]  2%|▏         | 1/50 [02:59<2:26:29, 179.39s/it]  4%|▍         | 2/50 [03:05<1:01:57, 77.45s/it]  10%|█         | 5/50 [03:08<17:04, 22.76s/it]   36%|███▌      | 18/50 [03:08<02:14,  4.20s/it] 68%|██████▊   | 34/50 [03:17<00:32,  2.03s/it] 68%|██████▊   | 34/50 [03:31<00:32,  2.03s/it] 94%|█████████▍| 47/50 [04:12<00:08,  2.93s/it]100%|██████████| 50/50 [04:12<00:00,  5.05s/it]
2025-10-13 18:48:15,198 : INFO : popt.loop.optimize :        Optimization converged in 8 iterations 
2025-10-13 18:48:15,198 : INFO : popt.loop.optimize :        Optimization converged with final obj_func = 439.7266
2025-10-13 18:48:15,198 : INFO : popt.loop.optimize :        Total number of function evaluations = 48
2025-10-13 18:48:15,198 : INFO : popt.loop.optimize :        Total number of jacobi evaluations = 28
2025-10-13 18:48:15,198 : INFO : popt.loop.optimize :        Total elapsed time = 324.24 minutes
2025-10-13 18:48:15,198 : INFO : popt.loop.optimize :        ============================================
       -----> Mean EPF-Opt penalty term: 23211743417.915054
  0%|          | 0/50 [00:00<?, ?it/s]  2%|▏         | 1/50 [02:36<2:07:39, 156.31s/it]  8%|▊         | 4/50 [02:38<23:08, 30.18s/it]    10%|█         | 5/50 [02:56<20:07, 26.84s/it] 12%|█▏        | 6/50 [03:03<15:27, 21.09s/it] 28%|██▊       | 14/50 [03:08<03:17,  5.49s/it] 78%|███████▊  | 39/50 [03:14<00:15,  1.42s/it] 94%|█████████▍| 47/50 [04:08<00:08,  2.79s/it]100%|██████████| 50/50 [04:08<00:00,  4.96s/it]
2025-10-13 18:52:45,502 : INFO : popt.loop.optimize :        -----> EPF-EnOpt: 2, 1000.0 (outer iteration, penalty factor)
       -----> Mean EPF-Opt penalty term: 231994286705.85184
  0%|          | 0/50 [00:00<?, ?it/s]  2%|▏         | 1/50 [03:35<2:55:52, 215.35s/it]  8%|▊         | 4/50 [04:05<37:25, 48.82s/it]   100%|██████████| 50/50 [04:05<00:00,  4.91s/it]
       -----> Mean EPF-Opt penalty term: 277550802875.0155
  0%|          | 0/50 [00:00<?, ?it/s]  2%|▏         | 1/50 [02:45<2:14:46, 165.03s/it]  6%|▌         | 3/50 [02:49<34:55, 44.58s/it]    14%|█▍        | 7/50 [02:51<10:30, 14.66s/it] 36%|███▌      | 18/50 [02:53<02:11,  4.11s/it] 42%|████▏     | 21/50 [03:06<01:59,  4.12s/it] 74%|███████▍  | 37/50 [03:24<00:29,  2.24s/it] 94%|█████████▍| 47/50 [03:44<00:06,  2.17s/it]100%|██████████| 50/50 [03:44<00:00,  4.49s/it]
2025-10-13 19:01:19,864 : INFO : popt.loop.optimize :        1          0          4.3870e+03      3.13e-03        2.66e-03       
       -----> Mean EPF-Opt penalty term: 231195963808.6284
  0%|          | 0/50 [00:00<?, ?it/s]  2%|▏         | 1/50 [02:51<2:19:51, 171.26s/it] 10%|█         | 5/50 [02:58<20:14, 26.98s/it]    14%|█▍        | 7/50 [03:08<13:28, 18.80s/it] 20%|██        | 10/50 [03:26<08:38, 12.97s/it] 32%|███▏      | 16/50 [03:27<03:18,  5.84s/it] 54%|█████▍    | 27/50 [05:10<03:02,  7.92s/it]100%|██████████| 50/50 [05:10<00:00,  6.21s/it]
       -----> Mean EPF-Opt penalty term: 264198126148.4975
  0%|          | 0/50 [00:00<?, ?it/s]  2%|▏         | 1/50 [02:53<2:21:32, 173.32s/it]  4%|▍         | 2/50 [03:36<1:17:31, 96.91s/it]   6%|▌         | 3/50 [04:04<51:12, 65.36s/it]    8%|▊         | 4/50 [05:06<49:08, 64.10s/it]100%|██████████| 50/50 [05:06<00:00,  6.13s/it]
2025-10-13 19:12:21,659 : INFO : popt.loop.optimize :        2          0          4.2620e+03      1.00e-01        2.66e-03       
       -----> Mean EPF-Opt penalty term: 224607073634.1638
  0%|          | 0/50 [00:00<?, ?it/s]  2%|▏         | 1/50 [02:20<1:54:56, 140.75s/it]  4%|▍         | 2/50 [03:09<1:09:28, 86.84s/it]   8%|▊         | 4/50 [03:32<30:23, 39.63s/it]   20%|██        | 10/50 [03:41<07:50, 11.77s/it] 46%|████▌     | 23/50 [04:15<02:26,  5.44s/it]100%|██████████| 50/50 [04:15<00:00,  5.11s/it]
       -----> Mean EPF-Opt penalty term: 274322998422.09787
  0%|          | 0/50 [00:00<?, ?it/s]  2%|▏         | 1/50 [03:20<2:43:51, 200.65s/it]  6%|▌         | 3/50 [04:02<52:57, 67.60s/it]    16%|█▌        | 8/50 [04:07<13:25, 19.18s/it] 20%|██        | 10/50 [04:33<11:35, 17.39s/it] 56%|█████▌    | 28/50 [05:20<02:05,  5.72s/it]100%|██████████| 50/50 [05:20<00:00,  6.41s/it]
2025-10-13 19:22:42,073 : INFO : popt.loop.optimize :        3          0          4.0430e+03      1.00e-01        2.67e-03       
       -----> Mean EPF-Opt penalty term: 213066747039.15463
  0%|          | 0/50 [00:00<?, ?it/s]  2%|▏         | 1/50 [03:28<2:50:23, 208.65s/it] 14%|█▍        | 7/50 [04:06<19:38, 27.40s/it]    24%|██▍       | 12/50 [05:58<15:44, 24.87s/it]100%|██████████| 50/50 [05:58<00:00,  7.17s/it]
       -----> Mean EPF-Opt penalty term: 244346575897.57297
  0%|          | 0/50 [00:00<?, ?it/s]  2%|▏         | 1/50 [03:59<3:15:21, 239.22s/it]  8%|▊         | 4/50 [06:16<1:03:13, 82.46s/it] 100%|██████████| 50/50 [06:16<00:00,  7.54s/it] 
2025-10-13 19:35:42,225 : INFO : popt.loop.optimize :        4          0          4.0350e+03      1.00e-01        2.66e-03       
       -----> Mean EPF-Opt penalty term: 212643977145.3804
  0%|          | 0/50 [00:00<?, ?it/s]  2%|▏         | 1/50 [03:08<2:33:36, 188.09s/it]  4%|▍         | 2/50 [04:03<1:28:05, 110.11s/it]  6%|▌         | 3/50 [04:11<49:43, 63.47s/it]    14%|█▍        | 7/50 [04:56<18:25, 25.70s/it] 96%|█████████▌| 48/50 [04:58<00:04,  2.26s/it]100%|██████████| 50/50 [04:58<00:00,  5.97s/it]
       -----> Mean EPF-Opt penalty term: 232897909421.33282
  0%|          | 0/50 [00:00<?, ?it/s]  2%|▏         | 1/50 [03:00<2:27:27, 180.57s/it]  4%|▍         | 2/50 [03:23<1:10:29, 88.11s/it]   6%|▌         | 3/50 [03:45<45:10, 57.68s/it]   12%|█▏        | 6/50 [04:30<21:37, 29.48s/it] 14%|█▍        | 7/50 [05:30<26:23, 36.83s/it] 22%|██▏       | 11/50 [08:43<28:13, 43.42s/it]100%|██████████| 50/50 [08:43<00:00, 10.47s/it]
2025-10-13 19:50:08,792 : INFO : popt.loop.optimize :        5          0          3.9880e+03      1.00e-01        2.66e-03       
       -----> Mean EPF-Opt penalty term: 210168430369.9195
  0%|          | 0/50 [00:00<?, ?it/s]  2%|▏         | 1/50 [03:34<2:54:54, 214.17s/it]  4%|▍         | 2/50 [03:57<1:21:43, 102.15s/it] 12%|█▏        | 6/50 [04:33<22:09, 30.22s/it]    16%|█▌        | 8/50 [06:26<27:40, 39.53s/it]100%|██████████| 50/50 [06:26<00:00,  7.72s/it]
       -----> Mean EPF-Opt penalty term: 261480671857.5448
  0%|          | 0/50 [00:00<?, ?it/s]  2%|▏         | 1/50 [03:00<2:27:18, 180.38s/it]  4%|▍         | 2/50 [04:34<1:43:55, 129.91s/it]  6%|▌         | 3/50 [05:24<1:12:55, 93.09s/it]   8%|▊         | 4/50 [08:49<1:45:27, 137.56s/it]100%|██████████| 50/50 [08:49<00:00, 10.60s/it]  
2025-10-13 20:06:09,443 : INFO : popt.loop.optimize :        6          0          3.8158e+03      1.00e-01        2.66e-03       
       -----> Mean EPF-Opt penalty term: 201091591719.9549
  0%|          | 0/50 [00:00<?, ?it/s]  2%|▏         | 1/50 [02:53<2:21:23, 173.12s/it]  4%|▍         | 2/50 [02:58<59:41, 74.62s/it]     6%|▌         | 3/50 [03:56<52:22, 66.86s/it] 18%|█▊        | 9/50 [05:21<16:59, 24.87s/it] 54%|█████▍    | 27/50 [10:41<07:26, 19.40s/it] 80%|████████  | 40/50 [15:33<03:27, 20.76s/it]100%|██████████| 50/50 [15:33<00:00, 18.67s/it]
       -----> Mean EPF-Opt penalty term: 231051546024.93616
  0%|          | 0/50 [00:00<?, ?it/s]  2%|▏         | 1/50 [03:47<3:05:59, 227.74s/it] 16%|█▌        | 8/50 [03:52<14:56, 21.34s/it]   100%|██████████| 50/50 [03:52<00:00,  4.65s/it]
2025-10-13 20:26:20,238 : INFO : popt.loop.optimize :        7          0          3.7597e+03      1.00e-01        2.67e-03       
       -----> Mean EPF-Opt penalty term: 198138631819.6613
  0%|          | 0/50 [00:00<?, ?it/s]  2%|▏         | 1/50 [02:57<2:24:34, 177.02s/it]  4%|▍         | 2/50 [03:39<1:18:06, 97.64s/it]   6%|▌         | 3/50 [05:09<1:13:47, 94.21s/it] 22%|██▏       | 11/50 [05:22<10:47, 16.59s/it] 100%|██████████| 50/50 [05:22<00:00,  6.46s/it]
       -----> Mean EPF-Opt penalty term: 232702345192.15314
  0%|          | 0/50 [00:00<?, ?it/s]  2%|▏         | 1/50 [04:41<3:49:51, 281.47s/it] 58%|█████▊    | 29/50 [04:54<02:33,  7.31s/it]  100%|██████████| 50/50 [04:54<00:00,  5.89s/it]
2025-10-13 20:37:22,146 : INFO : popt.loop.optimize :        8          0          3.5029e+03      1.00e-01        2.67e-03       
       -----> Mean EPF-Opt penalty term: 184606093862.1215
  0%|          | 0/50 [00:00<?, ?it/s]  2%|▏         | 1/50 [03:20<2:43:27, 200.16s/it]  6%|▌         | 3/50 [03:56<51:19, 65.53s/it]    10%|█         | 5/50 [05:11<38:17, 51.05s/it] 12%|█▏        | 6/50 [05:23<29:39, 40.45s/it] 40%|████      | 20/50 [07:12<06:27, 12.93s/it] 56%|█████▌    | 28/50 [08:26<04:11, 11.43s/it]100%|██████████| 50/50 [08:26<00:00, 10.13s/it]
       -----> Mean EPF-Opt penalty term: 210948248767.04056
  0%|          | 0/50 [00:00<?, ?it/s]  2%|▏         | 1/50 [05:28<4:27:53, 328.03s/it]  8%|▊         | 4/50 [16:33<3:05:23, 241.82s/it]100%|██████████| 50/50 [16:33<00:00, 19.86s/it]  
2025-10-13 21:03:06,347 : INFO : popt.loop.optimize :        9          0          3.2542e+03      1.00e-01        2.64e-03       
       -----> Mean EPF-Opt penalty term: 171499422042.1734
  0%|          | 0/50 [00:00<?, ?it/s]  2%|▏         | 1/50 [03:17<2:41:13, 197.42s/it]  6%|▌         | 3/50 [03:46<48:40, 62.13s/it]     8%|▊         | 4/50 [04:15<38:42, 50.50s/it] 20%|██        | 10/50 [05:07<12:50, 19.26s/it] 42%|████▏     | 21/50 [05:57<04:34,  9.47s/it] 78%|███████▊  | 39/50 [11:35<02:46, 15.14s/it]100%|██████████| 50/50 [11:35<00:00, 13.91s/it]
       -----> Mean EPF-Opt penalty term: 218388853845.25162
  0%|          | 0/50 [00:00<?, ?it/s]  2%|▏         | 1/50 [03:05<2:31:39, 185.69s/it]  4%|▍         | 2/50 [03:53<1:23:42, 104.64s/it]  6%|▌         | 3/50 [03:56<45:28, 58.05s/it]    22%|██▏       | 11/50 [04:12<07:10, 11.05s/it] 96%|█████████▌| 48/50 [04:46<00:04,  2.47s/it]100%|██████████| 50/50 [04:46<00:00,  5.74s/it]
       -----> Mean EPF-Opt penalty term: 178969917133.48
  0%|          | 0/50 [00:00<?, ?it/s]  2%|▏         | 1/50 [03:20<2:43:57, 200.76s/it]  4%|▍         | 2/50 [03:22<1:06:56, 83.67s/it]   6%|▌         | 3/50 [04:55<1:08:55, 87.99s/it] 42%|████▏     | 21/50 [05:01<03:28,  7.20s/it] 100%|██████████| 50/50 [05:13<00:00,  2.59s/it]100%|██████████| 50/50 [05:13<00:00,  6.27s/it]
       -----> Mean EPF-Opt penalty term: 175639427399.8365
  0%|          | 0/50 [00:00<?, ?it/s]  2%|▏         | 1/50 [02:47<2:16:52, 167.61s/it]  4%|▍         | 2/50 [03:45<1:22:38, 103.30s/it]  6%|▌         | 3/50 [04:35<1:01:36, 78.66s/it]  12%|█▏        | 6/50 [04:58<23:14, 31.70s/it]   16%|█▌        | 8/50 [05:19<16:31, 23.61s/it] 18%|█▊        | 9/50 [05:26<13:38, 19.96s/it] 22%|██▏       | 11/50 [05:44<10:14, 15.75s/it] 24%|██▍       | 12/50 [05:52<08:52, 14.00s/it]100%|██████████| 50/50 [05:52<00:00,  7.04s/it]
       -----> Mean EPF-Opt penalty term: 173438960974.84637
  0%|          | 0/50 [00:00<?, ?it/s]  2%|▏         | 1/50 [04:39<3:48:26, 279.73s/it]  4%|▍         | 2/50 [05:22<1:52:27, 140.57s/it]  8%|▊         | 4/50 [06:06<50:46, 66.23s/it]    22%|██▏       | 11/50 [06:12<10:48, 16.62s/it] 38%|███▊      | 19/50 [06:15<03:56,  7.63s/it] 80%|████████  | 40/50 [07:29<00:48,  4.87s/it]100%|██████████| 50/50 [07:29<00:00,  8.99s/it]
       -----> Mean EPF-Opt penalty term: 172395373296.709
  0%|          | 0/50 [00:00<?, ?it/s]  2%|▏         | 1/50 [03:43<3:02:44, 223.77s/it]  4%|▍         | 2/50 [05:22<1:59:56, 149.93s/it]  6%|▌         | 3/50 [07:15<1:44:32, 133.46s/it]  8%|▊         | 4/50 [11:29<2:18:48, 181.05s/it]100%|██████████| 50/50 [11:29<00:00, 13.80s/it]  
       -----> Mean EPF-Opt penalty term: 171883392755.25464
  0%|          | 0/50 [00:00<?, ?it/s]  2%|▏         | 1/50 [03:51<3:08:51, 231.25s/it]  4%|▍         | 2/50 [05:50<2:12:08, 165.17s/it]  6%|▌         | 3/50 [06:09<1:17:21, 98.75s/it]  20%|██        | 10/50 [13:33<46:28, 69.72s/it] 100%|██████████| 50/50 [13:33<00:00, 16.27s/it]
2025-10-13 22:05:43,111 : INFO : popt.loop.optimize :        Optimization converged in 9 iterations 
2025-10-13 22:05:43,112 : INFO : popt.loop.optimize :        Optimization converged with final obj_func = 3254.1813
2025-10-13 22:05:43,112 : INFO : popt.loop.optimize :        Total number of function evaluations = 64
2025-10-13 22:05:43,112 : INFO : popt.loop.optimize :        Total number of jacobi evaluations = 38
2025-10-13 22:05:43,112 : INFO : popt.loop.optimize :        Total elapsed time = 521.70 minutes
2025-10-13 22:05:43,112 : INFO : popt.loop.optimize :        ============================================
       -----> Mean EPF-Opt penalty term: 171647284153.30698
  0%|          | 0/50 [00:00<?, ?it/s]  2%|▏         | 1/50 [05:26<4:26:24, 326.22s/it]  8%|▊         | 4/50 [16:20<3:02:49, 238.46s/it]100%|██████████| 50/50 [16:20<00:00, 19.60s/it]  
2025-10-13 22:22:25,737 : INFO : popt.loop.optimize :        -----> EPF-EnOpt: 3, 10000.0 (outer iteration, penalty factor)
       -----> Mean EPF-Opt penalty term: 1714994220421.7341
  0%|          | 0/50 [00:00<?, ?it/s]  2%|▏         | 1/50 [02:31<2:03:22, 151.07s/it]  6%|▌         | 3/50 [04:26<1:04:06, 81.84s/it]   8%|▊         | 4/50 [06:29<1:13:43, 96.17s/it]100%|██████████| 50/50 [06:29<00:00,  7.79s/it] 
       -----> Mean EPF-Opt penalty term: 2045268817765.0127
  0%|          | 0/50 [00:00<?, ?it/s]  2%|▏         | 1/50 [03:11<2:36:38, 191.80s/it]  4%|▍         | 2/50 [04:59<1:53:40, 142.09s/it]  6%|▌         | 3/50 [06:27<1:32:15, 117.78s/it]  8%|▊         | 4/50 [06:53<1:02:14, 81.18s/it]  28%|██▊       | 14/50 [07:03<07:52, 13.13s/it]  60%|██████    | 30/50 [07:34<01:54,  5.73s/it]100%|██████████| 50/50 [07:34<00:00,  9.09s/it]
2025-10-13 22:37:14,385 : INFO : popt.loop.optimize :        1          0          3.2413e+04      3.13e-03        2.64e-03       
       -----> Mean EPF-Opt penalty term: 1708017085717.4607
  0%|          | 0/50 [00:00<?, ?it/s]  2%|▏         | 1/50 [03:08<2:33:51, 188.39s/it]  6%|▌         | 3/50 [05:23<1:17:34, 99.04s/it]  12%|█▏        | 6/50 [06:09<34:52, 47.57s/it]   50%|█████     | 25/50 [06:16<03:09,  7.58s/it] 94%|█████████▍| 47/50 [06:56<00:12,  4.22s/it]100%|██████████| 50/50 [06:56<00:00,  8.33s/it]
       -----> Mean EPF-Opt penalty term: 2062132525081.283
  0%|          | 0/50 [00:00<?, ?it/s]  2%|▏         | 1/50 [03:23<2:46:30, 203.90s/it]  4%|▍         | 2/50 [04:05<1:26:47, 108.48s/it]  8%|▊         | 4/50 [05:15<47:49, 62.38s/it]    12%|█▏        | 6/50 [05:38<28:08, 38.38s/it] 16%|█▌        | 8/50 [06:21<22:07, 31.61s/it]100%|██████████| 50/50 [06:21<00:00,  7.64s/it]
2025-10-13 22:51:17,263 : INFO : popt.loop.optimize :        2          0          2.9571e+04      1.00e-01        2.65e-03       
       -----> Mean EPF-Opt penalty term: 1558227994371.5925
  0%|          | 0/50 [00:00<?, ?it/s]  2%|▏         | 1/50 [02:49<2:18:06, 169.11s/it]  6%|▌         | 3/50 [03:05<39:12, 50.05s/it]    10%|█         | 5/50 [03:49<26:43, 35.64s/it] 20%|██        | 10/50 [05:09<15:15, 22.88s/it] 34%|███▍      | 17/50 [05:23<06:05, 11.07s/it] 36%|███▌      | 18/50 [06:07<07:45, 14.55s/it] 88%|████████▊ | 44/50 [10:12<01:02, 10.48s/it]100%|██████████| 50/50 [10:12<00:00, 12.26s/it]
       -----> Mean EPF-Opt penalty term: 1983725023677.6992
  0%|          | 0/50 [00:00<?, ?it/s]  2%|▏         | 1/50 [05:11<4:14:17, 311.38s/it]  8%|▊         | 4/50 [06:40<1:03:33, 82.91s/it]  16%|█▌        | 8/50 [08:09<32:16, 46.11s/it]  100%|██████████| 50/50 [08:09<00:00,  9.79s/it]
2025-10-13 23:10:23,958 : INFO : popt.loop.optimize :        3          0          2.7745e+04      1.00e-01        2.65e-03       
       -----> Mean EPF-Opt penalty term: 1461994056728.356
  0%|          | 0/50 [00:00<?, ?it/s]  2%|▏         | 1/50 [03:27<2:49:34, 207.65s/it]  8%|▊         | 4/50 [04:56<48:31, 63.30s/it]    46%|████▌     | 23/50 [05:02<03:32,  7.87s/it] 56%|█████▌    | 28/50 [06:02<03:16,  8.92s/it] 62%|██████▏   | 31/50 [09:30<06:10, 19.52s/it]100%|██████████| 50/50 [09:30<00:00, 11.42s/it]
       -----> Mean EPF-Opt penalty term: 1759305000356.209
  0%|          | 0/50 [00:00<?, ?it/s]  2%|▏         | 1/50 [02:38<2:09:12, 158.21s/it]  4%|▍         | 2/50 [03:14<1:09:04, 86.34s/it]   6%|▌         | 3/50 [03:40<46:10, 58.95s/it]   10%|█         | 5/50 [04:08<25:10, 33.56s/it] 16%|█▌        | 8/50 [04:09<10:41, 15.27s/it] 24%|██▍       | 12/50 [05:24<10:47, 17.03s/it] 52%|█████▏    | 26/50 [05:35<02:08,  5.35s/it]100%|██████████| 50/50 [05:35<00:00,  6.70s/it]
       -----> Mean EPF-Opt penalty term: 1539683673296.882
  0%|          | 0/50 [00:00<?, ?it/s]  2%|▏         | 1/50 [04:46<3:53:41, 286.16s/it] 16%|█▌        | 8/50 [07:06<31:00, 44.29s/it]   100%|██████████| 50/50 [07:06<00:00,  8.54s/it]
2025-10-13 23:33:43,455 : INFO : popt.loop.optimize :        4          1          2.7728e+04      5.00e-02        2.63e-03       
       -----> Mean EPF-Opt penalty term: 1461096948871.4634
  0%|          | 0/50 [00:00<?, ?it/s]  2%|▏         | 1/50 [02:39<2:10:08, 159.37s/it]  4%|▍         | 2/50 [03:13<1:08:29, 85.62s/it]   6%|▌         | 3/50 [05:25<1:23:41, 106.85s/it] 38%|███▊      | 19/50 [05:29<04:56,  9.58s/it]   98%|█████████▊| 49/50 [07:42<00:05,  5.92s/it]100%|██████████| 50/50 [07:42<00:00,  9.25s/it]
       -----> Mean EPF-Opt penalty term: 1731426074915.054
  0%|          | 0/50 [00:00<?, ?it/s]  2%|▏         | 1/50 [06:49<5:34:40, 409.81s/it]  4%|▍         | 2/50 [07:46<2:41:42, 202.14s/it] 12%|█▏        | 6/50 [09:07<45:22, 61.87s/it]    14%|█▍        | 7/50 [12:13<1:03:31, 88.64s/it] 40%|████      | 20/50 [12:24<09:12, 18.41s/it] 100%|██████████| 50/50 [12:24<00:00, 14.89s/it]
       -----> Mean EPF-Opt penalty term: 1563362384399.5715
  0%|          | 0/50 [00:00<?, ?it/s]  2%|▏         | 1/50 [05:06<4:10:35, 306.85s/it]  4%|▍         | 2/50 [06:34<2:22:14, 177.80s/it]  6%|▌         | 3/50 [06:38<1:17:04, 98.40s/it]   8%|▊         | 4/50 [07:59<1:10:09, 91.50s/it] 24%|██▍       | 12/50 [08:13<11:28, 18.11s/it]  38%|███▊      | 19/50 [12:28<14:07, 27.34s/it]100%|██████████| 50/50 [12:28<00:00, 14.97s/it]
       -----> Mean EPF-Opt penalty term: 1508319880043.1646
  0%|          | 0/50 [00:00<?, ?it/s]  2%|▏         | 1/50 [05:08<4:11:56, 308.50s/it]  4%|▍         | 2/50 [06:01<2:06:34, 158.22s/it]  8%|▊         | 4/50 [06:21<50:00, 65.22s/it]    20%|██        | 10/50 [06:28<12:23, 18.59s/it] 24%|██▍       | 12/50 [07:44<14:54, 23.55s/it] 28%|██▊       | 14/50 [07:59<11:31, 19.22s/it] 76%|███████▌  | 38/50 [13:40<03:01, 15.09s/it]100%|██████████| 50/50 [13:40<00:00, 16.40s/it]
       -----> Mean EPF-Opt penalty term: 1485288023682.6025
  0%|          | 0/50 [00:00<?, ?it/s]  2%|▏         | 1/50 [05:20<4:21:26, 320.14s/it]  6%|▌         | 3/50 [06:03<1:17:42, 99.21s/it]  24%|██▍       | 12/50 [08:03<17:49, 28.15s/it]  26%|██▌       | 13/50 [08:22<16:43, 27.12s/it]100%|██████████| 50/50 [08:22<00:00, 10.04s/it]
       -----> Mean EPF-Opt penalty term: 1473446633743.105
  0%|          | 0/50 [00:00<?, ?it/s]  2%|▏         | 1/50 [04:24<3:35:50, 264.30s/it]  6%|▌         | 3/50 [04:52<1:01:50, 78.95s/it]  16%|█▌        | 8/50 [05:22<18:11, 25.98s/it]   24%|██▍       | 12/50 [07:24<17:46, 28.06s/it] 80%|████████  | 40/50 [08:58<01:18,  7.83s/it]100%|██████████| 50/50 [08:58<00:00, 10.78s/it]
       -----> Mean EPF-Opt penalty term: 1467383345891.0403
  0%|          | 0/50 [00:00<?, ?it/s]  2%|▏         | 1/50 [04:26<3:37:22, 266.17s/it]  6%|▌         | 3/50 [04:40<58:12, 74.32s/it]    24%|██▍       | 12/50 [06:28<14:27, 22.83s/it]100%|██████████| 50/50 [06:28<00:00,  7.77s/it]
2025-10-14 00:46:25,460 : INFO : popt.loop.optimize :        Optimization converged in 4 iterations 
2025-10-14 00:46:25,461 : INFO : popt.loop.optimize :        Optimization converged with final obj_func = 27727.5268
2025-10-14 00:46:25,461 : INFO : popt.loop.optimize :        Total number of function evaluations = 76
2025-10-14 00:46:25,461 : INFO : popt.loop.optimize :        Total number of jacobi evaluations = 43
2025-10-14 00:46:25,461 : INFO : popt.loop.optimize :        Total elapsed time = 682.41 minutes
2025-10-14 00:46:25,461 : INFO : popt.loop.optimize :        ============================================
       -----> Mean EPF-Opt penalty term: 1464465595049.196
  0%|          | 0/50 [00:00<?, ?it/s]  2%|▏         | 1/50 [04:42<3:50:49, 282.65s/it] 16%|█▌        | 8/50 [06:58<30:22, 43.40s/it]    52%|█████▏    | 26/50 [07:32<04:34, 11.43s/it]100%|██████████| 50/50 [07:32<00:00,  9.05s/it]
2025-10-14 00:54:20,088 : INFO : popt.loop.optimize :        -----> EPF-EnOpt: 4, 100000.0 (outer iteration, penalty factor)
       -----> Mean EPF-Opt penalty term: 14610969488714.637
  0%|          | 0/50 [00:00<?, ?it/s]  2%|▏         | 1/50 [04:03<3:19:04, 243.77s/it]  8%|▊         | 4/50 [04:03<35:23, 46.17s/it]     8%|▊         | 4/50 [04:14<35:23, 46.17s/it] 14%|█▍        | 7/50 [08:51<52:10, 72.80s/it]100%|██████████| 50/50 [08:51<00:00, 10.63s/it]
       -----> Mean EPF-Opt penalty term: 17700376213388.91
  0%|          | 0/50 [00:00<?, ?it/s]  2%|▏         | 1/50 [03:55<3:12:16, 235.43s/it]  6%|▌         | 3/50 [04:46<1:02:36, 79.93s/it]   8%|▊         | 4/50 [07:29<1:23:25, 108.82s/it]100%|██████████| 50/50 [07:29<00:00,  9.00s/it]  
2025-10-14 01:11:25,794 : INFO : popt.loop.optimize :        1          0          2.7655e+05      3.13e-03        2.65e-03       
       -----> Mean EPF-Opt penalty term: 14572765416606.36
  0%|          | 0/50 [00:00<?, ?it/s]  2%|▏         | 1/50 [03:36<2:56:56, 216.66s/it]  4%|▍         | 2/50 [04:59<1:50:14, 137.81s/it] 22%|██▏       | 11/50 [05:49<13:39, 21.01s/it]   24%|██▍       | 12/50 [07:52<21:16, 33.60s/it]100%|██████████| 50/50 [07:52<00:00,  9.46s/it]
       -----> Mean EPF-Opt penalty term: 17027639323159.904
  0%|          | 0/50 [00:00<?, ?it/s]  2%|▏         | 1/50 [03:52<3:09:41, 232.27s/it] 10%|█         | 5/50 [04:15<29:43, 39.63s/it]    56%|█████▌    | 28/50 [05:54<03:11,  8.71s/it]100%|██████████| 50/50 [05:54<00:00,  7.09s/it]
2025-10-14 01:25:57,662 : INFO : popt.loop.optimize :        2          0          2.6885e+05      1.00e-01        2.65e-03       
       -----> Mean EPF-Opt penalty term: 14166895440580.922
  0%|          | 0/50 [00:00<?, ?it/s]  2%|▏         | 1/50 [03:47<3:05:55, 227.67s/it]  6%|▌         | 3/50 [05:50<1:21:45, 104.38s/it] 70%|███████   | 35/50 [07:09<02:02,  8.17s/it]  100%|██████████| 50/50 [07:09<00:00,  8.60s/it]
       -----> Mean EPF-Opt penalty term: 16029716502014.021
  0%|          | 0/50 [00:00<?, ?it/s]  2%|▏         | 1/50 [03:29<2:51:27, 209.96s/it]  6%|▌         | 3/50 [04:02<52:02, 66.44s/it]     8%|▊         | 4/50 [04:53<46:57, 61.24s/it] 18%|█▊        | 9/50 [05:18<14:27, 21.17s/it] 26%|██▌       | 13/50 [05:50<09:24, 15.27s/it] 32%|███▏      | 16/50 [06:24<07:54, 13.97s/it] 62%|██████▏   | 31/50 [07:42<02:28,  7.83s/it] 74%|███████▍  | 37/50 [14:16<05:16, 24.33s/it]100%|██████████| 50/50 [14:16<00:00, 17.12s/it]
2025-10-14 01:48:08,260 : INFO : popt.loop.optimize :        3          0          2.2225e+05      1.00e-01        2.66e-03       
       -----> Mean EPF-Opt penalty term: 11711238353901.08
  0%|          | 0/50 [00:00<?, ?it/s]  2%|▏         | 1/50 [03:52<3:09:35, 232.15s/it]  6%|▌         | 3/50 [04:43<1:02:06, 79.29s/it]  22%|██▏       | 11/50 [06:16<15:55, 24.49s/it]  66%|██████▌   | 33/50 [06:38<01:52,  6.64s/it] 68%|██████▊   | 34/50 [07:22<02:14,  8.38s/it] 72%|███████▏  | 36/50 [07:51<02:07,  9.13s/it]100%|██████████| 50/50 [07:51<00:00,  9.43s/it]
       -----> Mean EPF-Opt penalty term: 14171236985378.791
  0%|          | 0/50 [00:00<?, ?it/s]  2%|▏         | 1/50 [04:16<3:29:43, 256.82s/it]  6%|▌         | 3/50 [04:22<53:44, 68.60s/it]    30%|███       | 15/50 [04:33<05:55, 10.15s/it] 64%|██████▍   | 32/50 [05:09<01:30,  5.05s/it]100%|██████████| 50/50 [05:09<00:00,  6.20s/it]
2025-10-14 02:01:54,160 : INFO : popt.loop.optimize :        4          0          2.1771e+05      1.00e-01        2.66e-03       
       -----> Mean EPF-Opt penalty term: 11471857234446.627
  0%|          | 0/50 [00:00<?, ?it/s]  2%|▏         | 1/50 [04:37<3:46:17, 277.09s/it] 18%|█▊        | 9/50 [06:04<22:03, 32.29s/it]    56%|█████▌    | 28/50 [07:23<04:02, 11.02s/it] 72%|███████▏  | 36/50 [10:27<03:26, 14.74s/it]100%|██████████| 50/50 [10:27<00:00, 12.54s/it]
       -----> Mean EPF-Opt penalty term: 13827864031802.44
  0%|          | 0/50 [00:00<?, ?it/s]  2%|▏         | 1/50 [03:56<3:13:06, 236.45s/it]  4%|▍         | 2/50 [03:57<1:18:33, 98.20s/it]   8%|▊         | 4/50 [04:01<29:04, 37.91s/it]   10%|█         | 5/50 [04:55<31:59, 42.66s/it] 26%|██▌       | 13/50 [05:36<08:17, 13.44s/it] 32%|███▏      | 16/50 [06:03<06:50, 12.08s/it] 36%|███▌      | 18/50 [07:04<08:36, 16.15s/it] 66%|██████▌   | 33/50 [07:50<01:58,  6.98s/it] 70%|███████   | 35/50 [08:17<01:56,  7.76s/it]100%|██████████| 50/50 [08:17<00:00,  9.96s/it]
       -----> Mean EPF-Opt penalty term: 11864610986447.967
  0%|          | 0/50 [00:00<?, ?it/s]  2%|▏         | 1/50 [04:31<3:41:41, 271.46s/it]  4%|▍         | 2/50 [06:50<2:34:39, 193.32s/it]100%|██████████| 50/50 [06:50<00:00,  8.20s/it]  
       -----> Mean EPF-Opt penalty term: 11522514548056.225
  0%|          | 0/50 [00:00<?, ?it/s]  2%|▏         | 1/50 [03:47<3:05:51, 227.58s/it]  4%|▍         | 2/50 [03:51<1:17:01, 96.28s/it]   6%|▌         | 3/50 [04:06<46:18, 59.12s/it]    8%|▊         | 4/50 [04:24<32:47, 42.78s/it] 18%|█▊        | 9/50 [04:54<10:40, 15.61s/it] 30%|███       | 15/50 [05:06<04:39,  7.97s/it]100%|██████████| 50/50 [05:06<00:00,  6.12s/it]
2025-10-14 02:34:04,196 : INFO : popt.loop.optimize :        5          2          2.1685e+05      2.50e-02        2.66e-03       
       -----> Mean EPF-Opt penalty term: 11426778251958.422
  0%|          | 0/50 [00:00<?, ?it/s]  2%|▏         | 1/50 [03:18<2:41:48, 198.13s/it]  4%|▍         | 2/50 [09:42<4:06:18, 307.88s/it]100%|██████████| 50/50 [09:42<00:00, 11.66s/it]  
       -----> Mean EPF-Opt penalty term: 13808635730576.309
  0%|          | 0/50 [00:00<?, ?it/s]  2%|▏         | 1/50 [03:55<3:12:07, 235.25s/it]  4%|▍         | 2/50 [03:57<1:18:37, 98.27s/it]   6%|▌         | 3/50 [04:32<54:25, 69.49s/it]   12%|█▏        | 6/50 [08:58<1:00:11, 82.09s/it] 86%|████████▌ | 43/50 [09:08<00:47,  6.73s/it] 100%|██████████| 50/50 [09:08<00:00, 10.97s/it]
2025-10-14 02:53:40,041 : INFO : popt.loop.optimize :        6          0          2.1557e+05      1.00e-01        2.67e-03       
       -----> Mean EPF-Opt penalty term: 11359380112494.727
  0%|          | 0/50 [00:00<?, ?it/s]  2%|▏         | 1/50 [03:38<2:58:04, 218.05s/it] 16%|█▌        | 8/50 [03:59<15:49, 22.62s/it]    18%|█▊        | 9/50 [04:56<19:10, 28.06s/it] 62%|██████▏   | 31/50 [07:08<03:04,  9.71s/it]100%|██████████| 50/50 [07:08<00:00,  8.57s/it]
       -----> Mean EPF-Opt penalty term: 12711425713163.678
  0%|          | 0/50 [00:00<?, ?it/s]  2%|▏         | 1/50 [03:18<2:41:53, 198.24s/it]  4%|▍         | 2/50 [03:20<1:06:09, 82.69s/it]  10%|█         | 5/50 [03:39<21:05, 28.12s/it]   12%|█▏        | 6/50 [03:44<16:15, 22.17s/it] 14%|█▍        | 7/50 [03:57<14:08, 19.73s/it] 28%|██▊       | 14/50 [04:04<03:40,  6.13s/it]100%|██████████| 50/50 [04:04<00:00,  4.89s/it]
2025-10-14 03:05:37,694 : INFO : popt.loop.optimize :        7          0          1.9641e+05      1.00e-01        2.67e-03       
       -----> Mean EPF-Opt penalty term: 10349610239437.303
  0%|          | 0/50 [00:00<?, ?it/s]  2%|▏         | 1/50 [04:13<3:27:01, 253.50s/it] 38%|███▊      | 19/50 [04:25<05:13, 10.11s/it]   56%|█████▌    | 28/50 [04:32<02:18,  6.31s/it] 64%|██████▍   | 32/50 [04:55<01:52,  6.23s/it] 68%|██████▊   | 34/50 [05:35<02:07,  7.97s/it] 82%|████████▏ | 41/50 [06:42<01:17,  8.62s/it]100%|██████████| 50/50 [06:42<00:00,  8.06s/it]
       -----> Mean EPF-Opt penalty term: 10321432789353.295
  0%|          | 0/50 [00:00<?, ?it/s]  2%|▏         | 1/50 [02:57<2:25:16, 177.89s/it]  6%|▌         | 3/50 [04:13<58:01, 74.07s/it]     8%|▊         | 4/50 [04:43<45:10, 58.93s/it] 16%|█▌        | 8/50 [06:02<22:59, 32.84s/it]100%|██████████| 50/50 [06:02<00:00,  7.25s/it]
2025-10-14 03:19:07,567 : INFO : popt.loop.optimize :        8          0          1.7729e+05      1.00e-01        2.65e-03       
       -----> Mean EPF-Opt penalty term: 9342119050550.844
  0%|          | 0/50 [00:00<?, ?it/s]  2%|▏         | 1/50 [04:42<3:50:43, 282.51s/it] 46%|████▌     | 23/50 [05:31<04:53, 10.86s/it]  100%|██████████| 50/50 [05:31<00:00,  6.63s/it]
       -----> Mean EPF-Opt penalty term: 11696126807383.033
  0%|          | 0/50 [00:00<?, ?it/s]  2%|▏         | 1/50 [04:24<3:36:10, 264.71s/it]  4%|▍         | 2/50 [04:25<1:27:29, 109.36s/it]  6%|▌         | 3/50 [04:43<53:06, 67.80s/it]     8%|▊         | 4/50 [06:08<57:16, 74.70s/it] 28%|██▊       | 14/50 [07:30<10:55, 18.20s/it]100%|██████████| 50/50 [07:30<00:00,  9.01s/it]
2025-10-14 03:32:54,305 : INFO : popt.loop.optimize :        9          0          1.5803e+05      1.00e-01        2.66e-03       
       -----> Mean EPF-Opt penalty term: 8327319667758.261
  0%|          | 0/50 [00:00<?, ?it/s]  2%|▏         | 1/50 [03:50<3:08:02, 230.25s/it]  8%|▊         | 4/50 [04:38<43:28, 56.70s/it]    26%|██▌       | 13/50 [06:41<14:21, 23.29s/it] 46%|████▌     | 23/50 [09:53<09:27, 21.02s/it]100%|██████████| 50/50 [09:53<00:00, 11.87s/it]
       -----> Mean EPF-Opt penalty term: 9099201880339.416
  0%|          | 0/50 [00:00<?, ?it/s]  2%|▏         | 1/50 [04:00<3:16:07, 240.15s/it]  4%|▍         | 2/50 [05:36<2:04:23, 155.48s/it]  8%|▊         | 4/50 [07:25<1:10:41, 92.21s/it]  30%|███       | 15/50 [10:22<16:52, 28.93s/it]  60%|██████    | 30/50 [15:27<07:52, 23.63s/it]100%|██████████| 50/50 [15:27<00:00, 18.55s/it]
2025-10-14 03:59:00,257 : INFO : popt.loop.optimize :        10         0          1.5664e+05      1.00e-01        2.64e-03       
       -----> Mean EPF-Opt penalty term: 8253964008550.909
  0%|          | 0/50 [00:00<?, ?it/s]  2%|▏         | 1/50 [04:11<3:25:17, 251.38s/it] 14%|█▍        | 7/50 [05:28<27:04, 37.78s/it]    16%|█▌        | 8/50 [06:20<28:08, 40.21s/it]100%|██████████| 50/50 [06:20<00:00,  7.60s/it]
       -----> Mean EPF-Opt penalty term: 9740277864512.236
  0%|          | 0/50 [00:00<?, ?it/s]  2%|▏         | 1/50 [04:56<4:02:19, 296.72s/it]  6%|▌         | 3/50 [05:39<1:12:33, 92.63s/it]  22%|██▏       | 11/50 [06:59<16:46, 25.82s/it]  88%|████████▊ | 44/50 [07:28<00:31,  5.20s/it]100%|██████████| 50/50 [07:28<00:00,  8.97s/it]
2025-10-14 04:13:33,129 : INFO : popt.loop.optimize :        11         0          1.4514e+05      1.00e-01        2.62e-03       
       -----> Mean EPF-Opt penalty term: 7648078717969.489
  0%|          | 0/50 [00:00<?, ?it/s]  2%|▏         | 1/50 [03:17<2:41:09, 197.34s/it] 10%|█         | 5/50 [05:02<38:52, 51.83s/it]    16%|█▌        | 8/50 [05:06<19:25, 27.75s/it] 22%|██▏       | 11/50 [06:01<15:33, 23.93s/it] 58%|█████▊    | 29/50 [08:40<04:16, 12.21s/it]100%|██████████| 50/50 [08:40<00:00, 10.42s/it]
       -----> Mean EPF-Opt penalty term: 8973415523670.596
  0%|          | 0/50 [00:00<?, ?it/s]  2%|▏         | 1/50 [04:04<3:19:44, 244.58s/it]  4%|▍         | 2/50 [04:25<1:30:17, 112.86s/it]flow: ./opm/simulators/flow/FlowProblem.hpp:988: void Opm::FlowProblem<TypeTag>::source(RateVector&, unsigned int, unsigned int) const [with TypeTag = Opm::Properties::TTag::FlowProblemTPFA; RateVector = Opm::BlackOilRateVector<Opm::Properties::TTag::FlowProblemTPFA>]: Assertion `isfinite(rate[eqIdx])' failed.
[cno-0006:2309964] *** Process received signal ***
[cno-0006:2309964] Signal: Aborted (6)
[cno-0006:2309964] Signal code:  (-6)
[cno-0006:2309964] [ 0] /lib/x86_64-linux-gnu/libc.so.6(+0x45330)[0x7f7b75645330]
[cno-0006:2309964] [ 1] /lib/x86_64-linux-gnu/libc.so.6(pthread_kill+0x11c)[0x7f7b7569eb2c]
[cno-0006:2309964] [ 2] /lib/x86_64-linux-gnu/libc.so.6(gsignal+0x1e)[0x7f7b7564527e]
[cno-0006:2309964] [ 3] /lib/x86_64-linux-gnu/libc.so.6(abort+0xdf)[0x7f7b756288ff]
[cno-0006:2309964] [ 4] /lib/x86_64-linux-gnu/libc.so.6(+0x2881b)[0x7f7b7562881b]
[cno-0006:2309964] [ 5] /lib/x86_64-linux-gnu/libc.so.6(+0x3b517)[0x7f7b7563b517]
[cno-0006:2309964] [ 6] flow(+0x28af5f)[0x5a7d59d51f5f]
[cno-0006:2309964] [ 7] flow(+0x2cbc51)[0x5a7d59d92c51]
[cno-0006:2309964] [ 8] /lib/x86_64-linux-gnu/libgomp.so.1(+0x2279f)[0x7f7b7717a79f]
[cno-0006:2309964] [ 9] /lib/x86_64-linux-gnu/libc.so.6(+0x9caa4)[0x7f7b7569caa4]
[cno-0006:2309964] [10] /lib/x86_64-linux-gnu/libc.so.6(+0x129c6c)[0x7f7b75729c6c]
[cno-0006:2309964] *** End of error message ***
 20%|██        | 10/50 [05:31<14:34, 21.87s/it]   46%|████▌     | 23/50 [10:15<09:49, 21.82s/it]100%|██████████| 50/50 [10:15<00:00, 12.31s/it]

Error in the OPM run.
[92m--- Ensemble member 21 failed, has been replaced by ensemble member 10! ---[92m
       -----> Mean EPF-Opt penalty term: 7891441076656.43
  0%|          | 0/50 [00:00<?, ?it/s]  2%|▏         | 1/50 [02:45<2:14:46, 165.03s/it]flow: ./opm/simulators/flow/FlowProblem.hpp:988: void Opm::FlowProblem<TypeTag>::source(RateVector&, unsigned int, unsigned int) const [with TypeTag = Opm::Properties::TTag::FlowProblemTPFA; RateVector = Opm::BlackOilRateVector<Opm::Properties::TTag::FlowProblemTPFA>]: Assertion `isfinite(rate[eqIdx])' failed.
[cno-0006:2315196] *** Process received signal ***
[cno-0006:2315196] Signal: Aborted (6)
[cno-0006:2315196] Signal code:  (-6)
[cno-0006:2315196] [ 0] /lib/x86_64-linux-gnu/libc.so.6(+0x45330)[0x714847845330]
[cno-0006:2315196] [ 1] /lib/x86_64-linux-gnu/libc.so.6(pthread_kill+0x11c)[0x71484789eb2c]
[cno-0006:2315196] [ 2] /lib/x86_64-linux-gnu/libc.so.6(gsignal+0x1e)[0x71484784527e]
[cno-0006:2315196] [ 3] /lib/x86_64-linux-gnu/libc.so.6(abort+0xdf)[0x7148478288ff]
[cno-0006:2315196] [ 4] /lib/x86_64-linux-gnu/libc.so.6(+0x2881b)[0x71484782881b]
[cno-0006:2315196] [ 5] /lib/x86_64-linux-gnu/libc.so.6(+0x3b517)[0x71484783b517]
[cno-0006:2315196] [ 6] flow(+0x28af5f)[0x61990913ef5f]
[cno-0006:2315196] [ 7] flow(+0x2cbc51)[0x61990917fc51]
[cno-0006:2315196] [ 8] /lib/x86_64-linux-gnu/libgomp.so.1(+0x2279f)[0x7148493cc79f]
[cno-0006:2315196] [ 9] /lib/x86_64-linux-gnu/libc.so.6(+0x9caa4)[0x71484789caa4]
[cno-0006:2315196] [10] /lib/x86_64-linux-gnu/libc.so.6(+0x129c6c)[0x714847929c6c]
[cno-0006:2315196] *** End of error message ***
  4%|▍         | 2/50 [05:39<2:16:38, 170.81s/it] 14%|█▍        | 7/50 [07:55<39:15, 54.78s/it]    40%|████      | 20/50 [10:06<10:37, 21.25s/it]100%|██████████| 50/50 [10:06<00:00, 12.13s/it]

Error in the OPM run.
2025-10-14 04:43:42,769 : INFO : popt.loop.optimize :        12         1          1.4499e+05      5.00e-02        2.61e-03       
[92m--- Ensemble member 8 failed, has been replaced by ensemble member 24! ---[92m
       -----> Mean EPF-Opt penalty term: 7639932261399.742
  0%|          | 0/50 [00:00<?, ?it/s]  2%|▏         | 1/50 [04:24<3:36:09, 264.69s/it] 12%|█▏        | 6/50 [05:07<29:20, 40.02s/it]    54%|█████▍    | 27/50 [07:09<04:18, 11.26s/it]100%|██████████| 50/50 [07:09<00:00,  8.58s/it]
       -----> Mean EPF-Opt penalty term: 9368781119935.37
  0%|          | 0/50 [00:00<?, ?it/s]  2%|▏         | 1/50 [04:29<3:40:09, 269.57s/it]  6%|▌         | 3/50 [04:45<59:23, 75.82s/it]    16%|█▌        | 8/50 [05:02<16:13, 23.19s/it] 42%|████▏     | 21/50 [05:13<03:19,  6.89s/it] 66%|██████▌   | 33/50 [07:23<02:30,  8.83s/it]100%|██████████| 50/50 [07:23<00:00,  8.86s/it]
2025-10-14 04:58:59,848 : INFO : popt.loop.optimize :        13         0          1.3403e+05      1.00e-01        2.64e-03       
       -----> Mean EPF-Opt penalty term: 7062805943857.771
  0%|          | 0/50 [00:00<?, ?it/s]  2%|▏         | 1/50 [03:13<2:37:54, 193.36s/it] 10%|█         | 5/50 [04:54<37:47, 50.40s/it]    44%|████▍     | 22/50 [05:04<04:02,  8.65s/it] 54%|█████▍    | 27/50 [05:15<02:39,  6.95s/it] 56%|█████▌    | 28/50 [09:47<09:16, 25.30s/it]100%|██████████| 50/50 [09:47<00:00, 11.74s/it]
       -----> Mean EPF-Opt penalty term: 7803999784270.409
  0%|          | 0/50 [00:00<?, ?it/s]  2%|▏         | 1/50 [03:34<2:55:24, 214.78s/it]  4%|▍         | 2/50 [05:12<1:56:55, 146.16s/it]  8%|▊         | 4/50 [05:57<52:36, 68.62s/it]    68%|██████▊   | 34/50 [06:37<01:35,  5.97s/it] 96%|█████████▌| 48/50 [07:29<00:10,  5.11s/it]100%|██████████| 50/50 [07:29<00:00,  8.98s/it]
2025-10-14 05:17:00,791 : INFO : popt.loop.optimize :        14         0          1.3180e+05      1.00e-01        2.58e-03       
       -----> Mean EPF-Opt penalty term: 6944880736984.051
  0%|          | 0/50 [00:00<?, ?it/s]  2%|▏         | 1/50 [03:11<2:36:46, 191.97s/it]  4%|▍         | 2/50 [03:57<1:24:52, 106.09s/it] 14%|█▍        | 7/50 [04:49<20:38, 28.79s/it]    18%|█▊        | 9/50 [05:06<15:17, 22.38s/it] 46%|████▌     | 23/50 [06:19<04:11,  9.33s/it]100%|██████████| 50/50 [06:19<00:00,  7.59s/it]
       -----> Mean EPF-Opt penalty term: 8628839414102.169
  0%|          | 0/50 [00:00<?, ?it/s]  2%|▏         | 1/50 [03:40<2:59:50, 220.21s/it] 14%|█▍        | 7/50 [04:00<18:39, 26.03s/it]   100%|██████████| 50/50 [04:00<00:00,  4.81s/it]
2025-10-14 05:28:05,689 : INFO : popt.loop.optimize :        15         0          1.2198e+05      1.00e-01        2.59e-03       
       -----> Mean EPF-Opt penalty term: 6427801237687.7705
  0%|          | 0/50 [00:00<?, ?it/s]  2%|▏         | 1/50 [02:59<2:26:47, 179.75s/it]  6%|▌         | 3/50 [05:03<1:12:17, 92.29s/it]  28%|██▊       | 14/50 [06:19<11:39, 19.44s/it]  50%|█████     | 25/50 [07:32<05:10, 12.43s/it] 54%|█████▍    | 27/50 [12:55<11:54, 31.06s/it]100%|██████████| 50/50 [12:55<00:00, 15.52s/it]
       -----> Mean EPF-Opt penalty term: 7307453764082.449
  0%|          | 0/50 [00:00<?, ?it/s]  2%|▏         | 1/50 [04:00<3:16:31, 240.64s/it]  4%|▍         | 2/50 [04:11<1:24:11, 105.23s/it] 16%|█▌        | 8/50 [05:47<21:36, 30.88s/it]    46%|████▌     | 23/50 [07:09<05:19, 11.82s/it]100%|██████████| 50/50 [07:09<00:00,  8.58s/it]
2025-10-14 05:48:55,579 : INFO : popt.loop.optimize :        16         0          1.1971e+05      1.00e-01        2.57e-03       
       -----> Mean EPF-Opt penalty term: 6308174621254.124
  0%|          | 0/50 [00:00<?, ?it/s]  2%|▏         | 1/50 [03:17<2:41:09, 197.34s/it]  4%|▍         | 2/50 [05:45<2:14:56, 168.67s/it] 30%|███       | 15/50 [07:28<12:28, 21.39s/it]  100%|██████████| 50/50 [07:28<00:00,  8.97s/it]
       -----> Mean EPF-Opt penalty term: 8238014717576.836
  0%|          | 0/50 [00:00<?, ?it/s]  2%|▏         | 1/50 [04:14<3:28:08, 254.87s/it]  6%|▌         | 3/50 [05:14<1:09:07, 88.24s/it]  14%|█▍        | 7/50 [05:31<22:21, 31.19s/it]   94%|█████████▍| 47/50 [05:41<00:09,  3.13s/it]100%|██████████| 50/50 [05:41<00:00,  6.83s/it]
       -----> Mean EPF-Opt penalty term: 6468249144338.487
  0%|          | 0/50 [00:00<?, ?it/s]  2%|▏         | 1/50 [04:01<3:17:35, 241.95s/it]  4%|▍         | 2/50 [05:34<2:03:24, 154.26s/it]  6%|▌         | 3/50 [05:56<1:13:27, 93.79s/it]  20%|██        | 10/50 [06:15<12:40, 19.02s/it]  42%|████▏     | 21/50 [06:26<03:32,  7.34s/it] 52%|█████▏    | 26/50 [06:47<02:34,  6.43s/it] 60%|██████    | 30/50 [17:38<15:18, 45.94s/it]100%|██████████| 50/50 [17:38<00:00, 21.16s/it]
2025-10-14 06:20:50,617 : INFO : popt.loop.optimize :        17         1          1.1520e+05      5.00e-02        2.58e-03       
       -----> Mean EPF-Opt penalty term: 6070575595953.117
  0%|          | 0/50 [00:00<?, ?it/s]  2%|▏         | 1/50 [04:48<3:55:25, 288.27s/it] 46%|████▌     | 23/50 [05:36<04:57, 11.01s/it]  100%|██████████| 50/50 [07:51<00:00,  7.24s/it]100%|██████████| 50/50 [07:51<00:00,  9.44s/it]
       -----> Mean EPF-Opt penalty term: 7400341992458.575
  0%|          | 0/50 [00:00<?, ?it/s]  2%|▏         | 1/50 [08:05<6:36:45, 485.82s/it]  6%|▌         | 3/50 [08:23<1:43:47, 132.50s/it] 30%|███       | 15/50 [12:18<20:23, 34.97s/it]   72%|███████▏  | 36/50 [12:36<02:42, 11.64s/it]100%|██████████| 50/50 [12:36<00:00, 15.13s/it]
       -----> Mean EPF-Opt penalty term: 6963669933218.615
  0%|          | 0/50 [00:00<?, ?it/s]  2%|▏         | 1/50 [06:00<4:54:26, 360.55s/it] 12%|█▏        | 6/50 [06:39<37:25, 51.03s/it]    80%|████████  | 40/50 [07:05<01:00,  6.06s/it] 94%|█████████▍| 47/50 [08:27<00:21,  7.24s/it]100%|██████████| 50/50 [08:27<00:00, 10.15s/it]
       -----> Mean EPF-Opt penalty term: 6380862391138.2295
  0%|          | 0/50 [00:00<?, ?it/s]  2%|▏         | 1/50 [06:23<5:13:24, 383.77s/it]  8%|▊         | 4/50 [06:45<1:00:05, 78.39s/it]  20%|██        | 10/50 [10:44<34:20, 51.52s/it] 100%|██████████| 50/50 [10:44<00:00, 12.89s/it]
       -----> Mean EPF-Opt penalty term: 6223832649641.336
  0%|          | 0/50 [00:00<?, ?it/s]  2%|▏         | 1/50 [05:45<4:42:08, 345.49s/it]  6%|▌         | 3/50 [07:43<1:44:21, 133.23s/it]100%|██████████| 50/50 [07:43<00:00,  9.27s/it]  
       -----> Mean EPF-Opt penalty term: 6175658811563.957
  0%|          | 0/50 [00:00<?, ?it/s]  2%|▏         | 1/50 [04:18<3:31:10, 258.59s/it]  4%|▍         | 2/50 [05:03<1:46:05, 132.61s/it]  6%|▌         | 3/50 [05:31<1:06:32, 84.96s/it]   8%|▊         | 4/50 [06:49<1:03:11, 82.43s/it] 90%|█████████ | 45/50 [06:54<00:17,  3.52s/it] 100%|██████████| 50/50 [06:54<00:00,  8.28s/it]
       -----> Mean EPF-Opt penalty term: 6152333971100.462
  0%|          | 0/50 [00:00<?, ?it/s]  2%|▏         | 1/50 [05:01<4:06:26, 301.76s/it] 16%|█▌        | 8/50 [05:34<22:08, 31.62s/it]    28%|██▊       | 14/50 [05:44<09:31, 15.86s/it] 34%|███▍      | 17/50 [06:43<09:19, 16.95s/it] 62%|██████▏   | 31/50 [07:01<02:09,  6.83s/it]100%|██████████| 50/50 [07:01<00:00,  8.43s/it]
2025-10-14 07:24:46,960 : INFO : popt.loop.optimize :        Optimization converged in 17 iterations 
2025-10-14 07:24:46,960 : INFO : popt.loop.optimize :        Optimization converged with final obj_func = 115203.9860
2025-10-14 07:24:46,960 : INFO : popt.loop.optimize :        Total number of function evaluations = 104
2025-10-14 07:24:46,960 : INFO : popt.loop.optimize :        Total number of jacobi evaluations = 61
2025-10-14 07:24:46,961 : INFO : popt.loop.optimize :        Total elapsed time = 1080.77 minutes
2025-10-14 07:24:46,961 : INFO : popt.loop.optimize :        ============================================
       -----> Mean EPF-Opt penalty term: 6084054950080.212
  0%|          | 0/50 [00:00<?, ?it/s]  2%|▏         | 1/50 [04:28<3:39:10, 268.38s/it]  4%|▍         | 2/50 [05:44<2:04:01, 155.02s/it]  6%|▌         | 3/50 [06:18<1:18:26, 100.14s/it] 52%|█████▏    | 26/50 [07:09<03:19,  8.30s/it]   60%|██████    | 30/50 [18:03<12:32, 37.64s/it]100%|██████████| 50/50 [18:03<00:00, 21.67s/it]
2025-10-14 07:43:12,692 : INFO : popt.loop.optimize :        -----> EPF-EnOpt: 5, 1000000.0 (outer iteration, penalty factor)
       -----> Mean EPF-Opt penalty term: 60705755959531.164
  0%|          | 0/50 [00:00<?, ?it/s]  2%|▏         | 1/50 [02:16<1:51:19, 136.31s/it]  4%|▍         | 2/50 [03:10<1:10:22, 87.97s/it]   6%|▌         | 3/50 [03:31<44:52, 57.30s/it]    8%|▊         | 4/50 [03:41<29:46, 38.85s/it] 14%|█▍        | 7/50 [04:04<13:47, 19.26s/it] 20%|██        | 10/50 [04:41<10:38, 15.96s/it] 32%|███▏      | 16/50 [05:08<05:17,  9.33s/it] 44%|████▍     | 22/50 [15:50<24:55, 53.40s/it]100%|██████████| 50/50 [15:50<00:00, 19.01s/it]
       -----> Mean EPF-Opt penalty term: 77942801362576.22
  0%|          | 0/50 [00:00<?, ?it/s]  2%|▏         | 1/50 [06:24<5:13:52, 384.34s/it]  4%|▍         | 2/50 [14:43<6:01:21, 451.70s/it]100%|██████████| 50/50 [14:43<00:00, 17.66s/it]  
       -----> Mean EPF-Opt penalty term: 60824157300508.945
  0%|          | 0/50 [00:00<?, ?it/s]  2%|▏         | 1/50 [06:26<5:15:32, 386.38s/it] 16%|█▌        | 8/50 [06:28<24:45, 35.37s/it]    72%|███████▏  | 36/50 [06:34<01:22,  5.91s/it]100%|██████████| 50/50 [06:34<00:00,  7.90s/it]
       -----> Mean EPF-Opt penalty term: 61055100974924.26
  0%|          | 0/50 [00:00<?, ?it/s]  2%|▏         | 1/50 [06:04<4:57:18, 364.04s/it]  6%|▌         | 3/50 [06:16<1:17:34, 99.04s/it]  16%|█▌        | 8/50 [07:02<23:41, 33.85s/it]   20%|██        | 10/50 [07:18<17:28, 26.20s/it] 54%|█████▍    | 27/50 [14:49<10:09, 26.49s/it]100%|██████████| 50/50 [14:49<00:00, 17.80s/it]
2025-10-14 08:36:40,207 : INFO : popt.loop.optimize :        1          2          1.1498e+06      7.81e-04        2.59e-03       
       -----> Mean EPF-Opt penalty term: 60586049047620.97
  0%|          | 0/50 [00:00<?, ?it/s]  2%|▏         | 1/50 [02:52<2:21:06, 172.78s/it]  4%|▍         | 2/50 [04:31<1:43:15, 129.08s/it] 26%|██▌       | 13/50 [05:04<09:26, 15.30s/it]   54%|█████▍    | 27/50 [06:12<03:23,  8.84s/it] 86%|████████▌ | 43/50 [10:18<01:24, 12.12s/it]100%|██████████| 50/50 [10:18<00:00, 12.37s/it]
       -----> Mean EPF-Opt penalty term: 75809367929151.05
  0%|          | 0/50 [00:00<?, ?it/s]  2%|▏         | 1/50 [04:35<3:44:40, 275.12s/it] 18%|█▊        | 9/50 [04:40<15:30, 22.70s/it]    26%|██▌       | 13/50 [06:02<13:29, 21.87s/it] 82%|████████▏ | 41/50 [06:06<00:40,  4.51s/it] 84%|████████▍ | 42/50 [06:21<00:39,  4.92s/it]100%|██████████| 50/50 [06:21<00:00,  7.62s/it]
2025-10-14 08:54:04,577 : INFO : popt.loop.optimize :        2          0          1.1384e+06      1.00e-01        2.57e-03       
       -----> Mean EPF-Opt penalty term: 59984601196347.47
  0%|          | 0/50 [00:00<?, ?it/s]  2%|▏         | 1/50 [03:45<3:04:05, 225.41s/it]  4%|▍         | 2/50 [04:02<1:22:21, 102.94s/it] 64%|██████▍   | 32/50 [04:07<01:13,  4.08s/it]   70%|███████   | 35/50 [05:21<01:38,  6.56s/it] 84%|████████▍ | 42/50 [05:37<00:42,  5.33s/it]100%|██████████| 50/50 [05:37<00:00,  6.74s/it]
       -----> Mean EPF-Opt penalty term: 79645267526977.06
  0%|          | 0/50 [00:00<?, ?it/s]  2%|▏         | 1/50 [03:35<2:56:14, 215.80s/it]  4%|▍         | 2/50 [04:25<1:34:35, 118.24s/it]  6%|▌         | 3/50 [05:23<1:11:09, 90.84s/it]  12%|█▏        | 6/50 [06:41<35:00, 47.74s/it]  100%|██████████| 50/50 [06:41<00:00,  8.02s/it]
       -----> Mean EPF-Opt penalty term: 62715240898792.484
  0%|          | 0/50 [00:00<?, ?it/s]  2%|▏         | 1/50 [03:17<2:41:10, 197.36s/it]  4%|▍         | 2/50 [03:47<1:19:02, 98.81s/it]   6%|▌         | 3/50 [03:58<46:11, 58.97s/it]    8%|▊         | 4/50 [04:13<31:43, 41.37s/it] 18%|█▊        | 9/50 [04:23<08:26, 12.36s/it] 22%|██▏       | 11/50 [04:41<07:24, 11.39s/it] 24%|██▍       | 12/50 [04:56<07:36, 12.00s/it] 50%|█████     | 25/50 [18:29<21:06, 50.65s/it]100%|██████████| 50/50 [18:29<00:00, 22.19s/it]
2025-10-14 09:25:59,300 : INFO : popt.loop.optimize :        3          1          1.1323e+06      5.00e-02        2.57e-03       
       -----> Mean EPF-Opt penalty term: 59665660761568.9
  0%|          | 0/50 [00:00<?, ?it/s]  2%|▏         | 1/50 [05:41<4:39:00, 341.65s/it] 24%|██▍       | 12/50 [06:09<14:28, 22.86s/it]   92%|█████████▏| 46/50 [08:03<00:28,  7.13s/it]100%|██████████| 50/50 [08:03<00:00,  9.67s/it]
       -----> Mean EPF-Opt penalty term: 75829583543687.64
  0%|          | 0/50 [00:00<?, ?it/s]  2%|▏         | 1/50 [03:10<2:35:26, 190.34s/it]  6%|▌         | 3/50 [03:17<40:45, 52.03s/it]    70%|███████   | 35/50 [03:25<00:47,  3.15s/it] 82%|████████▏ | 41/50 [03:28<00:23,  2.58s/it] 92%|█████████▏| 46/50 [03:31<00:08,  2.23s/it] 94%|█████████▍| 47/50 [05:20<00:23,  7.81s/it]100%|██████████| 50/50 [05:20<00:00,  6.41s/it]
2025-10-14 09:40:07,729 : INFO : popt.loop.optimize :        4          0          1.0792e+06      1.00e-01        2.57e-03       
       -----> Mean EPF-Opt penalty term: 56865819024203.414
  0%|          | 0/50 [00:00<?, ?it/s]  2%|▏         | 1/50 [02:40<2:10:42, 160.06s/it]  4%|▍         | 2/50 [03:11<1:07:42, 84.64s/it]   6%|▌         | 3/50 [05:17<1:20:57, 103.36s/it] 36%|███▌      | 18/50 [06:11<06:50, 12.82s/it]   50%|█████     | 25/50 [10:46<09:30, 22.82s/it]100%|██████████| 50/50 [10:46<00:00, 12.93s/it]
       -----> Mean EPF-Opt penalty term: 73000815875612.05
  0%|          | 0/50 [00:00<?, ?it/s]  2%|▏         | 1/50 [03:09<2:34:44, 189.48s/it]  4%|▍         | 2/50 [04:20<1:35:58, 119.96s/it] 14%|█▍        | 7/50 [08:04<42:26, 59.23s/it]   100%|██████████| 50/50 [08:04<00:00,  9.69s/it]
2025-10-14 09:59:43,282 : INFO : popt.loop.optimize :        5          0          1.0384e+06      1.00e-01        2.58e-03       
       -----> Mean EPF-Opt penalty term: 54715993896075.914
  0%|          | 0/50 [00:00<?, ?it/s]  2%|▏         | 1/50 [02:52<2:20:34, 172.13s/it]  4%|▍         | 2/50 [03:19<1:09:25, 86.77s/it]   6%|▌         | 3/50 [04:07<54:21, 69.40s/it]   22%|██▏       | 11/50 [04:43<09:39, 14.86s/it] 30%|███       | 15/50 [06:17<10:33, 18.09s/it]100%|██████████| 50/50 [06:17<00:00,  7.54s/it]
       -----> Mean EPF-Opt penalty term: 63009136492207.43
  0%|          | 0/50 [00:00<?, ?it/s]  2%|▏         | 1/50 [03:09<2:34:33, 189.26s/it]  4%|▍         | 2/50 [03:33<1:13:43, 92.16s/it]  12%|█▏        | 6/50 [03:39<16:21, 22.30s/it]   24%|██▍       | 12/50 [03:44<05:38,  8.91s/it] 36%|███▌      | 18/50 [03:48<02:41,  5.05s/it] 40%|████      | 20/50 [03:48<02:04,  4.16s/it] 90%|█████████ | 45/50 [04:36<00:12,  2.42s/it]100%|██████████| 50/50 [04:36<00:00,  5.52s/it]
2025-10-14 10:11:21,100 : INFO : popt.loop.optimize :        6          0          8.9099e+05      1.00e-01        2.58e-03       
       -----> Mean EPF-Opt penalty term: 46949547195214.875
  0%|          | 0/50 [00:00<?, ?it/s]  2%|▏         | 1/50 [02:57<2:24:33, 177.02s/it]  6%|▌         | 3/50 [05:04<1:12:55, 93.09s/it] 100%|██████████| 50/50 [05:04<00:00,  6.09s/it] 
       -----> Mean EPF-Opt penalty term: 61521662722451.46
  0%|          | 0/50 [00:00<?, ?it/s]  2%|▏         | 1/50 [02:46<2:16:19, 166.92s/it]  6%|▌         | 3/50 [02:54<36:08, 46.13s/it]     8%|▊         | 4/50 [03:06<26:14, 34.23s/it] 10%|█         | 5/50 [03:11<18:30, 24.69s/it] 12%|█▏        | 6/50 [03:20<14:24, 19.66s/it] 20%|██        | 10/50 [04:49<14:13, 21.34s/it] 30%|███       | 15/50 [05:44<09:11, 15.75s/it]100%|██████████| 50/50 [05:44<00:00,  6.89s/it]
2025-10-14 10:22:54,686 : INFO : popt.loop.optimize :        7          0          8.8711e+05      1.00e-01        2.61e-03       
       -----> Mean EPF-Opt penalty term: 46745129890745.805
  0%|          | 0/50 [00:00<?, ?it/s]  2%|▏         | 1/50 [02:37<2:08:59, 157.96s/it]  4%|▍         | 2/50 [04:23<1:41:38, 127.05s/it]  6%|▌         | 3/50 [05:53<1:26:17, 110.16s/it] 28%|██▊       | 14/50 [06:46<10:37, 17.71s/it]   60%|██████    | 30/50 [07:10<02:24,  7.24s/it] 82%|████████▏ | 41/50 [08:11<00:59,  6.59s/it]100%|██████████| 50/50 [08:11<00:00,  9.83s/it]
       -----> Mean EPF-Opt penalty term: 58669855691762.13
  0%|          | 0/50 [00:00<?, ?it/s]  2%|▏         | 1/50 [03:15<2:39:25, 195.21s/it] 28%|██▊       | 14/50 [03:50<07:30, 12.52s/it]   88%|████████▊ | 44/50 [03:56<00:19,  3.19s/it]100%|██████████| 50/50 [03:56<00:00,  4.73s/it]
2025-10-14 10:35:47,277 : INFO : popt.loop.optimize :        8          0          8.4684e+05      1.00e-01        2.62e-03       
       -----> Mean EPF-Opt penalty term: 44623542246716.99
  0%|          | 0/50 [00:00<?, ?it/s]  2%|▏         | 1/50 [04:51<3:57:51, 291.26s/it] 66%|██████▌   | 33/50 [05:07<01:54,  6.73s/it]   72%|███████▏  | 36/50 [05:13<01:26,  6.20s/it]100%|██████████| 50/50 [05:13<00:00,  6.28s/it]
       -----> Mean EPF-Opt penalty term: 57690582693805.34
  0%|          | 0/50 [00:00<?, ?it/s]  2%|▏         | 1/50 [03:28<2:50:16, 208.51s/it]  4%|▍         | 2/50 [04:15<1:30:56, 113.68s/it]  6%|▌         | 3/50 [04:18<49:14, 62.85s/it]    10%|█         | 5/50 [05:17<32:59, 43.98s/it]100%|██████████| 50/50 [05:17<00:00,  6.34s/it]
2025-10-14 10:47:03,035 : INFO : popt.loop.optimize :        9          0          8.2930e+05      1.00e-01        2.63e-03       
       -----> Mean EPF-Opt penalty term: 43699022731575.086
  0%|          | 0/50 [00:00<?, ?it/s]  2%|▏         | 1/50 [04:28<3:38:56, 268.09s/it] 14%|█▍        | 7/50 [04:59<23:24, 32.66s/it]    60%|██████    | 30/50 [08:00<04:01, 12.08s/it] 74%|███████▍  | 37/50 [08:30<02:10, 10.02s/it]100%|██████████| 50/50 [08:30<00:00, 10.21s/it]
       -----> Mean EPF-Opt penalty term: 58787154378976.875
  0%|          | 0/50 [00:00<?, ?it/s]  2%|▏         | 1/50 [02:49<2:18:29, 169.57s/it]  4%|▍         | 2/50 [02:53<57:34, 71.97s/it]     8%|▊         | 4/50 [03:01<22:33, 29.41s/it] 10%|█         | 5/50 [03:25<20:55, 27.90s/it] 14%|█▍        | 7/50 [04:46<24:08, 33.68s/it] 40%|████      | 20/50 [06:08<05:42, 11.41s/it]100%|██████████| 50/50 [06:08<00:00,  7.37s/it]
       -----> Mean EPF-Opt penalty term: 44721255362130.0
  0%|          | 0/50 [00:00<?, ?it/s]  2%|▏         | 1/50 [02:57<2:24:46, 177.27s/it]  4%|▍         | 2/50 [04:35<1:44:49, 131.03s/it] 12%|█▏        | 6/50 [04:36<22:09, 30.22s/it]    22%|██▏       | 11/50 [05:28<12:10, 18.72s/it] 36%|███▌      | 18/50 [07:35<09:49, 18.42s/it] 42%|████▏     | 21/50 [10:05<12:40, 26.21s/it] 70%|███████   | 35/50 [10:10<02:31, 10.12s/it]100%|██████████| 50/50 [10:10<00:00, 12.21s/it]
       -----> Mean EPF-Opt penalty term: 44310510350798.12
  0%|          | 0/50 [00:00<?, ?it/s]  2%|▏         | 1/50 [03:38<2:58:39, 218.76s/it]  4%|▍         | 2/50 [04:27<1:34:52, 118.59s/it]  6%|▌         | 3/50 [05:12<1:06:32, 84.95s/it]   8%|▊         | 4/50 [12:48<2:57:26, 231.44s/it] 12%|█▏        | 6/50 [14:02<1:34:14, 128.50s/it]100%|██████████| 50/50 [14:02<00:00, 16.85s/it]  
2025-10-14 11:27:24,102 : INFO : popt.loop.optimize :        10         2          8.0007e+05      2.50e-02        2.65e-03       
       -----> Mean EPF-Opt penalty term: 42159004261949.51
  0%|          | 0/50 [00:00<?, ?it/s]  2%|▏         | 1/50 [03:11<2:36:43, 191.91s/it]  6%|▌         | 3/50 [03:19<41:10, 52.56s/it]    12%|█▏        | 6/50 [04:01<21:13, 28.94s/it] 14%|█▍        | 7/50 [04:17<18:38, 26.02s/it] 22%|██▏       | 11/50 [05:21<13:14, 20.38s/it] 56%|█████▌    | 28/50 [07:07<03:27,  9.42s/it]100%|██████████| 50/50 [07:07<00:00,  8.55s/it]
       -----> Mean EPF-Opt penalty term: 65844377604866.13
  0%|          | 0/50 [00:00<?, ?it/s]  2%|▏         | 1/50 [02:38<2:09:25, 158.49s/it]  4%|▍         | 2/50 [02:59<1:01:56, 77.43s/it]   6%|▌         | 3/50 [03:08<36:17, 46.34s/it]   10%|█         | 5/50 [03:30<19:39, 26.21s/it]flow: ./opm/simulators/flow/FlowProblem.hpp:988: void Opm::FlowProblem<TypeTag>::source(RateVector&, unsigned int, unsigned int) const [with TypeTag = Opm::Properties::TTag::FlowProblemTPFA; RateVector = Opm::BlackOilRateVector<Opm::Properties::TTag::FlowProblemTPFA>]: Assertion `isfinite(rate[eqIdx])' failed.
[cno-0006:2592434] *** Process received signal ***
[cno-0006:2592434] Signal: Aborted (6)
[cno-0006:2592434] Signal code:  (-6)
[cno-0006:2592434] [ 0] /lib/x86_64-linux-gnu/libc.so.6(+0x45330)[0x73c322045330]
[cno-0006:2592434] [ 1] /lib/x86_64-linux-gnu/libc.so.6(pthread_kill+0x11c)[0x73c32209eb2c]
[cno-0006:2592434] [ 2] /lib/x86_64-linux-gnu/libc.so.6(gsignal+0x1e)[0x73c32204527e]
[cno-0006:2592434] [ 3] /lib/x86_64-linux-gnu/libc.so.6(abort+0xdf)[0x73c3220288ff]
[cno-0006:2592434] [ 4] /lib/x86_64-linux-gnu/libc.so.6(+0x2881b)[0x73c32202881b]
[cno-0006:2592434] [ 5] /lib/x86_64-linux-gnu/libc.so.6(+0x3b517)[0x73c32203b517]
[cno-0006:2592434] [ 6] flow(+0x28af5f)[0x653b6c260f5f]
[cno-0006:2592434] [ 7] flow(+0x2cbc51)[0x653b6c2a1c51]
[cno-0006:2592434] [ 8] /lib/x86_64-linux-gnu/libgomp.so.1(GOMP_parallel+0x47)[0x73c323ba1977]
[cno-0006:2592434] [ 9] flow(+0x2c7e0a)[0x653b6c29de0a]
[cno-0006:2592434] [10] flow(+0x2e589b)[0x653b6c2bb89b]
[cno-0006:2592434] [11] flow(+0x2f9952)[0x653b6c2cf952]
[cno-0006:2592434] [12] flow(+0x30064c)[0x653b6c2d664c]
[cno-0006:2592434] [13] flow(+0x30298f)[0x653b6c2d898f]
[cno-0006:2592434] [14] flow(+0x31c557)[0x653b6c2f2557]
[cno-0006:2592434] [15] flow(+0x31cc21)[0x653b6c2f2c21]
[cno-0006:2592434] [16] flow(+0x31d25b)[0x653b6c2f325b]
[cno-0006:2592434] [17] flow(+0x31e9a1)[0x653b6c2f49a1]
[cno-0006:2592434] [18] flow(+0x31ee17)[0x653b6c2f4e17]
[cno-0006:2592434] [19] flow(+0x31f8d0)[0x653b6c2f58d0]
[cno-0006:2592434] [20] flow(+0x2f5b71)[0x653b6c2cbb71]
[cno-0006:2592434] [21] flow(+0x1f5f2d)[0x653b6c1cbf2d]
[cno-0006:2592434] [22] flow(+0x1bbceb)[0x653b6c191ceb]
[cno-0006:2592434] [23] /lib/x86_64-linux-gnu/libc.so.6(+0x2a1ca)[0x73c32202a1ca]
[cno-0006:2592434] [24] /lib/x86_64-linux-gnu/libc.so.6(__libc_start_main+0x8b)[0x73c32202a28b]
[cno-0006:2592434] [25] flow(+0x1c8bd5)[0x653b6c19ebd5]
[cno-0006:2592434] *** End of error message ***
 14%|█▍        | 7/50 [04:37<21:12, 29.58s/it] 22%|██▏       | 11/50 [04:39<08:34, 13.19s/it] 44%|████▍     | 22/50 [05:02<02:36,  5.59s/it] 64%|██████▍   | 32/50 [07:16<02:47,  9.28s/it]100%|██████████| 50/50 [07:16<00:00,  8.73s/it]

Error in the OPM run.
[92m--- Ensemble member 49 failed, has been replaced by ensemble member 32! ---[92m
       -----> Mean EPF-Opt penalty term: 49683292938491.516
  0%|          | 0/50 [00:00<?, ?it/s]  2%|▏         | 1/50 [03:07<2:33:09, 187.54s/it]  8%|▊         | 4/50 [03:14<28:37, 37.33s/it]    10%|█         | 5/50 [03:22<21:54, 29.22s/it] 18%|█▊        | 9/50 [04:03<11:56, 17.48s/it] 40%|████      | 20/50 [05:31<05:24, 10.83s/it] 50%|█████     | 25/50 [11:39<12:43, 30.53s/it]100%|██████████| 50/50 [11:39<00:00, 13.98s/it]
       -----> Mean EPF-Opt penalty term: 44382721163970.02
  0%|          | 0/50 [00:00<?, ?it/s]  2%|▏         | 1/50 [02:43<2:13:33, 163.54s/it]  4%|▍         | 2/50 [02:57<1:00:37, 75.79s/it]   6%|▌         | 3/50 [05:40<1:30:30, 115.55s/it]  8%|▊         | 4/50 [11:47<2:44:37, 214.74s/it] 84%|████████▍ | 42/50 [12:46<01:28, 11.06s/it]  100%|██████████| 50/50 [12:46<00:00, 15.34s/it]
       -----> Mean EPF-Opt penalty term: 43988112997962.75
  0%|          | 0/50 [00:00<?, ?it/s]  2%|▏         | 1/50 [06:50<5:34:57, 410.14s/it]  6%|▌         | 3/50 [09:46<2:14:23, 171.57s/it] 16%|█▌        | 8/50 [12:46<51:16, 73.26s/it]   100%|██████████| 50/50 [12:46<00:00, 15.34s/it]
       -----> Mean EPF-Opt penalty term: 44012718926603.25
  0%|          | 0/50 [00:00<?, ?it/s]  2%|▏         | 1/50 [06:48<5:33:37, 408.52s/it] 24%|██▍       | 12/50 [09:50<25:18, 39.97s/it]   50%|█████     | 25/50 [13:40<10:57, 26.29s/it]100%|██████████| 50/50 [13:40<00:00, 16.40s/it]
2025-10-14 12:34:54,150 : INFO : popt.loop.optimize :        11         4          7.9096e+05      6.25e-03        2.67e-03       
       -----> Mean EPF-Opt penalty term: 41678722849357.266
  0%|          | 0/50 [00:00<?, ?it/s]  2%|▏         | 1/50 [02:44<2:14:34, 164.78s/it]  4%|▍         | 2/50 [02:50<56:56, 71.18s/it]     6%|▌         | 3/50 [03:31<45:09, 57.65s/it]  8%|▊         | 4/50 [05:13<57:20, 74.79s/it] 16%|█▌        | 8/50 [05:44<19:56, 28.49s/it] 66%|██████▌   | 33/50 [06:45<01:42,  6.04s/it]100%|██████████| 50/50 [06:45<00:00,  8.11s/it]
       -----> Mean EPF-Opt penalty term: 58999445053695.94
  0%|          | 0/50 [00:00<?, ?it/s]  2%|▏         | 1/50 [02:54<2:22:16, 174.22s/it]  4%|▍         | 2/50 [03:30<1:14:17, 92.86s/it]   8%|▊         | 4/50 [05:35<56:40, 73.93s/it]   14%|█▍        | 7/50 [06:09<27:14, 38.00s/it]100%|██████████| 50/50 [06:09<00:00,  7.38s/it]
       -----> Mean EPF-Opt penalty term: 43324348936407.74
  0%|          | 0/50 [00:00<?, ?it/s]  2%|▏         | 1/50 [03:59<3:15:17, 239.13s/it]  4%|▍         | 2/50 [04:31<1:34:02, 117.56s/it]  6%|▌         | 3/50 [05:03<1:01:23, 78.38s/it]  34%|███▍      | 17/50 [12:46<20:39, 37.56s/it] 100%|██████████| 50/50 [12:46<00:00, 15.33s/it]
       -----> Mean EPF-Opt penalty term: 44753106041212.16
  0%|          | 0/50 [00:00<?, ?it/s]  2%|▏         | 1/50 [03:36<2:56:49, 216.53s/it]  4%|▍         | 2/50 [04:27<1:35:15, 119.06s/it]  8%|▊         | 4/50 [04:45<38:25, 50.11s/it]    12%|█▏        | 6/50 [05:21<25:40, 35.01s/it] 14%|█▍        | 7/50 [13:22<1:45:42, 147.51s/it]100%|██████████| 50/50 [13:22<00:00, 16.05s/it]  
       -----> Mean EPF-Opt penalty term: 44131707415104.42
  0%|          | 0/50 [00:00<?, ?it/s]  2%|▏         | 1/50 [04:55<4:01:28, 295.68s/it]  8%|▊         | 4/50 [06:23<1:00:59, 79.56s/it]  34%|███▍      | 17/50 [06:46<08:06, 14.75s/it]  52%|█████▏    | 26/50 [10:44<07:59, 20.00s/it] 66%|██████▌   | 33/50 [10:58<03:57, 13.99s/it]100%|██████████| 50/50 [10:58<00:00, 13.17s/it]
       -----> Mean EPF-Opt penalty term: 43904922229918.164
  0%|          | 0/50 [00:00<?, ?it/s]  2%|▏         | 1/50 [04:47<3:54:37, 287.30s/it]  4%|▍         | 2/50 [05:42<2:00:23, 150.49s/it]  6%|▌         | 3/50 [06:42<1:25:48, 109.55s/it] 22%|██▏       | 11/50 [07:50<16:05, 24.76s/it]   66%|██████▌   | 33/50 [09:05<02:22,  8.35s/it]100%|██████████| 50/50 [09:05<00:00, 10.91s/it]
       -----> Mean EPF-Opt penalty term: 44021861889816.28
  0%|          | 0/50 [00:00<?, ?it/s]  2%|▏         | 1/50 [04:55<4:01:24, 295.61s/it]  4%|▍         | 2/50 [05:25<1:51:22, 139.23s/it]  8%|▊         | 4/50 [06:26<54:35, 71.21s/it]    36%|███▌      | 18/50 [06:29<05:18,  9.96s/it] 68%|██████▊   | 34/50 [12:11<04:26, 16.65s/it] 76%|███████▌  | 38/50 [12:18<02:48, 14.08s/it]100%|██████████| 50/50 [12:18<00:00, 14.78s/it]
2025-10-14 13:48:56,679 : INFO : popt.loop.optimize :        Optimization converged in 11 iterations 
2025-10-14 13:48:56,679 : INFO : popt.loop.optimize :        Optimization converged with final obj_func = 790957.9971
2025-10-14 13:48:56,679 : INFO : popt.loop.optimize :        Total number of function evaluations = 131
2025-10-14 13:48:56,679 : INFO : popt.loop.optimize :        Total number of jacobi evaluations = 73
2025-10-14 13:48:56,679 : INFO : popt.loop.optimize :        Total elapsed time = 1464.93 minutes
2025-10-14 13:48:56,679 : INFO : popt.loop.optimize :        ============================================
       -----> Mean EPF-Opt penalty term: 44138273601434.586
  0%|          | 0/50 [00:00<?, ?it/s]  2%|▏         | 1/50 [06:23<5:13:27, 383.82s/it] 24%|██▍       | 12/50 [10:08<26:41, 42.14s/it]   50%|█████     | 25/50 [13:03<10:14, 24.56s/it]100%|██████████| 50/50 [13:03<00:00, 15.67s/it]
2025-10-14 14:02:22,560 : INFO : popt.loop.optimize :        -----> EPF-EnOpt: 6, 10000000.0 (outer iteration, penalty factor)
       -----> Mean EPF-Opt penalty term: 416787228493572.7
  0%|          | 0/50 [00:00<?, ?it/s]  2%|▏         | 1/50 [03:22<2:45:38, 202.83s/it]  6%|▌         | 3/50 [05:44<1:22:16, 105.04s/it] 12%|█▏        | 6/50 [06:56<40:38, 55.42s/it]    22%|██▏       | 11/50 [07:32<17:24, 26.79s/it] 38%|███▊      | 19/50 [12:29<16:53, 32.70s/it]100%|██████████| 50/50 [12:29<00:00, 14.99s/it]
       -----> Mean EPF-Opt penalty term: 627529522916183.4
  0%|          | 0/50 [00:00<?, ?it/s]flow: ./opm/simulators/flow/FlowProblem.hpp:988: void Opm::FlowProblem<TypeTag>::source(RateVector&, unsigned int, unsigned int) const [with TypeTag = Opm::Properties::TTag::FlowProblemTPFA; RateVector = Opm::BlackOilRateVector<Opm::Properties::TTag::FlowProblemTPFA>]: Assertion `isfinite(rate[eqIdx])' failed.
[cno-0006:2681079] *** Process received signal ***
[cno-0006:2681079] Signal: Aborted (6)
[cno-0006:2681079] Signal code:  (-6)
[cno-0006:2681079] [ 0] /lib/x86_64-linux-gnu/libc.so.6(+0x45330)[0x737e5fc45330]
[cno-0006:2681079] [ 1] /lib/x86_64-linux-gnu/libc.so.6(pthread_kill+0x11c)[0x737e5fc9eb2c]
[cno-0006:2681079] [ 2] /lib/x86_64-linux-gnu/libc.so.6(gsignal+0x1e)[0x737e5fc4527e]
[cno-0006:2681079] [ 3] /lib/x86_64-linux-gnu/libc.so.6(abort+0xdf)[0x737e5fc288ff]
[cno-0006:2681079] [ 4] /lib/x86_64-linux-gnu/libc.so.6(+0x2881b)[0x737e5fc2881b]
[cno-0006:2681079] [ 5] /lib/x86_64-linux-gnu/libc.so.6(+0x3b517)[0x737e5fc3b517]
[cno-0006:2681079] [ 6] flow(+0x28af5f)[0x5a20f5439f5f]
[cno-0006:2681079] [ 7] flow(+0x2cbc51)[0x5a20f547ac51]
[cno-0006:2681079] [ 8] /lib/x86_64-linux-gnu/libgomp.so.1(+0x2279f)[0x737e64bc779f]
[cno-0006:2681079] [ 9] /lib/x86_64-linux-gnu/libc.so.6(+0x9caa4)[0x737e5fc9caa4]
[cno-0006:2681079] [10] /lib/x86_64-linux-gnu/libc.so.6(+0x129c6c)[0x737e5fd29c6c]
[cno-0006:2681079] *** End of error message ***
  2%|▏         | 1/50 [04:29<3:39:58, 269.36s/it]  4%|▍         | 2/50 [05:00<1:43:25, 129.28s/it]  6%|▌         | 3/50 [05:03<56:01, 71.52s/it]    20%|██        | 10/50 [07:16<18:56, 28.40s/it] 52%|█████▏    | 26/50 [07:50<03:43,  9.30s/it] 82%|████████▏ | 41/50 [11:10<01:41, 11.27s/it]100%|██████████| 50/50 [11:10<00:00, 13.40s/it]

Error in the OPM run.
2025-10-14 14:26:46,598 : INFO : popt.loop.optimize :        1          0          7.9079e+06      3.13e-03        2.69e-03       
[92m--- Ensemble member 3 failed, has been replaced by ensemble member 25! ---[92m
       -----> Mean EPF-Opt penalty term: 416699918977668.25
  0%|          | 0/50 [00:00<?, ?it/s]  2%|▏         | 1/50 [05:59<4:53:12, 359.03s/it] 20%|██        | 10/50 [06:11<18:08, 27.22s/it]   86%|████████▌ | 43/50 [06:15<00:33,  4.73s/it]100%|██████████| 50/50 [06:15<00:00,  7.50s/it]
       -----> Mean EPF-Opt penalty term: 528628242899185.4
  0%|          | 0/50 [00:00<?, ?it/s]  2%|▏         | 1/50 [03:04<2:30:17, 184.04s/it]  4%|▍         | 2/50 [03:14<1:05:30, 81.89s/it]  18%|█▊        | 9/50 [03:54<11:30, 16.84s/it]  100%|██████████| 50/50 [03:54<00:00,  4.70s/it]
2025-10-14 14:37:41,412 : INFO : popt.loop.optimize :        2          0          7.7340e+06      1.00e-01        2.74e-03       
       -----> Mean EPF-Opt penalty term: 407537520277159.44
  0%|          | 0/50 [00:00<?, ?it/s]  2%|▏         | 1/50 [05:45<4:42:03, 345.38s/it] 70%|███████   | 35/50 [06:22<02:00,  8.03s/it]  100%|██████████| 50/50 [06:22<00:00,  7.64s/it]
       -----> Mean EPF-Opt penalty term: 513506538181201.06
  0%|          | 0/50 [00:00<?, ?it/s]  2%|▏         | 1/50 [03:13<2:37:53, 193.34s/it]  6%|▌         | 3/50 [03:13<39:23, 50.29s/it]     8%|▊         | 4/50 [03:17<26:05, 34.04s/it] 10%|█         | 5/50 [03:39<22:41, 30.26s/it] 40%|████      | 20/50 [05:33<05:11, 10.37s/it]100%|██████████| 50/50 [05:33<00:00,  6.66s/it]
       -----> Mean EPF-Opt penalty term: 425331841608281.1
  0%|          | 0/50 [00:00<?, ?it/s]  2%|▏         | 1/50 [02:57<2:25:07, 177.70s/it] 10%|█         | 5/50 [03:13<22:19, 29.78s/it]    32%|███▏      | 16/50 [03:17<04:02,  7.13s/it] 42%|████▏     | 21/50 [03:42<03:07,  6.46s/it] 52%|█████▏    | 26/50 [04:08<02:24,  6.00s/it]100%|██████████| 50/50 [04:08<00:00,  4.96s/it]
       -----> Mean EPF-Opt penalty term: 416720364706196.94
  0%|          | 0/50 [00:00<?, ?it/s]  2%|▏         | 1/50 [02:35<2:06:56, 155.43s/it]  4%|▍         | 2/50 [02:46<56:34, 70.71s/it]     8%|▊         | 4/50 [03:12<26:24, 34.44s/it] 16%|█▌        | 8/50 [03:21<09:37, 13.76s/it] 34%|███▍      | 17/50 [03:27<02:43,  4.97s/it] 66%|██████▌   | 33/50 [03:34<00:35,  2.08s/it]100%|██████████| 50/50 [03:34<00:00,  4.28s/it]
       -----> Mean EPF-Opt penalty term: 426247676371275.9
  0%|          | 0/50 [00:00<?, ?it/s]  2%|▏         | 1/50 [02:35<2:07:11, 155.75s/it]  6%|▌         | 3/50 [02:51<36:04, 46.06s/it]    10%|█         | 5/50 [03:02<19:00, 25.34s/it] 20%|██        | 10/50 [03:10<06:38,  9.95s/it] 42%|████▏     | 21/50 [03:15<01:43,  3.57s/it] 50%|█████     | 25/50 [03:21<01:15,  3.03s/it] 56%|█████▌    | 28/50 [03:29<01:06,  3.01s/it] 62%|██████▏   | 31/50 [03:42<01:02,  3.30s/it]100%|██████████| 50/50 [03:42<00:00,  4.45s/it]
       -----> Mean EPF-Opt penalty term: 430760484820216.6
  0%|          | 0/50 [00:00<?, ?it/s]  2%|▏         | 1/50 [03:12<2:37:22, 192.70s/it]  8%|▊         | 4/50 [03:21<29:52, 38.96s/it]    14%|█▍        | 7/50 [03:29<13:57, 19.48s/it] 84%|████████▍ | 42/50 [03:39<00:17,  2.20s/it] 90%|█████████ | 45/50 [04:23<00:17,  3.46s/it]100%|██████████| 50/50 [04:23<00:00,  5.28s/it]
       -----> Mean EPF-Opt penalty term: 432730935830763.06
  0%|          | 0/50 [00:00<?, ?it/s]  2%|▏         | 1/50 [02:08<1:45:13, 128.85s/it]  6%|▌         | 3/50 [02:32<33:05, 42.24s/it]     8%|▊         | 4/50 [02:44<24:10, 31.54s/it] 10%|█         | 5/50 [03:21<25:05, 33.46s/it] 18%|█▊        | 9/50 [03:33<09:14, 13.51s/it] 22%|██▏       | 11/50 [03:51<07:50, 12.05s/it]100%|██████████| 50/50 [03:51<00:00,  4.62s/it]
2025-10-14 15:11:52,629 : INFO : popt.loop.optimize :        3          5          7.7228e+06      3.13e-03        2.70e-03       
       -----> Mean EPF-Opt penalty term: 406943422479987.1
  0%|          | 0/50 [00:00<?, ?it/s]  2%|▏         | 1/50 [03:07<2:32:51, 187.18s/it]  6%|▌         | 3/50 [03:54<51:36, 65.89s/it]    12%|█▏        | 6/50 [04:49<26:56, 36.73s/it] 14%|█▍        | 7/50 [06:20<35:11, 49.09s/it] 28%|██▊       | 14/50 [07:34<13:26, 22.40s/it] 46%|████▌     | 23/50 [09:52<08:18, 18.45s/it]100%|██████████| 50/50 [09:52<00:00, 11.86s/it]
       -----> Mean EPF-Opt penalty term: 534857097970553.2
  0%|          | 0/50 [00:00<?, ?it/s]  2%|▏         | 1/50 [03:08<2:33:35, 188.08s/it]  6%|▌         | 3/50 [03:16<40:32, 51.76s/it]    10%|█         | 5/50 [03:46<24:45, 33.02s/it] 12%|█▏        | 6/50 [03:55<19:21, 26.39s/it] 30%|███       | 15/50 [03:55<03:27,  5.94s/it] 30%|███       | 15/50 [04:09<03:27,  5.94s/it] 40%|████      | 20/50 [05:01<04:22,  8.74s/it]100%|██████████| 50/50 [05:01<00:00,  6.04s/it]
       -----> Mean EPF-Opt penalty term: 436371097516582.1
  0%|          | 0/50 [00:00<?, ?it/s]  2%|▏         | 1/50 [02:56<2:23:55, 176.23s/it] 12%|█▏        | 6/50 [03:25<19:39, 26.80s/it]    26%|██▌       | 13/50 [03:25<06:00,  9.74s/it] 40%|████      | 20/50 [03:37<02:57,  5.91s/it] 82%|████████▏ | 41/50 [04:07<00:26,  2.89s/it] 92%|█████████▏| 46/50 [04:11<00:10,  2.51s/it]100%|██████████| 50/50 [04:11<00:00,  5.03s/it]
       -----> Mean EPF-Opt penalty term: 420325091256981.7
  0%|          | 0/50 [00:00<?, ?it/s]  2%|▏         | 1/50 [04:30<3:41:12, 270.86s/it]100%|██████████| 50/50 [04:30<00:00,  5.42s/it]  
       -----> Mean EPF-Opt penalty term: 412568249665430.3
  0%|          | 0/50 [00:00<?, ?it/s]  2%|▏         | 1/50 [03:06<2:32:14, 186.43s/it]  6%|▌         | 3/50 [03:46<49:20, 63.00s/it]    46%|████▌     | 23/50 [03:59<02:43,  6.05s/it]100%|██████████| 50/50 [03:59<00:00,  4.79s/it]
       -----> Mean EPF-Opt penalty term: 409055527472234.7
  0%|          | 0/50 [00:00<?, ?it/s]  2%|▏         | 1/50 [02:54<2:22:37, 174.63s/it] 10%|█         | 5/50 [03:23<24:05, 32.13s/it]    32%|███▏      | 16/50 [03:39<04:50,  8.54s/it] 54%|█████▍    | 27/50 [04:27<02:26,  6.36s/it]100%|██████████| 50/50 [04:27<00:00,  5.36s/it]
       -----> Mean EPF-Opt penalty term: 407580328698363.8
  0%|          | 0/50 [00:00<?, ?it/s]  2%|▏         | 1/50 [03:04<2:30:46, 184.63s/it] 10%|█         | 5/50 [03:06<20:51, 27.81s/it]    16%|█▌        | 8/50 [03:27<12:31, 17.90s/it]100%|██████████| 50/50 [03:27<00:00,  4.14s/it]
2025-10-14 15:50:00,191 : INFO : popt.loop.optimize :        Optimization converged in 3 iterations 
2025-10-14 15:50:00,191 : INFO : popt.loop.optimize :        Optimization converged with final obj_func = 7722772.1981
2025-10-14 15:50:00,191 : INFO : popt.loop.optimize :        Total number of function evaluations = 146
2025-10-14 15:50:00,191 : INFO : popt.loop.optimize :        Total number of jacobi evaluations = 77
2025-10-14 15:50:00,191 : INFO : popt.loop.optimize :        Total elapsed time = 1585.99 minutes
2025-10-14 15:50:00,191 : INFO : popt.loop.optimize :        ============================================
       -----> Mean EPF-Opt penalty term: 407064644073308.4
  0%|          | 0/50 [00:00<?, ?it/s]  2%|▏         | 1/50 [02:32<2:04:29, 152.44s/it]  4%|▍         | 2/50 [02:45<56:32, 70.67s/it]     8%|▊         | 4/50 [03:23<29:15, 38.17s/it] 70%|███████   | 35/50 [03:27<00:40,  2.68s/it] 78%|███████▊  | 39/50 [03:29<00:25,  2.36s/it]100%|██████████| 50/50 [03:29<00:00,  4.19s/it]
2025-10-14 15:53:51,953 : INFO : popt.loop.optimize :        -----> EPF-EnOpt: 7, 100000000.0 (outer iteration, penalty factor)
       -----> Mean EPF-Opt penalty term: 4069434224799870.5
  0%|          | 0/50 [00:00<?, ?it/s]  2%|▏         | 1/50 [04:13<3:26:55, 253.39s/it]  6%|▌         | 3/50 [04:57<1:04:20, 82.13s/it]  20%|██        | 10/50 [06:56<20:33, 30.83s/it]  84%|████████▍ | 42/50 [07:00<00:40,  5.12s/it]100%|██████████| 50/50 [07:00<00:00,  8.41s/it]
       -----> Mean EPF-Opt penalty term: 5891067520623602.0
  0%|          | 0/50 [00:00<?, ?it/s]  2%|▏         | 1/50 [03:01<2:28:27, 181.79s/it] 14%|█▍        | 7/50 [03:39<17:36, 24.58s/it]    52%|█████▏    | 26/50 [03:55<02:13,  5.56s/it]100%|██████████| 50/50 [03:55<00:00,  4.71s/it]
2025-10-14 16:05:32,616 : INFO : popt.loop.optimize :        1          0          7.6918e+07      3.13e-03        2.72e-03       
       -----> Mean EPF-Opt penalty term: 4053128542405083.5
  0%|          | 0/50 [00:00<?, ?it/s]  2%|▏         | 1/50 [03:49<3:07:12, 229.23s/it]  6%|▌         | 3/50 [05:31<1:16:10, 97.25s/it]  34%|███▍      | 17/50 [05:54<07:10, 13.05s/it]  50%|█████     | 25/50 [13:18<12:49, 30.76s/it]100%|██████████| 50/50 [13:18<00:00, 15.96s/it]
       -----> Mean EPF-Opt penalty term: 5655532356451999.0
  0%|          | 0/50 [00:00<?, ?it/s]  2%|▏         | 1/50 [03:01<2:28:33, 181.91s/it]  4%|▍         | 2/50 [03:29<1:13:07, 91.40s/it]   6%|▌         | 3/50 [04:28<59:50, 76.39s/it]   12%|█▏        | 6/50 [04:46<21:47, 29.72s/it] 16%|█▌        | 8/50 [05:24<17:59, 25.71s/it] 52%|█████▏    | 26/50 [05:41<02:02,  5.09s/it]100%|██████████| 50/50 [05:41<00:00,  6.83s/it]
       -----> Mean EPF-Opt penalty term: 4487941348196415.5
  0%|          | 0/50 [00:00<?, ?it/s]  2%|▏         | 1/50 [02:46<2:15:35, 166.03s/it]  4%|▍         | 2/50 [03:33<1:17:06, 96.39s/it]  10%|█         | 5/50 [03:39<21:31, 28.70s/it]   20%|██        | 10/50 [03:43<07:23, 11.09s/it] 24%|██▍       | 12/50 [05:05<12:03, 19.05s/it] 68%|██████▊   | 34/50 [05:26<01:11,  4.47s/it] 86%|████████▌ | 43/50 [05:30<00:22,  3.19s/it]100%|██████████| 50/50 [05:30<00:00,  6.61s/it]
       -----> Mean EPF-Opt penalty term: 4237963003085429.5
  0%|          | 0/50 [00:00<?, ?it/s]  2%|▏         | 1/50 [02:23<1:57:20, 143.69s/it]  4%|▍         | 2/50 [02:40<55:18, 69.13s/it]    18%|█▊        | 9/50 [02:53<07:54, 11.57s/it] 28%|██▊       | 14/50 [03:06<04:28,  7.47s/it] 32%|███▏      | 16/50 [03:13<03:42,  6.54s/it]100%|██████████| 50/50 [03:13<00:00,  3.86s/it]
       -----> Mean EPF-Opt penalty term: 4167227895551394.0
  0%|          | 0/50 [00:00<?, ?it/s]  2%|▏         | 1/50 [02:19<1:53:47, 139.34s/it]  4%|▍         | 2/50 [02:52<1:01:31, 76.91s/it]   6%|▌         | 3/50 [02:57<34:28, 44.01s/it]   10%|█         | 5/50 [03:30<21:16, 28.36s/it]100%|██████████| 50/50 [03:30<00:00,  4.20s/it]
       -----> Mean EPF-Opt penalty term: 4106457857446340.0
  0%|          | 0/50 [00:00<?, ?it/s]  2%|▏         | 1/50 [02:46<2:15:57, 166.48s/it] 14%|█▍        | 7/50 [02:52<13:04, 18.24s/it]    32%|███▏      | 16/50 [02:54<03:37,  6.39s/it] 62%|██████▏   | 31/50 [02:57<00:50,  2.64s/it]100%|██████████| 50/50 [02:57<00:00,  3.56s/it]
       -----> Mean EPF-Opt penalty term: 4076418727962774.0
  0%|          | 0/50 [00:00<?, ?it/s]  2%|▏         | 1/50 [02:19<1:53:38, 139.14s/it]  4%|▍         | 2/50 [02:31<51:28, 64.35s/it]     6%|▌         | 3/50 [02:43<31:57, 40.79s/it] 10%|█         | 5/50 [02:49<14:27, 19.27s/it] 68%|██████▊   | 34/50 [03:01<00:30,  1.90s/it]100%|██████████| 50/50 [03:01<00:00,  3.63s/it]
2025-10-14 16:45:21,259 : INFO : popt.loop.optimize :        Optimization converged in 1 iterations 
2025-10-14 16:45:21,260 : INFO : popt.loop.optimize :        Optimization converged with final obj_func = 76918283.8218
2025-10-14 16:45:21,260 : INFO : popt.loop.optimize :        Total number of function evaluations = 154
2025-10-14 16:45:21,260 : INFO : popt.loop.optimize :        Total number of jacobi evaluations = 79
2025-10-14 16:45:21,260 : INFO : popt.loop.optimize :        Total elapsed time = 1641.34 minutes
2025-10-14 16:45:21,260 : INFO : popt.loop.optimize :        ============================================
       -----> Mean EPF-Opt penalty term: 4062921288009667.5
  0%|          | 0/50 [00:00<?, ?it/s]  2%|▏         | 1/50 [03:07<2:33:27, 187.90s/it]  6%|▌         | 3/50 [03:29<44:21, 56.63s/it]    32%|███▏      | 16/50 [03:45<04:40,  8.25s/it] 52%|█████▏    | 26/50 [04:11<02:12,  5.51s/it]100%|██████████| 50/50 [04:11<00:00,  5.03s/it]
2025-10-14 16:49:55,132 : INFO : popt.loop.optimize :        -----> EPF-EnOpt: 8, 1000000000.0 (outer iteration, penalty factor)
       -----> Mean EPF-Opt penalty term: 4.053128542405083e+16
  0%|          | 0/50 [00:00<?, ?it/s]  2%|▏         | 1/50 [03:25<2:47:35, 205.21s/it]  4%|▍         | 2/50 [05:09<1:56:35, 145.75s/it] 22%|██▏       | 11/50 [05:39<12:57, 19.94s/it]   68%|██████▊   | 34/50 [06:36<01:45,  6.61s/it]100%|██████████| 50/50 [06:36<00:00,  7.92s/it]
       -----> Mean EPF-Opt penalty term: 5.451926901436027e+16
  0%|          | 0/50 [00:00<?, ?it/s]  2%|▏         | 1/50 [02:29<2:01:44, 149.06s/it]  4%|▍         | 2/50 [02:34<51:41, 64.61s/it]     6%|▌         | 3/50 [02:40<29:36, 37.81s/it] 10%|█         | 5/50 [02:49<14:16, 19.04s/it] 40%|████      | 20/50 [03:09<01:55,  3.84s/it]100%|██████████| 50/50 [03:09<00:00,  3.79s/it]
2025-10-14 17:00:25,544 : INFO : popt.loop.optimize :        1          0          7.6816e+08      3.13e-03        2.74e-03       
       -----> Mean EPF-Opt penalty term: 4.04776005217416e+16
  0%|          | 0/50 [00:00<?, ?it/s]  2%|▏         | 1/50 [04:24<3:36:16, 264.83s/it] 16%|█▌        | 8/50 [05:37<23:29, 33.57s/it]    24%|██▍       | 12/50 [05:49<12:58, 20.48s/it] 26%|██▌       | 13/50 [06:30<14:16, 23.16s/it] 32%|███▏      | 16/50 [06:30<08:24, 14.85s/it] 42%|████▏     | 21/50 [10:52<15:34, 32.22s/it]100%|██████████| 50/50 [10:52<00:00, 13.05s/it]
       -----> Mean EPF-Opt penalty term: 5.793140122055696e+16
  0%|          | 0/50 [00:00<?, ?it/s]  2%|▏         | 1/50 [02:53<2:22:03, 173.95s/it]  4%|▍         | 2/50 [02:54<57:42, 72.13s/it]     8%|▊         | 4/50 [03:06<23:23, 30.50s/it] 10%|█         | 5/50 [03:34<22:22, 29.82s/it] 26%|██▌       | 13/50 [03:48<04:52,  7.91s/it] 50%|█████     | 25/50 [05:01<02:49,  6.77s/it]100%|██████████| 50/50 [05:01<00:00,  6.03s/it]
       -----> Mean EPF-Opt penalty term: 4.120427086383887e+16
  0%|          | 0/50 [00:00<?, ?it/s]  2%|▏         | 1/50 [02:20<1:55:03, 140.88s/it]  4%|▍         | 2/50 [02:54<1:02:06, 77.64s/it]   6%|▌         | 3/50 [02:57<34:12, 43.68s/it]   10%|█         | 5/50 [02:58<14:25, 19.22s/it] 12%|█▏        | 6/50 [03:13<13:06, 17.88s/it] 22%|██▏       | 11/50 [03:17<04:10,  6.41s/it] 24%|██▍       | 12/50 [03:20<03:45,  5.94s/it] 32%|███▏      | 16/50 [03:26<02:08,  3.78s/it] 88%|████████▊ | 44/50 [04:37<00:16,  2.75s/it]100%|██████████| 50/50 [04:37<00:00,  5.55s/it]
2025-10-14 17:22:03,859 : INFO : popt.loop.optimize :        2          1          7.6510e+08      5.00e-02        2.76e-03       
       -----> Mean EPF-Opt penalty term: 4.03160281923455e+16
  0%|          | 0/50 [00:00<?, ?it/s]  2%|▏         | 1/50 [05:41<4:39:11, 341.87s/it] 14%|█▍        | 7/50 [07:43<38:38, 53.91s/it]   100%|██████████| 50/50 [07:43<00:00,  9.28s/it]
       -----> Mean EPF-Opt penalty term: 5.07649313478979e+16
  0%|          | 0/50 [00:00<?, ?it/s]  2%|▏         | 1/50 [02:48<2:17:38, 168.53s/it] 12%|█▏        | 6/50 [03:23<19:38, 26.79s/it]    14%|█▍        | 7/50 [03:33<16:52, 23.56s/it] 62%|██████▏   | 31/50 [03:45<01:04,  3.40s/it]100%|██████████| 50/50 [03:45<00:00,  4.50s/it]
       -----> Mean EPF-Opt penalty term: 4.794411798989059e+16
  0%|          | 0/50 [00:00<?, ?it/s]  2%|▏         | 1/50 [02:44<2:14:27, 164.65s/it]  6%|▌         | 3/50 [03:26<45:35, 58.20s/it]    22%|██▏       | 11/50 [03:42<08:17, 12.77s/it] 94%|█████████▍| 47/50 [03:47<00:06,  2.18s/it]100%|██████████| 50/50 [03:47<00:00,  4.56s/it]
       -----> Mean EPF-Opt penalty term: 4.3035107689407784e+16
  0%|          | 0/50 [00:00<?, ?it/s]  2%|▏         | 1/50 [03:42<3:01:52, 222.71s/it]  4%|▍         | 2/50 [03:43<1:13:35, 91.99s/it]   6%|▌         | 3/50 [03:48<41:06, 52.47s/it]   10%|█         | 5/50 [03:56<18:41, 24.93s/it] 14%|█▍        | 7/50 [04:50<18:38, 26.02s/it] 40%|████      | 20/50 [07:29<07:26, 14.89s/it]100%|██████████| 50/50 [07:29<00:00,  9.00s/it]
       -----> Mean EPF-Opt penalty term: 4.1634667593920824e+16
  0%|          | 0/50 [00:00<?, ?it/s]  2%|▏         | 1/50 [03:04<2:30:59, 184.89s/it] 26%|██▌       | 13/50 [03:09<06:29, 10.53s/it]   64%|██████▍   | 32/50 [03:14<01:03,  3.55s/it] 70%|███████   | 35/50 [03:17<00:48,  3.20s/it] 94%|█████████▍| 47/50 [03:35<00:07,  2.48s/it]100%|██████████| 50/50 [03:35<00:00,  4.32s/it]
       -----> Mean EPF-Opt penalty term: 4.084282454070292e+16
  0%|          | 0/50 [00:00<?, ?it/s]  2%|▏         | 1/50 [02:47<2:16:59, 167.75s/it]  6%|▌         | 3/50 [03:04<39:01, 49.83s/it]    10%|█         | 5/50 [03:35<24:01, 32.03s/it] 68%|██████▊   | 34/50 [03:42<00:47,  2.99s/it] 94%|█████████▍| 47/50 [03:55<00:06,  2.25s/it]100%|██████████| 50/50 [03:55<00:00,  4.71s/it]
       -----> Mean EPF-Opt penalty term: 4.059455006194339e+16
  0%|          | 0/50 [00:00<?, ?it/s]  2%|▏         | 1/50 [02:44<2:14:10, 164.30s/it]  4%|▍         | 2/50 [03:01<1:02:23, 77.99s/it]   6%|▌         | 3/50 [03:25<41:31, 53.02s/it]   52%|█████▏    | 26/50 [03:26<01:20,  3.35s/it] 76%|███████▌  | 38/50 [03:31<00:25,  2.16s/it] 94%|█████████▍| 47/50 [03:33<00:04,  1.55s/it]100%|██████████| 50/50 [03:33<00:00,  4.26s/it]
2025-10-14 17:58:30,727 : INFO : popt.loop.optimize :        Optimization converged in 2 iterations 
2025-10-14 17:58:30,727 : INFO : popt.loop.optimize :        Optimization converged with final obj_func = 765097795.2022
2025-10-14 17:58:30,727 : INFO : popt.loop.optimize :        Total number of function evaluations = 164
2025-10-14 17:58:30,727 : INFO : popt.loop.optimize :        Total number of jacobi evaluations = 82
2025-10-14 17:58:30,727 : INFO : popt.loop.optimize :        Total elapsed time = 1714.50 minutes
2025-10-14 17:58:30,727 : INFO : popt.loop.optimize :        ============================================
       -----> Mean EPF-Opt penalty term: 4.045682789881524e+16
  0%|          | 0/50 [00:00<?, ?it/s]  2%|▏         | 1/50 [02:53<2:21:46, 173.60s/it]  8%|▊         | 4/50 [02:56<25:45, 33.60s/it]    12%|█▏        | 6/50 [03:14<16:49, 22.93s/it] 18%|█▊        | 9/50 [03:23<09:04, 13.29s/it] 52%|█████▏    | 26/50 [03:27<01:09,  2.91s/it] 88%|████████▊ | 44/50 [04:14<00:16,  2.74s/it]100%|██████████| 50/50 [04:14<00:00,  5.10s/it]
2025-10-14 18:03:07,869 : INFO : popt.loop.optimize :        -----> EPF-EnOpt: 9, 10000000000.0 (outer iteration, penalty factor)
       -----> Mean EPF-Opt penalty term: 4.0316028192345504e+17
  0%|          | 0/50 [00:00<?, ?it/s]  2%|▏         | 1/50 [02:49<2:18:43, 169.87s/it]  4%|▍         | 2/50 [16:12<7:13:42, 542.14s/it]100%|██████████| 50/50 [16:12<00:00, 19.45s/it]  
       -----> Mean EPF-Opt penalty term: 6.057559364455675e+17
  0%|          | 0/50 [00:00<?, ?it/s]  2%|▏         | 1/50 [03:00<2:27:07, 180.14s/it]  6%|▌         | 3/50 [03:02<37:18, 47.63s/it]    10%|█         | 5/50 [03:03<17:33, 23.42s/it] 16%|█▌        | 8/50 [03:22<10:03, 14.36s/it] 36%|███▌      | 18/50 [03:22<02:13,  4.16s/it] 50%|█████     | 25/50 [03:23<01:00,  2.44s/it] 60%|██████    | 30/50 [03:26<00:38,  1.90s/it] 64%|██████▍   | 32/50 [03:35<00:40,  2.26s/it] 70%|███████   | 35/50 [03:35<00:26,  1.77s/it] 76%|███████▌  | 38/50 [03:36<00:16,  1.39s/it] 94%|█████████▍| 47/50 [03:38<00:02,  1.25it/s]100%|██████████| 50/50 [03:38<00:00,  4.37s/it]
2025-10-14 18:23:43,627 : INFO : popt.loop.optimize :        1          0          7.6210e+09      3.13e-03        2.77e-03       
       -----> Mean EPF-Opt penalty term: 4.015828156541409e+17
  0%|          | 0/50 [00:00<?, ?it/s]  2%|▏         | 1/50 [04:27<3:38:29, 267.54s/it] 14%|█▍        | 7/50 [05:36<27:22, 38.19s/it]    16%|█▌        | 8/50 [05:37<22:12, 31.72s/it] 18%|█▊        | 9/50 [12:26<1:13:21, 107.36s/it]100%|██████████| 50/50 [12:26<00:00, 14.92s/it]  
       -----> Mean EPF-Opt penalty term: 5.822504459006769e+17
  0%|          | 0/50 [00:00<?, ?it/s]  2%|▏         | 1/50 [03:57<3:13:36, 237.07s/it] 48%|████▊     | 24/50 [04:05<03:11,  7.35s/it]   50%|█████     | 25/50 [04:11<03:02,  7.28s/it]100%|██████████| 50/50 [04:11<00:00,  5.03s/it]
2025-10-14 18:41:05,794 : INFO : popt.loop.optimize :        2          0          7.2999e+09      1.00e-01        2.76e-03       
       -----> Mean EPF-Opt penalty term: 3.846626288126027e+17
  0%|          | 0/50 [00:00<?, ?it/s]  2%|▏         | 1/50 [07:55<6:28:09, 475.29s/it]100%|██████████| 50/50 [07:55<00:00,  9.51s/it]  
       -----> Mean EPF-Opt penalty term: 4.982909321959296e+17
  0%|          | 0/50 [00:00<?, ?it/s]  2%|▏         | 1/50 [02:57<2:24:33, 177.01s/it]  6%|▌         | 3/50 [03:10<39:48, 50.82s/it]     8%|▊         | 4/50 [03:11<25:43, 33.55s/it] 10%|█         | 5/50 [03:22<19:34, 26.11s/it] 40%|████      | 20/50 [03:29<01:49,  3.65s/it] 42%|████▏     | 21/50 [03:59<02:45,  5.71s/it]100%|██████████| 50/50 [03:59<00:00,  4.80s/it]
       -----> Mean EPF-Opt penalty term: 4.0776944648339565e+17
  0%|          | 0/50 [00:00<?, ?it/s]  2%|▏         | 1/50 [04:05<3:20:24, 245.39s/it]100%|██████████| 50/50 [04:05<00:00,  4.91s/it]  
2025-10-14 18:58:13,338 : INFO : popt.loop.optimize :        3          1          7.2038e+09      5.00e-02        2.78e-03       
       -----> Mean EPF-Opt penalty term: 3.7959511990154726e+17
  0%|          | 0/50 [00:00<?, ?it/s]  2%|▏         | 1/50 [02:42<2:12:44, 162.54s/it]  4%|▍         | 2/50 [03:11<1:07:06, 83.89s/it]   6%|▌         | 3/50 [17:59<5:53:14, 450.94s/it]100%|██████████| 50/50 [17:59<00:00, 21.58s/it]  
       -----> Mean EPF-Opt penalty term: 5.16919777971897e+17
  0%|          | 0/50 [00:00<?, ?it/s]  2%|▏         | 1/50 [02:53<2:21:59, 173.88s/it] 14%|█▍        | 7/50 [03:11<14:55, 20.82s/it]    18%|█▊        | 9/50 [03:13<10:07, 14.81s/it] 22%|██▏       | 11/50 [03:41<09:28, 14.57s/it]100%|██████████| 50/50 [03:41<00:00,  4.42s/it]
       -----> Mean EPF-Opt penalty term: 4.6516279023484845e+17
  0%|          | 0/50 [00:00<?, ?it/s]  2%|▏         | 1/50 [03:14<2:38:30, 194.09s/it] 12%|█▏        | 6/50 [03:18<18:01, 24.58s/it]    16%|█▌        | 8/50 [03:54<15:43, 22.45s/it] 36%|███▌      | 18/50 [04:03<03:52,  7.27s/it]100%|██████████| 50/50 [04:03<00:00,  4.88s/it]
       -----> Mean EPF-Opt penalty term: 4.134961572902418e+17
  0%|          | 0/50 [00:00<?, ?it/s]  2%|▏         | 1/50 [02:43<2:13:48, 163.86s/it]  4%|▍         | 2/50 [02:58<1:00:50, 76.05s/it]   6%|▌         | 3/50 [02:59<32:50, 41.93s/it]   12%|█▏        | 6/50 [03:17<13:16, 18.11s/it] 14%|█▍        | 7/50 [03:30<12:04, 16.85s/it] 36%|███▌      | 18/50 [03:35<02:05,  3.91s/it] 46%|████▌     | 23/50 [03:42<01:22,  3.05s/it]100%|██████████| 50/50 [03:42<00:00,  4.45s/it]
       -----> Mean EPF-Opt penalty term: 3.898215544544313e+17
  0%|          | 0/50 [00:00<?, ?it/s]  2%|▏         | 1/50 [03:15<2:39:50, 195.73s/it]  4%|▍         | 2/50 [03:25<1:09:00, 86.26s/it]   6%|▌         | 3/50 [03:29<38:20, 48.94s/it]   20%|██        | 10/50 [03:31<06:00,  9.01s/it] 22%|██▏       | 11/50 [04:07<08:22, 12.88s/it]100%|██████████| 50/50 [04:07<00:00,  4.96s/it]
       -----> Mean EPF-Opt penalty term: 3.868133469209712e+17
  0%|          | 0/50 [00:00<?, ?it/s]  2%|▏         | 1/50 [04:17<3:30:29, 257.75s/it] 20%|██        | 10/50 [05:08<15:54, 23.86s/it]  100%|██████████| 50/50 [05:08<00:00,  6.18s/it]
       -----> Mean EPF-Opt penalty term: 3.830653065663246e+17
  0%|          | 0/50 [00:00<?, ?it/s]  2%|▏         | 1/50 [03:12<2:37:25, 192.77s/it]  6%|▌         | 3/50 [03:19<41:07, 52.50s/it]    12%|█▏        | 6/50 [03:22<15:21, 20.95s/it] 26%|██▌       | 13/50 [03:29<04:38,  7.53s/it] 34%|███▍      | 17/50 [03:30<02:43,  4.96s/it] 52%|█████▏    | 26/50 [05:03<03:07,  7.80s/it]100%|██████████| 50/50 [05:03<00:00,  6.07s/it]
2025-10-14 19:44:35,528 : INFO : popt.loop.optimize :        Optimization converged in 3 iterations 
2025-10-14 19:44:35,529 : INFO : popt.loop.optimize :        Optimization converged with final obj_func = 7203769876.2649
2025-10-14 19:44:35,529 : INFO : popt.loop.optimize :        Total number of function evaluations = 175
2025-10-14 19:44:35,529 : INFO : popt.loop.optimize :        Total number of jacobi evaluations = 86
2025-10-14 19:44:35,529 : INFO : popt.loop.optimize :        Total elapsed time = 1820.58 minutes
2025-10-14 19:44:35,529 : INFO : popt.loop.optimize :        ============================================
       -----> Mean EPF-Opt penalty term: 3.813030039753329e+17
  0%|          | 0/50 [00:00<?, ?it/s]  2%|▏         | 1/50 [04:24<3:36:21, 264.93s/it]100%|██████████| 50/50 [04:24<00:00,  5.30s/it]  
2025-10-14 19:49:22,717 : INFO : popt.loop.optimize :        -----> EPF-EnOpt: 10, 100000000000.0 (outer iteration, penalty factor)
       -----> Mean EPF-Opt penalty term: 3.7959511990154726e+18
  0%|          | 0/50 [00:00<?, ?it/s]  2%|▏         | 1/50 [04:21<3:33:27, 261.38s/it] 24%|██▍       | 12/50 [04:27<10:14, 16.17s/it]   42%|████▏     | 21/50 [04:35<03:57,  8.18s/it] 66%|██████▌   | 33/50 [04:44<01:15,  4.45s/it]100%|██████████| 50/50 [04:44<00:00,  5.69s/it]
       -----> Mean EPF-Opt penalty term: 5.04620354492437e+18
  0%|          | 0/50 [00:00<?, ?it/s]  2%|▏         | 1/50 [02:55<2:23:07, 175.25s/it]  6%|▌         | 3/50 [03:16<41:40, 53.20s/it]    16%|█▌        | 8/50 [03:25<11:09, 15.94s/it] 20%|██        | 10/50 [03:36<08:34, 12.86s/it] 52%|█████▏    | 26/50 [03:38<01:13,  3.06s/it] 84%|████████▍ | 42/50 [03:59<00:17,  2.15s/it]100%|██████████| 50/50 [03:59<00:00,  4.79s/it]
2025-10-14 19:58:51,130 : INFO : popt.loop.optimize :        1          0          7.1925e+10      3.13e-03        2.80e-03       
       -----> Mean EPF-Opt penalty term: 3.7900343773575137e+18
  0%|          | 0/50 [00:00<?, ?it/s]  2%|▏         | 1/50 [03:12<2:36:53, 192.11s/it]  6%|▌         | 3/50 [04:11<56:07, 71.66s/it]    10%|█         | 5/50 [04:18<27:29, 36.67s/it] 12%|█▏        | 6/50 [04:20<20:06, 27.42s/it] 14%|█▍        | 7/50 [05:56<33:13, 46.35s/it] 92%|█████████▏| 46/50 [06:14<00:13,  3.26s/it]100%|██████████| 50/50 [06:14<00:00,  7.49s/it]
       -----> Mean EPF-Opt penalty term: 5.434886454974812e+18
  0%|          | 0/50 [00:00<?, ?it/s]  2%|▏         | 1/50 [02:32<2:04:53, 152.93s/it]  4%|▍         | 2/50 [03:05<1:05:36, 82.02s/it]   6%|▌         | 3/50 [03:20<40:15, 51.39s/it]   38%|███▊      | 19/50 [03:53<03:17,  6.36s/it]100%|██████████| 50/50 [03:53<00:00,  4.66s/it]
       -----> Mean EPF-Opt penalty term: 4.1590251020725e+18
  0%|          | 0/50 [00:00<?, ?it/s]  2%|▏         | 1/50 [02:50<2:18:57, 170.16s/it]  8%|▊         | 4/50 [02:50<24:45, 32.30s/it]    12%|█▏        | 6/50 [03:12<16:54, 23.05s/it] 20%|██        | 10/50 [03:29<08:21, 12.55s/it] 32%|███▏      | 16/50 [03:41<03:53,  6.88s/it]100%|██████████| 50/50 [03:41<00:00,  4.44s/it]
       -----> Mean EPF-Opt penalty term: 3.8345474061390756e+18
  0%|          | 0/50 [00:00<?, ?it/s]  2%|▏         | 1/50 [02:30<2:03:06, 150.74s/it]  4%|▍         | 2/50 [03:11<1:08:52, 86.10s/it]   6%|▌         | 3/50 [03:32<43:58, 56.15s/it]   38%|███▊      | 19/50 [03:35<02:37,  5.09s/it]100%|██████████| 50/50 [03:35<00:00,  4.31s/it]
2025-10-14 20:17:44,809 : INFO : popt.loop.optimize :        2          2          7.1571e+10      2.50e-02        2.84e-03       
       -----> Mean EPF-Opt penalty term: 3.7713806228020475e+18
  0%|          | 0/50 [00:00<?, ?it/s]  2%|▏         | 1/50 [03:32<2:53:38, 212.63s/it]  6%|▌         | 3/50 [03:35<44:07, 56.32s/it]     8%|▊         | 4/50 [06:32<1:14:58, 97.78s/it] 52%|█████▏    | 26/50 [07:36<04:21, 10.90s/it]  64%|██████▍   | 32/50 [09:04<03:34, 11.89s/it]100%|██████████| 50/50 [09:04<00:00, 10.88s/it]
       -----> Mean EPF-Opt penalty term: 5.005667335019739e+18
  0%|          | 0/50 [00:00<?, ?it/s]  2%|▏         | 1/50 [04:30<3:40:44, 270.30s/it]  4%|▍         | 2/50 [04:47<1:37:05, 121.36s/it]  6%|▌         | 3/50 [05:22<1:04:22, 82.18s/it]   8%|▊         | 4/50 [08:41<1:38:19, 128.26s/it] 12%|█▏        | 6/50 [13:16<1:37:36, 133.11s/it]100%|██████████| 50/50 [13:16<00:00, 15.93s/it]  
       -----> Mean EPF-Opt penalty term: 4.318773685177794e+18
  0%|          | 0/50 [00:00<?, ?it/s]  2%|▏         | 1/50 [04:05<3:20:16, 245.23s/it]  4%|▍         | 2/50 [04:21<1:28:22, 110.46s/it]  6%|▌         | 3/50 [05:54<1:20:17, 102.50s/it]  8%|▊         | 4/50 [11:33<2:30:15, 195.98s/it] 40%|████      | 20/50 [14:41<15:04, 30.14s/it]  100%|██████████| 50/50 [14:41<00:00, 17.64s/it]
       -----> Mean EPF-Opt penalty term: 3.933578665629909e+18
  0%|          | 0/50 [00:00<?, ?it/s]  2%|▏         | 1/50 [03:05<2:31:28, 185.49s/it]  6%|▌         | 3/50 [05:53<1:26:18, 110.18s/it] 12%|█▏        | 6/50 [05:54<31:24, 42.84s/it]    42%|████▏     | 21/50 [06:23<04:36,  9.52s/it] 60%|██████    | 30/50 [07:11<02:36,  7.83s/it]100%|██████████| 50/50 [07:11<00:00,  8.64s/it]
       -----> Mean EPF-Opt penalty term: 3.805814908782163e+18
  0%|          | 0/50 [00:00<?, ?it/s]  2%|▏         | 1/50 [02:45<2:15:33, 165.98s/it]  4%|▍         | 2/50 [04:26<1:41:54, 127.39s/it]  6%|▌         | 3/50 [04:39<59:01, 75.34s/it]     8%|▊         | 4/50 [04:47<37:14, 48.57s/it] 12%|█▏        | 6/50 [06:45<39:48, 54.28s/it] 24%|██▍       | 12/50 [07:08<12:09, 19.19s/it] 32%|███▏      | 16/50 [09:52<15:47, 27.86s/it]100%|██████████| 50/50 [09:52<00:00, 11.85s/it]
2025-10-14 21:13:42,545 : INFO : popt.loop.optimize :        3          3          7.1040e+10      1.25e-02        2.86e-03       
       -----> Mean EPF-Opt penalty term: 3.7433672787915986e+18
  0%|          | 0/50 [00:00<?, ?it/s]  2%|▏         | 1/50 [02:51<2:20:24, 171.92s/it]  6%|▌         | 3/50 [03:34<47:15, 60.34s/it]     8%|▊         | 4/50 [05:21<58:39, 76.52s/it] 12%|█▏        | 6/50 [05:52<33:55, 46.27s/it] 44%|████▍     | 22/50 [07:55<06:15, 13.42s/it]100%|██████████| 50/50 [07:55<00:00,  9.50s/it]
       -----> Mean EPF-Opt penalty term: 5.358328702311855e+18
  0%|          | 0/50 [00:00<?, ?it/s]  2%|▏         | 1/50 [05:40<4:37:58, 340.37s/it]  6%|▌         | 3/50 [06:25<1:22:06, 104.82s/it] 10%|█         | 5/50 [12:17<1:46:05, 141.47s/it]100%|██████████| 50/50 [12:17<00:00, 14.75s/it]  
       -----> Mean EPF-Opt penalty term: 3.992173179157436e+18
  0%|          | 0/50 [00:00<?, ?it/s]  2%|▏         | 1/50 [03:32<2:53:44, 212.75s/it]  4%|▍         | 2/50 [07:58<3:15:16, 244.09s/it] 14%|█▍        | 7/50 [12:00<1:01:39, 86.03s/it] 100%|██████████| 50/50 [12:00<00:00, 14.42s/it] 
       -----> Mean EPF-Opt penalty term: 3.8195018213253064e+18
  0%|          | 0/50 [00:00<?, ?it/s]  2%|▏         | 1/50 [03:29<2:50:53, 209.26s/it]  8%|▊         | 4/50 [05:52<59:57, 78.20s/it]    14%|█▍        | 7/50 [06:29<30:47, 42.97s/it] 46%|████▌     | 23/50 [09:09<07:23, 16.44s/it]100%|██████████| 50/50 [09:09<00:00, 10.98s/it]
       -----> Mean EPF-Opt penalty term: 3.7663088794877993e+18
  0%|          | 0/50 [00:00<?, ?it/s]  2%|▏         | 1/50 [03:24<2:47:06, 204.63s/it]  4%|▍         | 2/50 [03:45<1:17:13, 96.53s/it]   8%|▊         | 4/50 [07:58<1:28:29, 115.42s/it]100%|██████████| 50/50 [07:58<00:00,  9.58s/it]  
       -----> Mean EPF-Opt penalty term: 3.746236872050129e+18
  0%|          | 0/50 [00:00<?, ?it/s]  2%|▏         | 1/50 [03:01<2:27:52, 181.07s/it]  4%|▍         | 2/50 [05:11<2:01:15, 151.57s/it]  6%|▌         | 3/50 [05:17<1:06:33, 84.97s/it]  12%|█▏        | 6/50 [09:42<1:03:57, 87.22s/it] 14%|█▍        | 7/50 [11:12<1:02:51, 87.72s/it]100%|██████████| 50/50 [11:12<00:00, 13.44s/it] 
2025-10-14 22:16:29,428 : INFO : popt.loop.optimize :        4          4          7.1004e+10      6.25e-03        2.89e-03       
       -----> Mean EPF-Opt penalty term: 3.7414919652871496e+18
  0%|          | 0/50 [00:00<?, ?it/s]  2%|▏         | 1/50 [03:00<2:27:35, 180.72s/it]  4%|▍         | 2/50 [03:08<1:03:23, 79.23s/it]  10%|█         | 5/50 [03:43<23:08, 30.86s/it]   20%|██        | 10/50 [05:56<18:46, 28.15s/it] 42%|████▏     | 21/50 [06:32<05:35, 11.59s/it]100%|██████████| 50/50 [06:32<00:00,  7.84s/it]
       -----> Mean EPF-Opt penalty term: 5.364350823138831e+18
  0%|          | 0/50 [00:00<?, ?it/s]  2%|▏         | 1/50 [03:05<2:31:30, 185.53s/it]  6%|▌         | 3/50 [03:16<40:54, 52.22s/it]    16%|█▌        | 8/50 [03:27<11:05, 15.84s/it] 32%|███▏      | 16/50 [04:01<04:53,  8.64s/it]100%|██████████| 50/50 [04:01<00:00,  4.83s/it]
       -----> Mean EPF-Opt penalty term: 4.095825116491728e+18
  0%|          | 0/50 [00:00<?, ?it/s]  2%|▏         | 1/50 [02:57<2:25:01, 177.58s/it]  8%|▊         | 4/50 [03:03<26:53, 35.08s/it]    10%|█         | 5/50 [03:53<29:29, 39.32s/it] 12%|█▏        | 6/50 [04:06<23:16, 31.73s/it] 14%|█▍        | 7/50 [05:31<33:48, 47.17s/it]100%|██████████| 50/50 [05:31<00:00,  6.62s/it]
       -----> Mean EPF-Opt penalty term: 3.869150045785506e+18
  0%|          | 0/50 [00:00<?, ?it/s]  2%|▏         | 1/50 [03:12<2:37:18, 192.62s/it]  8%|▊         | 4/50 [03:54<36:35, 47.73s/it]    10%|█         | 5/50 [07:11<1:07:02, 89.39s/it] 34%|███▍      | 17/50 [09:59<14:51, 27.02s/it]  36%|███▌      | 18/50 [18:41<38:04, 71.40s/it]100%|██████████| 50/50 [18:41<00:00, 22.43s/it]
       -----> Mean EPF-Opt penalty term: 3.7582205883895475e+18
  0%|          | 0/50 [00:00<?, ?it/s]  2%|▏         | 1/50 [02:52<2:20:44, 172.34s/it]  4%|▍         | 2/50 [04:01<1:29:06, 111.39s/it]  6%|▌         | 3/50 [04:08<50:02, 63.89s/it]     8%|▊         | 4/50 [04:23<34:12, 44.63s/it] 12%|█▏        | 6/50 [04:59<22:27, 30.63s/it] 34%|███▍      | 17/50 [05:53<05:24,  9.83s/it] 40%|████      | 20/50 [07:07<06:41, 13.39s/it]100%|██████████| 50/50 [07:07<00:00,  8.55s/it]
2025-10-14 23:00:14,489 : INFO : popt.loop.optimize :        5          3          7.0986e+10      1.25e-02        2.92e-03       
       -----> Mean EPF-Opt penalty term: 3.7405279781971917e+18
  0%|          | 0/50 [00:00<?, ?it/s]  2%|▏         | 1/50 [03:37<2:57:27, 217.30s/it]  4%|▍         | 2/50 [04:00<1:22:21, 102.94s/it]  8%|▊         | 4/50 [05:41<53:52, 70.28s/it]   100%|██████████| 50/50 [05:41<00:00,  6.84s/it]
       -----> Mean EPF-Opt penalty term: 5.434713037679173e+18
  0%|          | 0/50 [00:00<?, ?it/s]  2%|▏         | 1/50 [08:04<6:35:56, 484.83s/it] 70%|███████   | 35/50 [11:16<03:49, 15.29s/it]  100%|██████████| 50/50 [11:16<00:00, 13.52s/it]
       -----> Mean EPF-Opt penalty term: 3.939680746549351e+18
  0%|          | 0/50 [00:00<?, ?it/s]  2%|▏         | 1/50 [02:30<2:03:14, 150.91s/it]  4%|▍         | 2/50 [03:27<1:16:10, 95.22s/it]   6%|▌         | 3/50 [05:40<1:28:18, 112.74s/it] 20%|██        | 10/50 [05:41<13:31, 20.29s/it]   20%|██        | 10/50 [05:51<13:31, 20.29s/it] 22%|██▏       | 11/50 [05:57<12:47, 19.67s/it] 26%|██▌       | 13/50 [05:58<08:46, 14.24s/it] 28%|██▊       | 14/50 [07:15<15:00, 25.01s/it] 50%|█████     | 25/50 [10:44<08:34, 20.58s/it]100%|██████████| 50/50 [10:44<00:00, 12.88s/it]
       -----> Mean EPF-Opt penalty term: 3.7661458731195535e+18
  0%|          | 0/50 [00:00<?, ?it/s]  2%|▏         | 1/50 [03:28<2:50:14, 208.46s/it]  4%|▍         | 2/50 [03:29<1:08:55, 86.16s/it]   6%|▌         | 3/50 [04:29<58:12, 74.31s/it]    8%|▊         | 4/50 [10:44<2:27:58, 193.01s/it]100%|██████████| 50/50 [10:44<00:00, 12.88s/it]  
2025-10-14 23:40:09,734 : INFO : popt.loop.optimize :        6          2          7.0430e+10      2.50e-02        2.92e-03       
       -----> Mean EPF-Opt penalty term: 3.7112254055421266e+18
  0%|          | 0/50 [00:00<?, ?it/s]  2%|▏         | 1/50 [02:48<2:17:35, 168.49s/it]  4%|▍         | 2/50 [03:18<1:09:31, 86.91s/it]   6%|▌         | 3/50 [03:45<46:45, 59.69s/it]   16%|█▌        | 8/50 [04:56<17:22, 24.82s/it] 18%|█▊        | 9/50 [05:56<21:15, 31.11s/it] 28%|██▊       | 14/50 [06:04<08:46, 14.61s/it] 32%|███▏      | 16/50 [08:00<14:14, 25.12s/it]100%|██████████| 50/50 [08:00<00:00,  9.61s/it]
       -----> Mean EPF-Opt penalty term: 5.483856255445177e+18
  0%|          | 0/50 [00:00<?, ?it/s]  2%|▏         | 1/50 [05:55<4:50:32, 355.76s/it] 20%|██        | 10/50 [06:24<19:04, 28.62s/it]   56%|█████▌    | 28/50 [07:05<03:28,  9.49s/it]100%|██████████| 50/50 [07:05<00:00,  8.51s/it]
       -----> Mean EPF-Opt penalty term: 3.96799774898243e+18
  0%|          | 0/50 [00:00<?, ?it/s]  2%|▏         | 1/50 [03:42<3:01:56, 222.78s/it]  4%|▍         | 2/50 [04:00<1:21:51, 102.33s/it]  6%|▌         | 3/50 [05:18<1:11:11, 90.89s/it]   8%|▊         | 4/50 [06:38<1:06:35, 86.86s/it]100%|██████████| 50/50 [06:38<00:00,  7.98s/it] 
2025-10-15 00:03:01,093 : INFO : popt.loop.optimize :        7          1          7.0321e+10      5.00e-02        2.94e-03       
       -----> Mean EPF-Opt penalty term: 3.7054783245147453e+18
  0%|          | 0/50 [00:00<?, ?it/s]  2%|▏         | 1/50 [03:00<2:27:24, 180.51s/it]  4%|▍         | 2/50 [06:07<2:27:38, 184.55s/it] 40%|████      | 20/50 [07:16<07:30, 15.02s/it]  100%|██████████| 50/50 [07:16<00:00,  8.73s/it]
       -----> Mean EPF-Opt penalty term: 4.503914481072326e+18
  0%|          | 0/50 [00:00<?, ?it/s]  2%|▏         | 1/50 [02:49<2:18:40, 169.80s/it]  4%|▍         | 2/50 [03:33<1:16:43, 95.91s/it]  12%|█▏        | 6/50 [05:36<33:24, 45.55s/it]   14%|█▍        | 7/50 [10:31<1:11:14, 99.41s/it]100%|██████████| 50/50 [10:31<00:00, 12.63s/it] 
       -----> Mean EPF-Opt penalty term: 4.0138195039151237e+18
  0%|          | 0/50 [00:00<?, ?it/s]  2%|▏         | 1/50 [03:24<2:47:09, 204.68s/it] 26%|██▌       | 13/50 [04:43<10:45, 17.45s/it]   50%|█████     | 25/50 [05:57<04:34, 10.99s/it]100%|██████████| 50/50 [05:57<00:00,  7.15s/it]
       -----> Mean EPF-Opt penalty term: 3.769183784268968e+18
  0%|          | 0/50 [00:00<?, ?it/s]  2%|▏         | 1/50 [02:31<2:03:21, 151.06s/it]  4%|▍         | 2/50 [03:39<1:21:49, 102.28s/it]  6%|▌         | 3/50 [04:42<1:06:06, 84.39s/it]  22%|██▏       | 11/50 [04:52<09:31, 14.65s/it]  34%|███▍      | 17/50 [06:03<07:20, 13.34s/it] 76%|███████▌  | 38/50 [07:40<01:26,  7.20s/it]100%|██████████| 50/50 [07:40<00:00,  9.21s/it]
       -----> Mean EPF-Opt penalty term: 3.7065771383310674e+18
  0%|          | 0/50 [00:00<?, ?it/s]  2%|▏         | 1/50 [02:52<2:20:30, 172.04s/it]  4%|▍         | 2/50 [04:11<1:34:03, 117.58s/it]  8%|▊         | 4/50 [18:01<3:53:07, 304.07s/it]100%|██████████| 50/50 [18:01<00:00, 21.63s/it]  
2025-10-15 00:54:19,664 : INFO : popt.loop.optimize :        8          3          7.0238e+10      1.25e-02        2.95e-03       
       -----> Mean EPF-Opt penalty term: 3.7011016830048896e+18
  0%|          | 0/50 [00:00<?, ?it/s]  2%|▏         | 1/50 [04:25<3:37:05, 265.82s/it]  8%|▊         | 4/50 [04:58<45:17, 59.07s/it]    16%|█▌        | 8/50 [05:30<19:37, 28.03s/it] 60%|██████    | 30/50 [06:24<02:17,  6.89s/it] 76%|███████▌  | 38/50 [06:31<01:00,  5.08s/it]100%|██████████| 50/50 [06:31<00:00,  7.82s/it]
       -----> Mean EPF-Opt penalty term: 5.013153542388166e+18
  0%|          | 0/50 [00:00<?, ?it/s]  2%|▏         | 1/50 [04:20<3:33:00, 260.82s/it] 24%|██▍       | 12/50 [04:23<10:00, 15.79s/it]   52%|█████▏    | 26/50 [04:59<02:59,  7.48s/it]100%|██████████| 50/50 [04:59<00:00,  5.99s/it]
       -----> Mean EPF-Opt penalty term: 4.1719431523209247e+18
  0%|          | 0/50 [00:00<?, ?it/s]  2%|▏         | 1/50 [03:15<2:39:53, 195.78s/it] 14%|█▍        | 7/50 [05:48<31:01, 43.29s/it]    34%|███▍      | 17/50 [05:50<07:41, 13.97s/it] 40%|████      | 20/50 [05:57<05:39, 11.32s/it]100%|██████████| 50/50 [05:57<00:00,  7.15s/it]
       -----> Mean EPF-Opt penalty term: 3.7842014241751035e+18
  0%|          | 0/50 [00:00<?, ?it/s]  2%|▏         | 1/50 [03:42<3:01:43, 222.52s/it]  6%|▌         | 3/50 [04:17<55:25, 70.76s/it]     8%|▊         | 4/50 [09:37<2:00:16, 156.89s/it] 18%|█▊        | 9/50 [13:11<51:41, 75.65s/it]   100%|██████████| 50/50 [13:11<00:00, 15.83s/it]
2025-10-15 01:26:28,461 : INFO : popt.loop.optimize :        9          2          6.9535e+10      2.50e-02        2.97e-03       
       -----> Mean EPF-Opt penalty term: 3.664073827051637e+18
  0%|          | 0/50 [00:00<?, ?it/s]  2%|▏         | 1/50 [03:19<2:42:41, 199.22s/it]  4%|▍         | 2/50 [03:44<1:17:38, 97.06s/it]   8%|▊         | 4/50 [05:49<57:42, 75.27s/it]  100%|██████████| 50/50 [05:49<00:00,  6.99s/it]
       -----> Mean EPF-Opt penalty term: 5.339705302381226e+18
  0%|          | 0/50 [00:00<?, ?it/s]  2%|▏         | 1/50 [03:27<2:49:23, 207.41s/it]  6%|▌         | 3/50 [04:04<52:46, 67.37s/it]    10%|█         | 5/50 [04:33<30:09, 40.22s/it] 14%|█▍        | 7/50 [06:17<32:30, 45.36s/it] 42%|████▏     | 21/50 [06:23<04:21,  9.00s/it] 70%|███████   | 35/50 [06:41<01:12,  4.84s/it]100%|██████████| 50/50 [06:41<00:00,  8.02s/it]
       -----> Mean EPF-Opt penalty term: 4.1954660179063547e+18
  0%|          | 0/50 [00:00<?, ?it/s]  2%|▏         | 1/50 [02:13<1:49:03, 133.53s/it]  4%|▍         | 2/50 [03:35<1:22:45, 103.46s/it]  8%|▊         | 4/50 [04:14<38:51, 50.69s/it]    10%|█         | 5/50 [05:12<39:38, 52.86s/it] 22%|██▏       | 11/50 [06:20<14:48, 22.79s/it] 26%|██▌       | 13/50 [06:28<11:04, 17.96s/it]100%|██████████| 50/50 [06:28<00:00,  7.78s/it]
       -----> Mean EPF-Opt penalty term: 3.8114271540862054e+18
  0%|          | 0/50 [00:00<?, ?it/s]  2%|▏         | 1/50 [02:25<1:59:03, 145.78s/it]  4%|▍         | 2/50 [02:42<55:39, 69.58s/it]     6%|▌         | 3/50 [03:46<52:34, 67.11s/it]  8%|▊         | 4/50 [06:37<1:22:52, 108.09s/it] 22%|██▏       | 11/50 [09:06<25:16, 38.88s/it]  100%|██████████| 50/50 [09:06<00:00, 10.93s/it]
2025-10-15 01:56:03,528 : INFO : popt.loop.optimize :        10         2          6.9176e+10      2.50e-02        2.98e-03       
       -----> Mean EPF-Opt penalty term: 3.645149415581474e+18
  0%|          | 0/50 [00:00<?, ?it/s]  2%|▏         | 1/50 [02:35<2:06:49, 155.29s/it]  4%|▍         | 2/50 [05:42<2:19:19, 174.16s/it] 20%|██        | 10/50 [05:45<15:13, 22.84s/it]   28%|██▊       | 14/50 [06:27<10:51, 18.08s/it] 38%|███▊      | 19/50 [08:50<11:35, 22.43s/it]100%|██████████| 50/50 [08:50<00:00, 10.62s/it]
       -----> Mean EPF-Opt penalty term: 5.240675513086855e+18
  0%|          | 0/50 [00:00<?, ?it/s]  2%|▏         | 1/50 [05:17<4:19:33, 317.82s/it] 28%|██▊       | 14/50 [06:46<13:37, 22.71s/it]  100%|██████████| 50/50 [06:46<00:00,  8.13s/it]
       -----> Mean EPF-Opt penalty term: 4.4564004929104097e+18
  0%|          | 0/50 [00:00<?, ?it/s]  2%|▏         | 1/50 [03:55<3:12:03, 235.16s/it]  4%|▍         | 2/50 [05:03<1:49:50, 137.30s/it] 32%|███▏      | 16/50 [07:28<11:30, 20.30s/it]   64%|██████▍   | 32/50 [11:07<04:53, 16.33s/it]100%|██████████| 50/50 [11:07<00:00, 13.36s/it]
       -----> Mean EPF-Opt penalty term: 4.0892941249785226e+18
  0%|          | 0/50 [00:00<?, ?it/s]  2%|▏         | 1/50 [03:44<3:03:06, 224.21s/it] 40%|████      | 20/50 [08:17<10:54, 21.82s/it]  100%|██████████| 50/50 [08:17<00:00,  9.94s/it]
       -----> Mean EPF-Opt penalty term: 3.8076480107105587e+18
  0%|          | 0/50 [00:00<?, ?it/s]  2%|▏         | 1/50 [03:19<2:42:33, 199.05s/it]  8%|▊         | 4/50 [03:20<29:08, 38.01s/it]    12%|█▏        | 6/50 [03:23<16:13, 22.13s/it] 14%|█▍        | 7/50 [03:52<17:00, 23.72s/it] 26%|██▌       | 13/50 [03:52<04:50,  7.86s/it]100%|██████████| 50/50 [03:52<00:00,  4.65s/it]
       -----> Mean EPF-Opt penalty term: 3.739479092995793e+18
  0%|          | 0/50 [00:00<?, ?it/s]  2%|▏         | 1/50 [03:51<3:08:58, 231.41s/it] 12%|█▏        | 6/50 [04:09<23:10, 31.61s/it]    76%|███████▌  | 38/50 [04:13<00:43,  3.61s/it]100%|██████████| 50/50 [04:13<00:00,  5.07s/it]
       -----> Mean EPF-Opt penalty term: 3.6687724290367283e+18
  0%|          | 0/50 [00:00<?, ?it/s]  2%|▏         | 1/50 [02:48<2:17:48, 168.75s/it]  4%|▍         | 2/50 [03:02<1:02:04, 77.60s/it]   8%|▊         | 4/50 [04:09<38:18, 49.96s/it]   40%|████      | 20/50 [12:24<16:38, 33.27s/it]100%|██████████| 50/50 [12:24<00:00, 14.89s/it]
2025-10-15 02:54:12,275 : INFO : popt.loop.optimize :        11         5          6.9053e+10      3.13e-03        3.01e-03       
       -----> Mean EPF-Opt penalty term: 3.63866922318698e+18
  0%|          | 0/50 [00:00<?, ?it/s]  2%|▏         | 1/50 [03:12<2:36:52, 192.10s/it]  4%|▍         | 2/50 [03:47<1:19:56, 99.93s/it]   6%|▌         | 3/50 [04:51<1:05:16, 83.33s/it] 12%|█▏        | 6/50 [05:14<24:23, 33.27s/it]   26%|██▌       | 13/50 [05:38<07:52, 12.77s/it] 28%|██▊       | 14/50 [10:15<27:12, 45.35s/it] 46%|████▌     | 23/50 [11:50<10:47, 23.97s/it]100%|██████████| 50/50 [11:50<00:00, 14.20s/it]
       -----> Mean EPF-Opt penalty term: 5.72231057831174e+18
  0%|          | 0/50 [00:00<?, ?it/s]  2%|▏         | 1/50 [02:54<2:22:32, 174.55s/it]  4%|▍         | 2/50 [03:54<1:25:45, 107.19s/it] 22%|██▏       | 11/50 [04:32<10:34, 16.27s/it]   26%|██▌       | 13/50 [06:58<17:42, 28.70s/it] 60%|██████    | 30/50 [09:39<04:54, 14.71s/it]100%|██████████| 50/50 [09:39<00:00, 11.59s/it]
2025-10-15 03:16:26,329 : INFO : popt.loop.optimize :        12         0          6.7969e+10      1.00e-01        3.04e-03       
       -----> Mean EPF-Opt penalty term: 3.581541651623172e+18
  0%|          | 0/50 [00:00<?, ?it/s]  2%|▏         | 1/50 [03:37<2:57:53, 217.83s/it] 12%|█▏        | 6/50 [04:21<25:16, 34.48s/it]    22%|██▏       | 11/50 [07:10<22:07, 34.05s/it] 60%|██████    | 30/50 [07:49<03:20, 10.03s/it]100%|██████████| 50/50 [07:49<00:00,  9.40s/it]
       -----> Mean EPF-Opt penalty term: 5.612542030501521e+18
  0%|          | 0/50 [00:00<?, ?it/s]  2%|▏         | 1/50 [03:09<2:34:24, 189.07s/it]  4%|▍         | 2/50 [03:53<1:23:24, 104.27s/it]  8%|▊         | 4/50 [08:07<1:30:43, 118.33s/it] 86%|████████▌ | 43/50 [09:03<00:54,  7.77s/it]  100%|██████████| 50/50 [09:17<00:00,  6.65s/it]100%|██████████| 50/50 [09:17<00:00, 11.16s/it]
       -----> Mean EPF-Opt penalty term: 3.683298858567997e+18
  0%|          | 0/50 [00:00<?, ?it/s]  2%|▏         | 1/50 [02:31<2:03:28, 151.20s/it]  4%|▍         | 2/50 [04:13<1:38:06, 122.63s/it] 36%|███▌      | 18/50 [09:22<14:07, 26.47s/it]   60%|██████    | 30/50 [09:52<04:49, 14.47s/it]100%|██████████| 50/50 [09:52<00:00, 11.85s/it]
       -----> Mean EPF-Opt penalty term: 3.605838257513333e+18
  0%|          | 0/50 [00:00<?, ?it/s]  2%|▏         | 1/50 [03:21<2:44:39, 201.62s/it]  4%|▍         | 2/50 [07:33<3:04:46, 230.98s/it] 36%|███▌      | 18/50 [09:46<12:39, 23.74s/it]   60%|██████    | 30/50 [10:03<04:12, 12.61s/it]100%|██████████| 50/50 [10:03<00:00, 12.07s/it]
2025-10-15 03:54:59,012 : INFO : popt.loop.optimize :        13         2          6.7922e+10      2.50e-02        3.05e-03       
       -----> Mean EPF-Opt penalty term: 3.579053514999148e+18
  0%|          | 0/50 [00:00<?, ?it/s]  2%|▏         | 1/50 [03:21<2:44:45, 201.75s/it]  6%|▌         | 3/50 [03:52<49:56, 63.76s/it]     8%|▊         | 4/50 [06:07<1:07:45, 88.38s/it] 70%|███████   | 35/50 [09:25<02:51, 11.42s/it] 100%|██████████| 50/50 [14:34<00:00, 15.03s/it]100%|██████████| 50/50 [14:34<00:00, 17.50s/it]
       -----> Mean EPF-Opt penalty term: 4.948185027174925e+18
  0%|          | 0/50 [00:00<?, ?it/s]  2%|▏         | 1/50 [02:52<2:20:53, 172.53s/it]  6%|▌         | 3/50 [03:43<49:45, 63.52s/it]     8%|▊         | 4/50 [03:47<32:52, 42.89s/it] 12%|█▏        | 6/50 [04:16<21:15, 28.98s/it] 14%|█▍        | 7/50 [05:59<34:32, 48.19s/it] 36%|███▌      | 18/50 [06:08<05:23, 10.11s/it] 40%|████      | 20/50 [08:14<09:38, 19.27s/it] 58%|█████▊    | 29/50 [09:52<05:11, 14.83s/it]100%|██████████| 50/50 [09:52<00:00, 11.85s/it]
       -----> Mean EPF-Opt penalty term: 3.9535755625573524e+18
  0%|          | 0/50 [00:00<?, ?it/s]  2%|▏         | 1/50 [03:35<2:55:38, 215.07s/it] 12%|█▏        | 6/50 [04:34<27:00, 36.84s/it]    50%|█████     | 25/50 [07:50<06:13, 14.93s/it]100%|██████████| 50/50 [07:50<00:00,  9.42s/it]
       -----> Mean EPF-Opt penalty term: 3.744191066622437e+18
  0%|          | 0/50 [00:00<?, ?it/s]  2%|▏         | 1/50 [03:09<2:34:57, 189.75s/it]  6%|▌         | 3/50 [03:25<42:58, 54.86s/it]    14%|█▍        | 7/50 [04:33<20:56, 29.23s/it] 32%|███▏      | 16/50 [05:46<08:22, 14.77s/it]100%|██████████| 50/50 [05:46<00:00,  6.94s/it]
       -----> Mean EPF-Opt penalty term: 3.7673578550160005e+18
  0%|          | 0/50 [00:00<?, ?it/s]  2%|▏         | 1/50 [02:44<2:14:27, 164.64s/it]  4%|▍         | 2/50 [04:36<1:47:02, 133.81s/it] 12%|█▏        | 6/50 [05:29<29:55, 40.80s/it]    14%|█▍        | 7/50 [05:57<27:16, 38.06s/it] 38%|███▊      | 19/50 [06:50<05:59, 11.59s/it] 64%|██████▍   | 32/50 [08:34<02:52,  9.60s/it]100%|██████████| 50/50 [08:34<00:00, 10.29s/it]
       -----> Mean EPF-Opt penalty term: 3.602119967009834e+18
  0%|          | 0/50 [00:00<?, ?it/s]  2%|▏         | 1/50 [03:09<2:34:25, 189.09s/it]  4%|▍         | 2/50 [04:16<1:33:54, 117.38s/it] 10%|█         | 5/50 [04:45<30:17, 40.40s/it]    14%|█▍        | 7/50 [07:26<40:32, 56.57s/it] 32%|███▏      | 16/50 [07:54<10:09, 17.94s/it] 34%|███▍      | 17/50 [08:23<10:28, 19.03s/it]100%|██████████| 50/50 [08:23<00:00, 10.06s/it]
       -----> Mean EPF-Opt penalty term: 3.585758311829779e+18
  0%|          | 0/50 [00:00<?, ?it/s]  2%|▏         | 1/50 [02:20<1:54:34, 140.29s/it]  4%|▍         | 2/50 [06:23<2:40:27, 200.58s/it] 60%|██████    | 30/50 [07:57<03:48, 11.43s/it]  100%|██████████| 50/50 [07:57<00:00,  9.56s/it]
2025-10-15 05:00:35,005 : INFO : popt.loop.optimize :        Optimization converged in 13 iterations 
2025-10-15 05:00:35,005 : INFO : popt.loop.optimize :        Optimization converged with final obj_func = 67921520973.9411
2025-10-15 05:00:35,005 : INFO : popt.loop.optimize :        Total number of function evaluations = 224
2025-10-15 05:00:35,005 : INFO : popt.loop.optimize :        Total number of jacobi evaluations = 100
2025-10-15 05:00:35,005 : INFO : popt.loop.optimize :        Total elapsed time = 2376.57 minutes
2025-10-15 05:00:35,005 : INFO : popt.loop.optimize :        ============================================
       -----> Mean EPF-Opt penalty term: 3.580287110350195e+18
  0%|          | 0/50 [00:00<?, ?it/s]  2%|▏         | 1/50 [03:16<2:40:22, 196.37s/it]  4%|▍         | 2/50 [08:09<3:22:44, 253.44s/it] 36%|███▌      | 18/50 [09:16<11:25, 21.43s/it]   60%|██████    | 30/50 [10:20<04:27, 13.40s/it]100%|██████████| 50/50 [10:20<00:00, 12.41s/it]
2025-10-15 05:11:17,848 : INFO : popt.loop.optimize :        -----> EPF-EnOpt: 11, 1000000000000.0 (outer iteration, penalty factor)
       -----> Mean EPF-Opt penalty term: 3.5790535149991473e+19
  0%|          | 0/50 [00:00<?, ?it/s]  2%|▏         | 1/50 [03:26<2:48:17, 206.07s/it]  6%|▌         | 3/50 [04:15<56:15, 71.82s/it]    10%|█         | 5/50 [04:33<29:39, 39.54s/it] 22%|██▏       | 11/50 [04:33<08:01, 12.36s/it] 32%|███▏      | 16/50 [04:39<04:08,  7.30s/it] 32%|███▏      | 16/50 [04:52<04:08,  7.30s/it] 58%|█████▊    | 29/50 [05:18<01:37,  4.63s/it] 76%|███████▌  | 38/50 [09:17<02:35, 13.00s/it]100%|██████████| 50/50 [09:17<00:00, 11.15s/it]
       -----> Mean EPF-Opt penalty term: 5.27453535647613e+19
  0%|          | 0/50 [00:00<?, ?it/s]  2%|▏         | 1/50 [02:27<2:00:34, 147.65s/it]  4%|▍         | 2/50 [03:30<1:18:07, 97.65s/it]  12%|█▏        | 6/50 [04:24<24:08, 32.93s/it]   22%|██▏       | 11/50 [08:41<28:19, 43.58s/it] 76%|███████▌  | 38/50 [08:56<01:41,  8.43s/it]100%|██████████| 50/50 [08:56<00:00, 10.74s/it]
2025-10-15 05:30:16,739 : INFO : popt.loop.optimize :        1          0          6.7895e+11      3.13e-03        3.07e-03       
       -----> Mean EPF-Opt penalty term: 3.577631575529191e+19
  0%|          | 0/50 [00:00<?, ?it/s]  2%|▏         | 1/50 [04:50<3:57:28, 290.79s/it] 36%|███▌      | 18/50 [06:47<09:38, 18.07s/it]  100%|██████████| 50/50 [06:47<00:00,  8.14s/it]
       -----> Mean EPF-Opt penalty term: 5.522082467328685e+19
  0%|          | 0/50 [00:00<?, ?it/s]  2%|▏         | 1/50 [02:33<2:05:36, 153.80s/it]  6%|▌         | 3/50 [02:36<31:59, 40.84s/it]     8%|▊         | 4/50 [02:55<25:36, 33.40s/it] 12%|█▏        | 6/50 [03:16<16:00, 21.84s/it] 54%|█████▍    | 27/50 [03:25<01:08,  2.98s/it]100%|██████████| 50/50 [03:25<00:00,  4.11s/it]
       -----> Mean EPF-Opt penalty term: 4.3924828148458365e+19
  0%|          | 0/50 [00:00<?, ?it/s]  2%|▏         | 1/50 [02:47<2:16:33, 167.21s/it]  6%|▌         | 3/50 [03:22<44:14, 56.48s/it]    58%|█████▊    | 29/50 [03:31<01:27,  4.16s/it] 94%|█████████▍| 47/50 [03:45<00:07,  2.52s/it]100%|██████████| 50/50 [03:45<00:00,  4.51s/it]
       -----> Mean EPF-Opt penalty term: 3.994968781676375e+19
  0%|          | 0/50 [00:00<?, ?it/s]  2%|▏         | 1/50 [02:59<2:26:15, 179.08s/it]  4%|▍         | 2/50 [03:20<1:09:11, 86.49s/it]  14%|█▍        | 7/50 [03:56<16:03, 22.41s/it]   24%|██▍       | 12/50 [04:00<06:52, 10.85s/it] 34%|███▍      | 17/50 [04:20<04:19,  7.87s/it] 36%|███▌      | 18/50 [04:51<05:33, 10.43s/it] 50%|█████     | 25/50 [06:50<05:45, 13.84s/it]100%|██████████| 50/50 [06:50<00:00,  8.20s/it]
       -----> Mean EPF-Opt penalty term: 3.873465877858753e+19
  0%|          | 0/50 [00:00<?, ?it/s]  2%|▏         | 1/50 [02:59<2:26:41, 179.63s/it]  4%|▍         | 2/50 [06:56<2:50:36, 213.25s/it] 14%|█▍        | 7/50 [08:06<37:28, 52.29s/it]    32%|███▏      | 16/50 [08:55<11:42, 20.66s/it]100%|██████████| 50/50 [08:55<00:00, 10.70s/it]
       -----> Mean EPF-Opt penalty term: 3.7381122321334804e+19
  0%|          | 0/50 [00:00<?, ?it/s]  2%|▏         | 1/50 [02:52<2:20:42, 172.30s/it]  4%|▍         | 2/50 [07:00<2:53:40, 217.09s/it] 36%|███▌      | 18/50 [08:06<10:03, 18.86s/it]  100%|██████████| 50/50 [08:06<00:00,  9.73s/it]
       -----> Mean EPF-Opt penalty term: 3.730566212294795e+19
  0%|          | 0/50 [00:00<?, ?it/s]  2%|▏         | 1/50 [03:28<2:50:31, 208.81s/it]  4%|▍         | 2/50 [07:51<3:12:36, 240.76s/it] 36%|███▌      | 18/50 [07:52<08:55, 16.72s/it]   36%|███▌      | 18/50 [08:09<08:55, 16.72s/it] 60%|██████    | 30/50 [09:26<04:05, 12.29s/it] 86%|████████▌ | 43/50 [10:16<01:00,  8.61s/it]100%|██████████| 50/50 [10:16<00:00, 12.34s/it]
2025-10-15 06:20:59,348 : INFO : popt.loop.optimize :        Optimization converged in 1 iterations 
2025-10-15 06:20:59,348 : INFO : popt.loop.optimize :        Optimization converged with final obj_func = 678945361048.8645
2025-10-15 06:20:59,348 : INFO : popt.loop.optimize :        Total number of function evaluations = 232
2025-10-15 06:20:59,349 : INFO : popt.loop.optimize :        Total number of jacobi evaluations = 102
2025-10-15 06:20:59,349 : INFO : popt.loop.optimize :        Total elapsed time = 2456.97 minutes
2025-10-15 06:20:59,349 : INFO : popt.loop.optimize :        ============================================
2025-10-15 06:20:59,349 : INFO : popt.loop.optimize :        -----> EPF-EnOpt: maximum epf iterations reached
       -----> Mean EPF-Opt penalty term: 3.70341698836028e+19
