


 ########  #          ######   #           #
 #         #         #      #   #         # 
 #####     #         #      #    #   #   #  
 #         #         #      #     # # # #   
 #         #######    ######       #   #    

Flow is a simulator for fully implicit three-phase black-oil flow, and is part of OPM.
For more information visit: https://opm-project.org 

Flow Version     =  2025.04 (Ubuntu 24.04.2 LTS: 2025.04-1~noble)
Machine name     =  bgo-1714.ad.norceresearch.no (Number of logical cores: 16, Memory size: 15654.92 MB) 
Operating system =  Linux x86_64 (Kernel: 6.8.0-79-generic, #79-Ubuntu SMP PREEMPT_DYNAMIC Tue Aug 12 14:42:46 UTC 2025 )
Build time       =  
User             =  mani
Simulation started on 15-09-2025 at 09:11:38 hrs
Using 1 MPI processes with 2 OMP threads on each 
Parameters used by Flow:
# [known parameters which were specified at run-time]
EclDeckFileName="DROGON.DATA" # default: ""
# [parameters which were specified at compile-time]
AcceleratorMode="none"
ActionParsingStrictness="normal"
AddCorners="0"
AllowDistributedWells="0"
AllowSplittingInactiveWells="1"
AlternativeWellRateInit="1"
CheckGroupConstraintsInnerWellIterations="1"
CheckSatfuncConsistency="0"
ContinueOnConvergenceError="0"
ConvergenceMonitoring="0"
ConvergenceMonitoringCutOff="6"
ConvergenceMonitoringDecayFactor="0.75"
CprReuseInterval="30"
CprReuseSetup="4"
DbhpMaxRel="1"
DebugEmitCellPartition="0"
DpMaxRel="0.3"
DsMax="0.2"
DwellFractionMax="0.2"
EclOutputDoublePrecision="0"
EclOutputInterval="-1"
EdgeWeightsMethod="1"
EnableAdaptiveTimeStepping="1"
EnableAsyncEclOutput="1"
EnableAsyncVtkOutput="1"
EnableDriftCompensation="0"
EnableDryRun="auto"
EnableEclOutput="1"
EnableEsmry="0"
EnableGravity="1"
EnableGridAdaptation="0"
EnableIntensiveQuantityCache="1"
EnableLoggingFalloutWarning="0"
EnableOpmRstFile="0"
EnableStorageCache="1"
EnableTerminalOutput="1"
EnableThermodynamicHints="0"
EnableTuning="0"
EnableVtkOutput="0"
EnableWellOperabilityCheck="1"
EnableWellOperabilityCheckIter="0"
EnableWriteAllSolutions="0"
EndTime="1e+100"
ExplicitRockCompaction="0"
ExternalPartition=""
ForceDisableFluidInPlaceOutput="0"
ForceDisableResvFluidInPlaceOutput="0"
FullTimeStepInitially="0"
GpuDeviceId="0"
IgnoreKeywords=""
IluFillinLevel="0"
IluRedblack="0"
IluRelaxation="0.9"
IluReorderSpheres="0"
ImbalanceTol="1.1"
InitialTimeStepInDays="1"
InitialTimeStepSize="86400"
InjMultDampMult="0.9"
InjMultMinDampFactor="0.05"
InjMultOscThreshold="0.1"
InputSkipMode="100"
LinearSolver="cprw"
LinearSolverIgnoreConvergenceFailure="0"
LinearSolverMaxIter="200"
LinearSolverPrintJsonDefinition="1"
LinearSolverReduction="0.01"
LinearSolverRestart="40"
LinearSolverVerbosity="0"
LoadFile=""
LoadStep="-1"
LocalDomainsOrderingMeasure="maxpressure"
LocalDomainsPartitionWellNeighborLevels="1"
LocalDomainsPartitioningImbalance="1.03"
LocalDomainsPartitioningMethod="zoltan"
LocalSolveApproach="gauss-seidel"
LocalToleranceScalingCnv="0.1"
LocalToleranceScalingMb="1"
LocalWellSolveControlSwitching="1"
MatrixAddWellContributions="0"
MaxInnerIterMsWells="100"
MaxInnerIterWells="50"
MaxLocalSolveIterations="20"
MaxNewtonIterationsWithInnerWellIterations="8"
MaxPressureChangeMsWells="1e+06"
MaxResidualAllowed="1e+07"
MaxSinglePrecisionDays="20"
MaxTemperatureChange="5"
MaxTimeStepDivisions="10"
MaxTimeStepSize="inf"
MaxWelleqIter="30"
MaximumNumberOfGroupSwitches="3"
MaximumNumberOfWellSwitches="3"
MaximumWaterSaturation="1"
MetisParams="default"
MiluVariant="ILU"
MinStrictCnvIter="-1"
MinStrictMbIter="-1"
MinTimeStepBasedOnNewtonIterations="0"
MinTimeStepBeforeShuttingProblematicWellsInDays="0.01"
MinTimeStepSize="0"
NetworkMaxOuterIterations="10"
NetworkMaxPressureUpdateInBars="5"
NetworkMaxStrictOuterIterations="10"
NetworkMaxSubIterations="20"
NetworkPressureUpdateDampingFactor="0.1"
NewtonMaxError="1e+100"
NewtonMaxIterations="20"
NewtonMaxRelax="0.5"
NewtonMinIterations="2"
NewtonRelaxationType="dampen"
NewtonTargetIterations="10"
NewtonTolerance="0.01"
NewtonVerbose="1"
NewtonWriteConvergence="0"
NlddLocalLinearSolver="ilu0"
NlddLocalLinearSolverMaxIter="200"
NlddLocalLinearSolverReduction="0.01"
NlddNumInitialNewtonIter="1"
NonlinearSolver="newton"
NumLocalDomains="0"
NumOverlap="1"
NumPressurePointsEquil="2000"
NumSatfuncConsistencySamplePoints="5"
NupcolGroupRateTolerance="0.001"
OpenclIluParallel="1"
OpenclPlatformId="0"
OutputDir=""
OutputExtraConvergenceInfo="none"
OutputInterval="1"
OutputMode="all"
OwnerCellsFirst="1"
ParameterFile=""
ParsingStrictness="normal"
PartitionMethod="3"
PreSolveNetwork="1"
PredeterminedTimeStepsFile=""
PressureMax="1e+99"
PressureMin="-1e+99"
PressureScale="1"
PriVarOscilationThreshold="1e-05"
PrintParameters="2"
ProjectSaturations="0"
RegularizationFactorWells="100"
RelaxedLinearSolverReduction="0.01"
RelaxedMaxPvFraction="0.03"
RelaxedPressureTolMsw="10000"
RelaxedWellFlowTol="0.001"
RestartTime="-1e+35"
RestartWritingInterval="16777215"
SaveFile=""
SaveStep=""
ScaleLinearSystem="0"
SchedRestart="0"
SerialPartitioning="0"
ShutUnsolvableWells="1"
Slave="0"
SolveWelleqInitially="1"
SolverContinueOnConvergenceFailure="0"
SolverGrowthFactor="2"
SolverMaxGrowth="3"
SolverMaxRestarts="10"
SolverMaxTimeStepInDays="365"
SolverMinTimeStep="1e-12"
SolverRestartFactor="0.33"
SolverVerbosity="1"
StrictInnerIterWells="40"
StrictOuterIterWells="6"
TemperatureMax="1e+09"
TemperatureMin="0"
ThreadsPerProcess="2"
TimeStepAfterEventInDays="-1"
TimeStepControl="pid+newtoniteration"
TimeStepControlDecayDampingFactor="1"
TimeStepControlDecayRate="0.75"
TimeStepControlFileName="timesteps"
TimeStepControlGrowthDampingFactor="3.2"
TimeStepControlGrowthRate="1.25"
TimeStepControlSafetyFactor="0.8"
TimeStepControlTargetIterations="30"
TimeStepControlTargetNewtonIterations="8"
TimeStepControlTolerance="0.1"
TimeStepVerbosity="1"
ToleranceCnv="0.01"
ToleranceCnvEnergy="0.01"
ToleranceCnvEnergyRelaxed="1"
ToleranceCnvRelaxed="1"
ToleranceEnergyBalance="1e-07"
ToleranceEnergyBalanceRelaxed="1e-06"
ToleranceMb="1e-07"
ToleranceMbRelaxed="1e-06"
TolerancePressureMsWells="1000"
ToleranceWellControl="1e-07"
ToleranceWells="0.0001"
UpdateEquationsScaling="0"
UseAverageDensityMsWells="0"
UseGmres="0"
UseImplicitIpr="1"
UseMultisegmentWell="1"
UseUpdateStabilization="1"
VtkWriteAverageMolarMasses="0"
VtkWriteDensities="1"
VtkWriteDiffusionCoefficients="0"
VtkWriteDofIndex="0"
VtkWriteEffectiveDiffusionCoefficients="0"
VtkWriteExtrusionFactor="0"
VtkWriteFilterVelocities="0"
VtkWriteFugacities="0"
VtkWriteFugacityCoeffs="0"
VtkWriteGasDissolutionFactor="0"
VtkWriteGasFormationVolumeFactor="0"
VtkWriteGasSaturationPressure="0"
VtkWriteIntrinsicPermeabilities="0"
VtkWriteMassFractions="0"
VtkWriteMobilities="0"
VtkWriteMolarities="0"
VtkWriteMoleFractions="1"
VtkWriteOilFormationVolumeFactor="0"
VtkWriteOilSaturationPressure="0"
VtkWriteOilVaporizationFactor="0"
VtkWritePorosity="1"
VtkWritePotentialGradients="0"
VtkWritePressures="1"
VtkWritePrimaryVars="0"
VtkWritePrimaryVarsMeaning="0"
VtkWriteProcessRank="0"
VtkWriteRelativePermeabilities="1"
VtkWriteSaturatedGasOilVaporizationFactor="0"
VtkWriteSaturatedOilGasDissolutionFactor="0"
VtkWriteSaturationRatios="0"
VtkWriteSaturations="1"
VtkWriteTemperature="1"
VtkWriteTortuosities="0"
VtkWriteTotalMassFractions="0"
VtkWriteTotalMoleFractions="0"
VtkWriteTracerConcentration="0"
VtkWriteViscosities="0"
VtkWriteWaterFormationVolumeFactor="0"
WaterOnlyThreshold="1"
ZoltanImbalanceTol="1.1"
ZoltanParams="graph"
ZoltanPhgEdgeSizeThreshold="0.35"

Reading deck file 'DROGON.DATA'
    0 Reading RUNSPEC  in DROGON.DATA line 18
    1 Reading TITLE    in DROGON.DATA line 22
    2 Reading START    in DROGON.DATA line 26
    3 Reading OIL      in DROGON.DATA line 30
    4 Reading GAS      in DROGON.DATA line 31
    5 Reading WATER    in DROGON.DATA line 32
    6 Reading DISGAS   in DROGON.DATA line 33
    7 Reading VAPOIL   in DROGON.DATA line 34
    8 Reading METRIC   in DROGON.DATA line 37
    9 Reading EQLOPTS  in DROGON.DATA line 40
   10 Reading TRACERS  in DROGON.DATA line 45
   11 Reading DIMENS   in /home/AD.NORCERESEARCH.NO/mani/Documents/CSSR/MultiObjectiveWorkflow/include/runspec/drogon.dimens line 9
   12 Reading TABDIMS  in /home/AD.NORCERESEARCH.NO/mani/Documents/CSSR/MultiObjectiveWorkflow/include/runspec/drogon.tabdims line 9
   13 Reading EQLDIMS  in /home/AD.NORCERESEARCH.NO/mani/Documents/CSSR/MultiObjectiveWorkflow/include/runspec/drogon.eqldims line 9
   14 Reading REGDIMS  in /home/AD.NORCERESEARCH.NO/mani/Documents/CSSR/MultiObjectiveWorkflow/include/runspec/drogon.regdims line 9
   15 Reading GRIDOPTS in /home/AD.NORCERESEARCH.NO/mani/Documents/CSSR/MultiObjectiveWorkflow/include/runspec/drogon.gridopts line 9
   16 Reading FAULTDIM in DROGON.DATA line 69
   17 Reading WELLDIMS in DROGON.DATA line 77
   18 Reading WSEGDIMS in DROGON.DATA line 85
   19 Reading UNIFIN   in DROGON.DATA line 91
   20 Reading UNIFOUT  in DROGON.DATA line 92
   21 Reading NOINSPEC in DROGON.DATA line 95
   22 Reading NORSSPEC in DROGON.DATA line 98
   23 Reading MESSAGES in DROGON.DATA line 104
   24 Reading GRID     in DROGON.DATA line 109
   25 Reading NOECHO   in DROGON.DATA line 111
   26 Reading NEWTRAN  in DROGON.DATA line 113
   27 Reading GRIDFILE in DROGON.DATA line 115
   28 Reading INIT     in DROGON.DATA line 118
   29 Reading PINCH    in DROGON.DATA line 121
   30 Reading MINPV    in DROGON.DATA line 124
   31 Reading MAPAXES  in /home/AD.NORCERESEARCH.NO/mani/Documents/CSSR/MultiObjectiveWorkflow/include/grid/drogon.grid line 9
   32 Reading SPECGRID in /home/AD.NORCERESEARCH.NO/mani/Documents/CSSR/MultiObjectiveWorkflow/include/grid/drogon.grid line 13
   33 Reading COORD    in /home/AD.NORCERESEARCH.NO/mani/Documents/CSSR/MultiObjectiveWorkflow/include/grid/drogon.grid line 16
   34 Reading ZCORN    in /home/AD.NORCERESEARCH.NO/mani/Documents/CSSR/MultiObjectiveWorkflow/include/grid/drogon.grid line 5236
   35 Reading ACTNUM   in /home/AD.NORCERESEARCH.NO/mani/Documents/CSSR/MultiObjectiveWorkflow/include/grid/drogon.grid line 213435
   36 Reading FAULTS   in /home/AD.NORCERESEARCH.NO/mani/Documents/CSSR/MultiObjectiveWorkflow/include/grid/drogon.faults line 17
   37 Reading PORO     in /home/AD.NORCERESEARCH.NO/mani/Documents/CSSR/MultiObjectiveWorkflow/Drogon_12/drogon.poro line 1
   38 Reading PERMX    in /home/AD.NORCERESEARCH.NO/mani/Documents/CSSR/MultiObjectiveWorkflow/Drogon_12/drogon.permx line 1
   39 Reading PERMY    in /home/AD.NORCERESEARCH.NO/mani/Documents/CSSR/MultiObjectiveWorkflow/Drogon_12/drogon.permy line 1
   40 Reading PERMZ    in /home/AD.NORCERESEARCH.NO/mani/Documents/CSSR/MultiObjectiveWorkflow/Drogon_12/drogon.permz line 1
   41 Reading MULTNUM  in /home/AD.NORCERESEARCH.NO/mani/Documents/CSSR/MultiObjectiveWorkflow/include/grid/drogon.multnum line 17
   42 Reading MULTREGT in /home/AD.NORCERESEARCH.NO/mani/Documents/CSSR/MultiObjectiveWorkflow/include/grid/drogon.multregt line 8
   43 Reading EDIT     in DROGON.DATA line 155
   44 Reading MULTIPLY in /home/AD.NORCERESEARCH.NO/mani/Documents/CSSR/MultiObjectiveWorkflow/include/edit/drogon.trans line 17
   45 Reading EDITNNC  in /home/AD.NORCERESEARCH.NO/mani/Documents/CSSR/MultiObjectiveWorkflow/include/edit/drogon.trans line 381
   46 Reading PROPS    in DROGON.DATA line 163
   47 Reading FILLEPS  in DROGON.DATA line 166
   48 Reading SWOF     in /home/AD.NORCERESEARCH.NO/mani/Documents/CSSR/MultiObjectiveWorkflow/include/props/drogon.sattab line 8
   49 Reading SGOF     in /home/AD.NORCERESEARCH.NO/mani/Documents/CSSR/MultiObjectiveWorkflow/include/props/drogon.sattab line 618
   50 Reading ROCKOPTS in /home/AD.NORCERESEARCH.NO/mani/Documents/CSSR/MultiObjectiveWorkflow/include/props/drogon.pvt line 11
   51 Reading ROCK     in /home/AD.NORCERESEARCH.NO/mani/Documents/CSSR/MultiObjectiveWorkflow/include/props/drogon.pvt line 14
   52 Reading PVTW     in /home/AD.NORCERESEARCH.NO/mani/Documents/CSSR/MultiObjectiveWorkflow/include/props/drogon.pvt line 19
   53 Reading DENSITY  in /home/AD.NORCERESEARCH.NO/mani/Documents/CSSR/MultiObjectiveWorkflow/include/props/drogon.pvt line 23
   54 Reading PVTO     in /home/AD.NORCERESEARCH.NO/mani/Documents/CSSR/MultiObjectiveWorkflow/include/props/drogon.pvt line 28
   55 Reading PVTG     in /home/AD.NORCERESEARCH.NO/mani/Documents/CSSR/MultiObjectiveWorkflow/include/props/drogon.pvt line 385
   56 Reading TRACER   in DROGON.DATA line 178
   57 Reading EXTRAPMS in DROGON.DATA line 183
   58 Reading REGIONS  in DROGON.DATA line 187
   59 Reading EQLNUM   in /home/AD.NORCERESEARCH.NO/mani/Documents/CSSR/MultiObjectiveWorkflow/include/regions/drogon.eqlnum line 9
   60 Reading FIPNUM   in /home/AD.NORCERESEARCH.NO/mani/Documents/CSSR/MultiObjectiveWorkflow/include/regions/drogon.fipnum line 9
   61 Reading FIPZON   in /home/AD.NORCERESEARCH.NO/mani/Documents/CSSR/MultiObjectiveWorkflow/include/regions/drogon.fipzon line 17
   62 Reading PVTNUM   in /home/AD.NORCERESEARCH.NO/mani/Documents/CSSR/MultiObjectiveWorkflow/include/regions/drogon.pvtnum line 9
   63 Reading SOLUTION in DROGON.DATA line 207
   64 Reading EQUIL    in /home/AD.NORCERESEARCH.NO/mani/Documents/CSSR/MultiObjectiveWorkflow/include/solution/drogon.equil line 8
   65 Reading RSVD     in /home/AD.NORCERESEARCH.NO/mani/Documents/CSSR/MultiObjectiveWorkflow/include/solution/drogon.rxvd line 8
   66 Reading RVVD     in /home/AD.NORCERESEARCH.NO/mani/Documents/CSSR/MultiObjectiveWorkflow/include/solution/drogon.rxvd line 24
   67 Reading THPRES   in /home/AD.NORCERESEARCH.NO/mani/Documents/CSSR/MultiObjectiveWorkflow/include/solution/drogon.thpres line 9
   68 Reading TVDPFWT1 in DROGON.DATA line 219
   69 Reading TVDPFWT2 in DROGON.DATA line 224
   70 Reading RPTSOL   in DROGON.DATA line 228
   71 Reading RPTRST   in DROGON.DATA line 233
   72 Reading SUMMARY  in DROGON.DATA line 238
   73 Reading SUMTHIN  in DROGON.DATA line 243
   74 Reading FOPR     in /home/AD.NORCERESEARCH.NO/mani/Documents/CSSR/MultiObjectiveWorkflow/include/summary/drogon.summary line 14
   75 Reading FOPRH    in /home/AD.NORCERESEARCH.NO/mani/Documents/CSSR/MultiObjectiveWorkflow/include/summary/drogon.summary line 15
   76 Reading FGPR     in /home/AD.NORCERESEARCH.NO/mani/Documents/CSSR/MultiObjectiveWorkflow/include/summary/drogon.summary line 16
   77 Reading FGPRH    in /home/AD.NORCERESEARCH.NO/mani/Documents/CSSR/MultiObjectiveWorkflow/include/summary/drogon.summary line 17
   78 Reading FWPR     in /home/AD.NORCERESEARCH.NO/mani/Documents/CSSR/MultiObjectiveWorkflow/include/summary/drogon.summary line 18
   79 Reading FWPRH    in /home/AD.NORCERESEARCH.NO/mani/Documents/CSSR/MultiObjectiveWorkflow/include/summary/drogon.summary line 19
   80 Reading FLPR     in /home/AD.NORCERESEARCH.NO/mani/Documents/CSSR/MultiObjectiveWorkflow/include/summary/drogon.summary line 20
   81 Reading FLPRH    in /home/AD.NORCERESEARCH.NO/mani/Documents/CSSR/MultiObjectiveWorkflow/include/summary/drogon.summary line 21
   82 Reading FVPR     in /home/AD.NORCERESEARCH.NO/mani/Documents/CSSR/MultiObjectiveWorkflow/include/summary/drogon.summary line 22
   83 Reading FOPRF    in /home/AD.NORCERESEARCH.NO/mani/Documents/CSSR/MultiObjectiveWorkflow/include/summary/drogon.summary line 23
   84 Reading FOPRS    in /home/AD.NORCERESEARCH.NO/mani/Documents/CSSR/MultiObjectiveWorkflow/include/summary/drogon.summary line 24
   85 Reading FGSR     in /home/AD.NORCERESEARCH.NO/mani/Documents/CSSR/MultiObjectiveWorkflow/include/summary/drogon.summary line 25
   86 Reading FGPRF    in /home/AD.NORCERESEARCH.NO/mani/Documents/CSSR/MultiObjectiveWorkflow/include/summary/drogon.summary line 26
   87 Reading FGPRS    in /home/AD.NORCERESEARCH.NO/mani/Documents/CSSR/MultiObjectiveWorkflow/include/summary/drogon.summary line 27
   88 Reading FOPP     in /home/AD.NORCERESEARCH.NO/mani/Documents/CSSR/MultiObjectiveWorkflow/include/summary/drogon.summary line 31
   89 Reading FWPP     in /home/AD.NORCERESEARCH.NO/mani/Documents/CSSR/MultiObjectiveWorkflow/include/summary/drogon.summary line 32
   90 Reading FGPP     in /home/AD.NORCERESEARCH.NO/mani/Documents/CSSR/MultiObjectiveWorkflow/include/summary/drogon.summary line 33
   91 Reading FMWPR    in /home/AD.NORCERESEARCH.NO/mani/Documents/CSSR/MultiObjectiveWorkflow/include/summary/drogon.summary line 37
   92 Reading FMWIN    in /home/AD.NORCERESEARCH.NO/mani/Documents/CSSR/MultiObjectiveWorkflow/include/summary/drogon.summary line 38
   93 Reading FVIR     in /home/AD.NORCERESEARCH.NO/mani/Documents/CSSR/MultiObjectiveWorkflow/include/summary/drogon.summary line 40
   94 Reading FWIR     in /home/AD.NORCERESEARCH.NO/mani/Documents/CSSR/MultiObjectiveWorkflow/include/summary/drogon.summary line 41
   95 Reading FWIRH    in /home/AD.NORCERESEARCH.NO/mani/Documents/CSSR/MultiObjectiveWorkflow/include/summary/drogon.summary line 42
   96 Reading FGIR     in /home/AD.NORCERESEARCH.NO/mani/Documents/CSSR/MultiObjectiveWorkflow/include/summary/drogon.summary line 43
   97 Reading FGIRH    in /home/AD.NORCERESEARCH.NO/mani/Documents/CSSR/MultiObjectiveWorkflow/include/summary/drogon.summary line 44
   98 Reading FGLIR    in /home/AD.NORCERESEARCH.NO/mani/Documents/CSSR/MultiObjectiveWorkflow/include/summary/drogon.summary line 46
   99 Reading FMCTP    in /home/AD.NORCERESEARCH.NO/mani/Documents/CSSR/MultiObjectiveWorkflow/include/summary/drogon.summary line 50
  100 Reading FVPT     in /home/AD.NORCERESEARCH.NO/mani/Documents/CSSR/MultiObjectiveWorkflow/include/summary/drogon.summary line 55
  101 Reading FOPT     in /home/AD.NORCERESEARCH.NO/mani/Documents/CSSR/MultiObjectiveWorkflow/include/summary/drogon.summary line 56
  102 Reading FOPTH    in /home/AD.NORCERESEARCH.NO/mani/Documents/CSSR/MultiObjectiveWorkflow/include/summary/drogon.summary line 57
  103 Reading FWPT     in /home/AD.NORCERESEARCH.NO/mani/Documents/CSSR/MultiObjectiveWorkflow/include/summary/drogon.summary line 58
  104 Reading FWPTH    in /home/AD.NORCERESEARCH.NO/mani/Documents/CSSR/MultiObjectiveWorkflow/include/summary/drogon.summary line 59
  105 Reading FGPT     in /home/AD.NORCERESEARCH.NO/mani/Documents/CSSR/MultiObjectiveWorkflow/include/summary/drogon.summary line 60
  106 Reading FGPTH    in /home/AD.NORCERESEARCH.NO/mani/Documents/CSSR/MultiObjectiveWorkflow/include/summary/drogon.summary line 61
  107 Reading FWIT     in /home/AD.NORCERESEARCH.NO/mani/Documents/CSSR/MultiObjectiveWorkflow/include/summary/drogon.summary line 62
  108 Reading FWITH    in /home/AD.NORCERESEARCH.NO/mani/Documents/CSSR/MultiObjectiveWorkflow/include/summary/drogon.summary line 63
  109 Reading FGIT     in /home/AD.NORCERESEARCH.NO/mani/Documents/CSSR/MultiObjectiveWorkflow/include/summary/drogon.summary line 64
  110 Reading FGITH    in /home/AD.NORCERESEARCH.NO/mani/Documents/CSSR/MultiObjectiveWorkflow/include/summary/drogon.summary line 65
  111 Reading FOPTF    in /home/AD.NORCERESEARCH.NO/mani/Documents/CSSR/MultiObjectiveWorkflow/include/summary/drogon.summary line 66
  112 Reading FOPTS    in /home/AD.NORCERESEARCH.NO/mani/Documents/CSSR/MultiObjectiveWorkflow/include/summary/drogon.summary line 67
  113 Reading FWIP     in /home/AD.NORCERESEARCH.NO/mani/Documents/CSSR/MultiObjectiveWorkflow/include/summary/drogon.summary line 71
  114 Reading FOIP     in /home/AD.NORCERESEARCH.NO/mani/Documents/CSSR/MultiObjectiveWorkflow/include/summary/drogon.summary line 72
  115 Reading FGIP     in /home/AD.NORCERESEARCH.NO/mani/Documents/CSSR/MultiObjectiveWorkflow/include/summary/drogon.summary line 73
  116 Reading FWCT     in /home/AD.NORCERESEARCH.NO/mani/Documents/CSSR/MultiObjectiveWorkflow/include/summary/drogon.summary line 75
  117 Reading FWCTH    in /home/AD.NORCERESEARCH.NO/mani/Documents/CSSR/MultiObjectiveWorkflow/include/summary/drogon.summary line 76
  118 Reading FGOR     in /home/AD.NORCERESEARCH.NO/mani/Documents/CSSR/MultiObjectiveWorkflow/include/summary/drogon.summary line 77
  119 Reading FGORH    in /home/AD.NORCERESEARCH.NO/mani/Documents/CSSR/MultiObjectiveWorkflow/include/summary/drogon.summary line 78
  120 Reading FGLR     in /home/AD.NORCERESEARCH.NO/mani/Documents/CSSR/MultiObjectiveWorkflow/include/summary/drogon.summary line 79
  121 Reading FWGR     in /home/AD.NORCERESEARCH.NO/mani/Documents/CSSR/MultiObjectiveWorkflow/include/summary/drogon.summary line 80
  122 Reading FPR      in /home/AD.NORCERESEARCH.NO/mani/Documents/CSSR/MultiObjectiveWorkflow/include/summary/drogon.summary line 82
  123 Reading RPR      in /home/AD.NORCERESEARCH.NO/mani/Documents/CSSR/MultiObjectiveWorkflow/include/summary/drogon.summary line 84
  124 Reading ROIP     in /home/AD.NORCERESEARCH.NO/mani/Documents/CSSR/MultiObjectiveWorkflow/include/summary/drogon.summary line 86
  125 Reading ROE      in /home/AD.NORCERESEARCH.NO/mani/Documents/CSSR/MultiObjectiveWorkflow/include/summary/drogon.summary line 88
  126 Reading ROIPL    in /home/AD.NORCERESEARCH.NO/mani/Documents/CSSR/MultiObjectiveWorkflow/include/summary/drogon.summary line 90
  127 Reading ROIPG    in /home/AD.NORCERESEARCH.NO/mani/Documents/CSSR/MultiObjectiveWorkflow/include/summary/drogon.summary line 92
  128 Reading RGIP     in /home/AD.NORCERESEARCH.NO/mani/Documents/CSSR/MultiObjectiveWorkflow/include/summary/drogon.summary line 94
  129 Reading RGIPL    in /home/AD.NORCERESEARCH.NO/mani/Documents/CSSR/MultiObjectiveWorkflow/include/summary/drogon.summary line 96
  130 Reading RGIPG    in /home/AD.NORCERESEARCH.NO/mani/Documents/CSSR/MultiObjectiveWorkflow/include/summary/drogon.summary line 98
  131 Reading RGPR     in /home/AD.NORCERESEARCH.NO/mani/Documents/CSSR/MultiObjectiveWorkflow/include/summary/drogon.summary line 100
  132 Reading RGPT     in /home/AD.NORCERESEARCH.NO/mani/Documents/CSSR/MultiObjectiveWorkflow/include/summary/drogon.summary line 102
  133 Reading GMWPR    in /home/AD.NORCERESEARCH.NO/mani/Documents/CSSR/MultiObjectiveWorkflow/include/summary/drogon.summary line 110
  134 Reading GGLIR    in /home/AD.NORCERESEARCH.NO/mani/Documents/CSSR/MultiObjectiveWorkflow/include/summary/drogon.summary line 113
  135 Reading GOPR     in /home/AD.NORCERESEARCH.NO/mani/Documents/CSSR/MultiObjectiveWorkflow/include/summary/drogon.summary line 115
  136 Reading GOPRH    in /home/AD.NORCERESEARCH.NO/mani/Documents/CSSR/MultiObjectiveWorkflow/include/summary/drogon.summary line 117
  137 Reading GGPR     in /home/AD.NORCERESEARCH.NO/mani/Documents/CSSR/MultiObjectiveWorkflow/include/summary/drogon.summary line 119
  138 Reading GGPRH    in /home/AD.NORCERESEARCH.NO/mani/Documents/CSSR/MultiObjectiveWorkflow/include/summary/drogon.summary line 121
  139 Reading GWPR     in /home/AD.NORCERESEARCH.NO/mani/Documents/CSSR/MultiObjectiveWorkflow/include/summary/drogon.summary line 123
  140 Reading GWPRH    in /home/AD.NORCERESEARCH.NO/mani/Documents/CSSR/MultiObjectiveWorkflow/include/summary/drogon.summary line 125
  141 Reading GVPR     in /home/AD.NORCERESEARCH.NO/mani/Documents/CSSR/MultiObjectiveWorkflow/include/summary/drogon.summary line 127
  142 Reading GLPR     in /home/AD.NORCERESEARCH.NO/mani/Documents/CSSR/MultiObjectiveWorkflow/include/summary/drogon.summary line 129
  143 Reading GOPRF    in /home/AD.NORCERESEARCH.NO/mani/Documents/CSSR/MultiObjectiveWorkflow/include/summary/drogon.summary line 131
  144 Reading GOPRS    in /home/AD.NORCERESEARCH.NO/mani/Documents/CSSR/MultiObjectiveWorkflow/include/summary/drogon.summary line 133
  145 Reading GGPRF    in /home/AD.NORCERESEARCH.NO/mani/Documents/CSSR/MultiObjectiveWorkflow/include/summary/drogon.summary line 135
  146 Reading GGPRS    in /home/AD.NORCERESEARCH.NO/mani/Documents/CSSR/MultiObjectiveWorkflow/include/summary/drogon.summary line 137
  147 Reading GWCT     in /home/AD.NORCERESEARCH.NO/mani/Documents/CSSR/MultiObjectiveWorkflow/include/summary/drogon.summary line 139
  148 Reading GWCTH    in /home/AD.NORCERESEARCH.NO/mani/Documents/CSSR/MultiObjectiveWorkflow/include/summary/drogon.summary line 141
  149 Reading GGOR     in /home/AD.NORCERESEARCH.NO/mani/Documents/CSSR/MultiObjectiveWorkflow/include/summary/drogon.summary line 143
  150 Reading GGORH    in /home/AD.NORCERESEARCH.NO/mani/Documents/CSSR/MultiObjectiveWorkflow/include/summary/drogon.summary line 145
  151 Reading GWGR     in /home/AD.NORCERESEARCH.NO/mani/Documents/CSSR/MultiObjectiveWorkflow/include/summary/drogon.summary line 147
  152 Reading GGLR     in /home/AD.NORCERESEARCH.NO/mani/Documents/CSSR/MultiObjectiveWorkflow/include/summary/drogon.summary line 149
  153 Reading GOPT     in /home/AD.NORCERESEARCH.NO/mani/Documents/CSSR/MultiObjectiveWorkflow/include/summary/drogon.summary line 151
  154 Reading GOPTH    in /home/AD.NORCERESEARCH.NO/mani/Documents/CSSR/MultiObjectiveWorkflow/include/summary/drogon.summary line 153
  155 Reading GGPT     in /home/AD.NORCERESEARCH.NO/mani/Documents/CSSR/MultiObjectiveWorkflow/include/summary/drogon.summary line 155
  156 Reading GGPTH    in /home/AD.NORCERESEARCH.NO/mani/Documents/CSSR/MultiObjectiveWorkflow/include/summary/drogon.summary line 157
  157 Reading GWPT     in /home/AD.NORCERESEARCH.NO/mani/Documents/CSSR/MultiObjectiveWorkflow/include/summary/drogon.summary line 159
  158 Reading GWPTH    in /home/AD.NORCERESEARCH.NO/mani/Documents/CSSR/MultiObjectiveWorkflow/include/summary/drogon.summary line 161
  159 Reading GVPT     in /home/AD.NORCERESEARCH.NO/mani/Documents/CSSR/MultiObjectiveWorkflow/include/summary/drogon.summary line 163
  160 Reading GLPT     in /home/AD.NORCERESEARCH.NO/mani/Documents/CSSR/MultiObjectiveWorkflow/include/summary/drogon.summary line 165
  161 Reading GOPTF    in /home/AD.NORCERESEARCH.NO/mani/Documents/CSSR/MultiObjectiveWorkflow/include/summary/drogon.summary line 167
  162 Reading GOPTS    in /home/AD.NORCERESEARCH.NO/mani/Documents/CSSR/MultiObjectiveWorkflow/include/summary/drogon.summary line 169
  163 Reading GGPTF    in /home/AD.NORCERESEARCH.NO/mani/Documents/CSSR/MultiObjectiveWorkflow/include/summary/drogon.summary line 171
  164 Reading GGPTS    in /home/AD.NORCERESEARCH.NO/mani/Documents/CSSR/MultiObjectiveWorkflow/include/summary/drogon.summary line 173
  165 Reading GWIR     in /home/AD.NORCERESEARCH.NO/mani/Documents/CSSR/MultiObjectiveWorkflow/include/summary/drogon.summary line 175
  166 Reading GVIR     in /home/AD.NORCERESEARCH.NO/mani/Documents/CSSR/MultiObjectiveWorkflow/include/summary/drogon.summary line 177
  167 Reading GWIRH    in /home/AD.NORCERESEARCH.NO/mani/Documents/CSSR/MultiObjectiveWorkflow/include/summary/drogon.summary line 179
  168 Reading GGIR     in /home/AD.NORCERESEARCH.NO/mani/Documents/CSSR/MultiObjectiveWorkflow/include/summary/drogon.summary line 181
  169 Reading GGIRH    in /home/AD.NORCERESEARCH.NO/mani/Documents/CSSR/MultiObjectiveWorkflow/include/summary/drogon.summary line 183
  170 Reading GOPP     in /home/AD.NORCERESEARCH.NO/mani/Documents/CSSR/MultiObjectiveWorkflow/include/summary/drogon.summary line 186
  171 Reading GGPP     in /home/AD.NORCERESEARCH.NO/mani/Documents/CSSR/MultiObjectiveWorkflow/include/summary/drogon.summary line 188
  172 Reading GWPP     in /home/AD.NORCERESEARCH.NO/mani/Documents/CSSR/MultiObjectiveWorkflow/include/summary/drogon.summary line 190
  173 Reading GMCTP    in /home/AD.NORCERESEARCH.NO/mani/Documents/CSSR/MultiObjectiveWorkflow/include/summary/drogon.summary line 195
  174 Reading WOPR     in /home/AD.NORCERESEARCH.NO/mani/Documents/CSSR/MultiObjectiveWorkflow/include/summary/drogon.summary line 199
  175 Reading WOPRH    in /home/AD.NORCERESEARCH.NO/mani/Documents/CSSR/MultiObjectiveWorkflow/include/summary/drogon.summary line 201
  176 Reading WGPR     in /home/AD.NORCERESEARCH.NO/mani/Documents/CSSR/MultiObjectiveWorkflow/include/summary/drogon.summary line 203
  177 Reading WGPRH    in /home/AD.NORCERESEARCH.NO/mani/Documents/CSSR/MultiObjectiveWorkflow/include/summary/drogon.summary line 205
  178 Reading WWPR     in /home/AD.NORCERESEARCH.NO/mani/Documents/CSSR/MultiObjectiveWorkflow/include/summary/drogon.summary line 207
  179 Reading WWPRH    in /home/AD.NORCERESEARCH.NO/mani/Documents/CSSR/MultiObjectiveWorkflow/include/summary/drogon.summary line 209
  180 Reading WLPR     in /home/AD.NORCERESEARCH.NO/mani/Documents/CSSR/MultiObjectiveWorkflow/include/summary/drogon.summary line 211
  181 Reading WLPRH    in /home/AD.NORCERESEARCH.NO/mani/Documents/CSSR/MultiObjectiveWorkflow/include/summary/drogon.summary line 213
  182 Reading WOPT     in /home/AD.NORCERESEARCH.NO/mani/Documents/CSSR/MultiObjectiveWorkflow/include/summary/drogon.summary line 216
  183 Reading WWPT     in /home/AD.NORCERESEARCH.NO/mani/Documents/CSSR/MultiObjectiveWorkflow/include/summary/drogon.summary line 218
  184 Reading WGPT     in /home/AD.NORCERESEARCH.NO/mani/Documents/CSSR/MultiObjectiveWorkflow/include/summary/drogon.summary line 220
  185 Reading WOPTH    in /home/AD.NORCERESEARCH.NO/mani/Documents/CSSR/MultiObjectiveWorkflow/include/summary/drogon.summary line 222
  186 Reading WWPTH    in /home/AD.NORCERESEARCH.NO/mani/Documents/CSSR/MultiObjectiveWorkflow/include/summary/drogon.summary line 224
  187 Reading WGPTH    in /home/AD.NORCERESEARCH.NO/mani/Documents/CSSR/MultiObjectiveWorkflow/include/summary/drogon.summary line 226
  188 Reading WWCT     in /home/AD.NORCERESEARCH.NO/mani/Documents/CSSR/MultiObjectiveWorkflow/include/summary/drogon.summary line 229
  189 Reading WWCTH    in /home/AD.NORCERESEARCH.NO/mani/Documents/CSSR/MultiObjectiveWorkflow/include/summary/drogon.summary line 231
  190 Reading WGOR     in /home/AD.NORCERESEARCH.NO/mani/Documents/CSSR/MultiObjectiveWorkflow/include/summary/drogon.summary line 233
  191 Reading WGORH    in /home/AD.NORCERESEARCH.NO/mani/Documents/CSSR/MultiObjectiveWorkflow/include/summary/drogon.summary line 235
  192 Reading WWIR     in /home/AD.NORCERESEARCH.NO/mani/Documents/CSSR/MultiObjectiveWorkflow/include/summary/drogon.summary line 237
  193 Reading WWIRH    in /home/AD.NORCERESEARCH.NO/mani/Documents/CSSR/MultiObjectiveWorkflow/include/summary/drogon.summary line 239
  194 Reading WGIR     in /home/AD.NORCERESEARCH.NO/mani/Documents/CSSR/MultiObjectiveWorkflow/include/summary/drogon.summary line 241
  195 Reading WGIRH    in /home/AD.NORCERESEARCH.NO/mani/Documents/CSSR/MultiObjectiveWorkflow/include/summary/drogon.summary line 243
  196 Reading WWIT     in /home/AD.NORCERESEARCH.NO/mani/Documents/CSSR/MultiObjectiveWorkflow/include/summary/drogon.summary line 245
  197 Reading WWITH    in /home/AD.NORCERESEARCH.NO/mani/Documents/CSSR/MultiObjectiveWorkflow/include/summary/drogon.summary line 247
  198 Reading WGIT     in /home/AD.NORCERESEARCH.NO/mani/Documents/CSSR/MultiObjectiveWorkflow/include/summary/drogon.summary line 249
  199 Reading WGITH    in /home/AD.NORCERESEARCH.NO/mani/Documents/CSSR/MultiObjectiveWorkflow/include/summary/drogon.summary line 251
  200 Reading WBHP     in /home/AD.NORCERESEARCH.NO/mani/Documents/CSSR/MultiObjectiveWorkflow/include/summary/drogon.summary line 254
  201 Reading WTHP     in /home/AD.NORCERESEARCH.NO/mani/Documents/CSSR/MultiObjectiveWorkflow/include/summary/drogon.summary line 256
  202 Reading WPI      in /home/AD.NORCERESEARCH.NO/mani/Documents/CSSR/MultiObjectiveWorkflow/include/summary/drogon.summary line 258
  203 Reading WVPR     in /home/AD.NORCERESEARCH.NO/mani/Documents/CSSR/MultiObjectiveWorkflow/include/summary/drogon.summary line 260
  204 Reading WBP      in /home/AD.NORCERESEARCH.NO/mani/Documents/CSSR/MultiObjectiveWorkflow/include/summary/drogon.summary line 262
  205 Reading WBP4     in /home/AD.NORCERESEARCH.NO/mani/Documents/CSSR/MultiObjectiveWorkflow/include/summary/drogon.summary line 264
  206 Reading WBP9     in /home/AD.NORCERESEARCH.NO/mani/Documents/CSSR/MultiObjectiveWorkflow/include/summary/drogon.summary line 266
  207 Reading WMCTL    in /home/AD.NORCERESEARCH.NO/mani/Documents/CSSR/MultiObjectiveWorkflow/include/summary/drogon.summary line 268
  208 Reading WGLIR    in /home/AD.NORCERESEARCH.NO/mani/Documents/CSSR/MultiObjectiveWorkflow/include/summary/drogon.summary line 271
  209 Reading WOGLR    in /home/AD.NORCERESEARCH.NO/mani/Documents/CSSR/MultiObjectiveWorkflow/include/summary/drogon.summary line 276
  210 Reading WTPRWT1  in /home/AD.NORCERESEARCH.NO/mani/Documents/CSSR/MultiObjectiveWorkflow/include/summary/drogon.summary line 282
  211 Reading WTPRWT2  in /home/AD.NORCERESEARCH.NO/mani/Documents/CSSR/MultiObjectiveWorkflow/include/summary/drogon.summary line 284
  212 Reading WTPTWT1  in /home/AD.NORCERESEARCH.NO/mani/Documents/CSSR/MultiObjectiveWorkflow/include/summary/drogon.summary line 287
  213 Reading WTPTWT2  in /home/AD.NORCERESEARCH.NO/mani/Documents/CSSR/MultiObjectiveWorkflow/include/summary/drogon.summary line 289
  214 Reading WTPCWT1  in /home/AD.NORCERESEARCH.NO/mani/Documents/CSSR/MultiObjectiveWorkflow/include/summary/drogon.summary line 292
  215 Reading WTPCWT2  in /home/AD.NORCERESEARCH.NO/mani/Documents/CSSR/MultiObjectiveWorkflow/include/summary/drogon.summary line 294
  216 Reading WTIRWT1  in /home/AD.NORCERESEARCH.NO/mani/Documents/CSSR/MultiObjectiveWorkflow/include/summary/drogon.summary line 297
  217 Reading WTIRWT2  in /home/AD.NORCERESEARCH.NO/mani/Documents/CSSR/MultiObjectiveWorkflow/include/summary/drogon.summary line 299
  218 Reading WTITWT1  in /home/AD.NORCERESEARCH.NO/mani/Documents/CSSR/MultiObjectiveWorkflow/include/summary/drogon.summary line 302
  219 Reading WTITWT2  in /home/AD.NORCERESEARCH.NO/mani/Documents/CSSR/MultiObjectiveWorkflow/include/summary/drogon.summary line 304
  220 Reading WTICWT1  in /home/AD.NORCERESEARCH.NO/mani/Documents/CSSR/MultiObjectiveWorkflow/include/summary/drogon.summary line 307
  221 Reading WTICWT2  in /home/AD.NORCERESEARCH.NO/mani/Documents/CSSR/MultiObjectiveWorkflow/include/summary/drogon.summary line 309
  222 Reading TCPU     in /home/AD.NORCERESEARCH.NO/mani/Documents/CSSR/MultiObjectiveWorkflow/include/summary/drogon.summary line 321
  223 Reading TCPUDAY  in /home/AD.NORCERESEARCH.NO/mani/Documents/CSSR/MultiObjectiveWorkflow/include/summary/drogon.summary line 322
  224 Reading SCHEDULE in DROGON.DATA line 251
  225 Reading WELSPECS in /home/AD.NORCERESEARCH.NO/mani/Documents/CSSR/MultiObjectiveWorkflow/include/schedule/drogon_hist.sch line 16
  226 Reading COMPORD  in /home/AD.NORCERESEARCH.NO/mani/Documents/CSSR/MultiObjectiveWorkflow/include/schedule/drogon_hist.sch line 25
  227 Reading GRUPTREE in /home/AD.NORCERESEARCH.NO/mani/Documents/CSSR/MultiObjectiveWorkflow/include/schedule/drogon_hist.sch line 33
  228 Reading COMPDAT  in /home/AD.NORCERESEARCH.NO/mani/Documents/CSSR/MultiObjectiveWorkflow/include/schedule/drogon_hist.sch line 39
  229 Reading WCONHIST in /home/AD.NORCERESEARCH.NO/mani/Documents/CSSR/MultiObjectiveWorkflow/include/schedule/drogon_hist.sch line 163
  230 Reading WRFTPLT  in /home/AD.NORCERESEARCH.NO/mani/Documents/CSSR/MultiObjectiveWorkflow/include/schedule/drogon_hist.sch line 172
  231 Reading TUNING   in /home/AD.NORCERESEARCH.NO/mani/Documents/CSSR/MultiObjectiveWorkflow/include/schedule/drogon_hist.sch line 181
  232 Reading RPTRST   in /home/AD.NORCERESEARCH.NO/mani/Documents/CSSR/MultiObjectiveWorkflow/include/schedule/drogon_hist.sch line 189
  233 Reading DATES    in /home/AD.NORCERESEARCH.NO/mani/Documents/CSSR/MultiObjectiveWorkflow/include/schedule/drogon_hist.sch line 192
  234 Reading WELSPECS in /home/AD.NORCERESEARCH.NO/mani/Documents/CSSR/MultiObjectiveWorkflow/include/schedule/drogon_hist.sch line 196
  235 Reading COMPORD  in /home/AD.NORCERESEARCH.NO/mani/Documents/CSSR/MultiObjectiveWorkflow/include/schedule/drogon_hist.sch line 201
  236 Reading COMPDAT  in /home/AD.NORCERESEARCH.NO/mani/Documents/CSSR/MultiObjectiveWorkflow/include/schedule/drogon_hist.sch line 205
  237 Reading WCONHIST in /home/AD.NORCERESEARCH.NO/mani/Documents/CSSR/MultiObjectiveWorkflow/include/schedule/drogon_hist.sch line 232
  238 Reading WELTARG  in /home/AD.NORCERESEARCH.NO/mani/Documents/CSSR/MultiObjectiveWorkflow/include/schedule/drogon_hist.sch line 237
  239 Reading DATES    in /home/AD.NORCERESEARCH.NO/mani/Documents/CSSR/MultiObjectiveWorkflow/include/schedule/drogon_hist.sch line 241
  240 Reading WCONHIST in /home/AD.NORCERESEARCH.NO/mani/Documents/CSSR/MultiObjectiveWorkflow/include/schedule/drogon_hist.sch line 245
  241 Reading DATES    in /home/AD.NORCERESEARCH.NO/mani/Documents/CSSR/MultiObjectiveWorkflow/include/schedule/drogon_hist.sch line 250
  242 Reading WCONHIST in /home/AD.NORCERESEARCH.NO/mani/Documents/CSSR/MultiObjectiveWorkflow/include/schedule/drogon_hist.sch line 254
  243 Reading WRFTPLT  in /home/AD.NORCERESEARCH.NO/mani/Documents/CSSR/MultiObjectiveWorkflow/include/schedule/drogon_hist.sch line 259
  244 Reading DATES    in /home/AD.NORCERESEARCH.NO/mani/Documents/CSSR/MultiObjectiveWorkflow/include/schedule/drogon_hist.sch line 264
  245 Reading WELSPECS in /home/AD.NORCERESEARCH.NO/mani/Documents/CSSR/MultiObjectiveWorkflow/include/schedule/drogon_hist.sch line 268
  246 Reading COMPORD  in /home/AD.NORCERESEARCH.NO/mani/Documents/CSSR/MultiObjectiveWorkflow/include/schedule/drogon_hist.sch line 273
  247 Reading COMPDAT  in /home/AD.NORCERESEARCH.NO/mani/Documents/CSSR/MultiObjectiveWorkflow/include/schedule/drogon_hist.sch line 277
  248 Reading WCONHIST in /home/AD.NORCERESEARCH.NO/mani/Documents/CSSR/MultiObjectiveWorkflow/include/schedule/drogon_hist.sch line 291
  249 Reading WELTARG  in /home/AD.NORCERESEARCH.NO/mani/Documents/CSSR/MultiObjectiveWorkflow/include/schedule/drogon_hist.sch line 297
  250 Reading DATES    in /home/AD.NORCERESEARCH.NO/mani/Documents/CSSR/MultiObjectiveWorkflow/include/schedule/drogon_hist.sch line 301
  251 Reading WCONHIST in /home/AD.NORCERESEARCH.NO/mani/Documents/CSSR/MultiObjectiveWorkflow/include/schedule/drogon_hist.sch line 305
  252 Reading DATES    in /home/AD.NORCERESEARCH.NO/mani/Documents/CSSR/MultiObjectiveWorkflow/include/schedule/drogon_hist.sch line 311
  253 Reading WCONHIST in /home/AD.NORCERESEARCH.NO/mani/Documents/CSSR/MultiObjectiveWorkflow/include/schedule/drogon_hist.sch line 315
  254 Reading DATES    in /home/AD.NORCERESEARCH.NO/mani/Documents/CSSR/MultiObjectiveWorkflow/include/schedule/drogon_hist.sch line 321
  255 Reading WCONHIST in /home/AD.NORCERESEARCH.NO/mani/Documents/CSSR/MultiObjectiveWorkflow/include/schedule/drogon_hist.sch line 325
  256 Reading WRFTPLT  in /home/AD.NORCERESEARCH.NO/mani/Documents/CSSR/MultiObjectiveWorkflow/include/schedule/drogon_hist.sch line 331
  257 Reading DATES    in /home/AD.NORCERESEARCH.NO/mani/Documents/CSSR/MultiObjectiveWorkflow/include/schedule/drogon_hist.sch line 336
  258 Reading WCONHIST in /home/AD.NORCERESEARCH.NO/mani/Documents/CSSR/MultiObjectiveWorkflow/include/schedule/drogon_hist.sch line 340
  259 Reading DATES    in /home/AD.NORCERESEARCH.NO/mani/Documents/CSSR/MultiObjectiveWorkflow/include/schedule/drogon_hist.sch line 346
  260 Reading WELSPECS in /home/AD.NORCERESEARCH.NO/mani/Documents/CSSR/MultiObjectiveWorkflow/include/schedule/drogon_hist.sch line 350
  261 Reading COMPORD  in /home/AD.NORCERESEARCH.NO/mani/Documents/CSSR/MultiObjectiveWorkflow/include/schedule/drogon_hist.sch line 355
  262 Reading COMPDAT  in /home/AD.NORCERESEARCH.NO/mani/Documents/CSSR/MultiObjectiveWorkflow/include/schedule/drogon_hist.sch line 359
  263 Reading WCONHIST in /home/AD.NORCERESEARCH.NO/mani/Documents/CSSR/MultiObjectiveWorkflow/include/schedule/drogon_hist.sch line 389
  264 Reading WCONINJH in /home/AD.NORCERESEARCH.NO/mani/Documents/CSSR/MultiObjectiveWorkflow/include/schedule/drogon_hist.sch line 395
  265 Reading DATES    in /home/AD.NORCERESEARCH.NO/mani/Documents/CSSR/MultiObjectiveWorkflow/include/schedule/drogon_hist.sch line 400
  266 Reading WCONHIST in /home/AD.NORCERESEARCH.NO/mani/Documents/CSSR/MultiObjectiveWorkflow/include/schedule/drogon_hist.sch line 404
  267 Reading DATES    in /home/AD.NORCERESEARCH.NO/mani/Documents/CSSR/MultiObjectiveWorkflow/include/schedule/drogon_hist.sch line 410
  268 Reading WCONHIST in /home/AD.NORCERESEARCH.NO/mani/Documents/CSSR/MultiObjectiveWorkflow/include/schedule/drogon_hist.sch line 414
  269 Reading DATES    in /home/AD.NORCERESEARCH.NO/mani/Documents/CSSR/MultiObjectiveWorkflow/include/schedule/drogon_hist.sch line 420
  270 Reading WTRACER  in /home/AD.NORCERESEARCH.NO/mani/Documents/CSSR/MultiObjectiveWorkflow/include/schedule/drogon_hist.sch line 425
  271 Reading WCONHIST in /home/AD.NORCERESEARCH.NO/mani/Documents/CSSR/MultiObjectiveWorkflow/include/schedule/drogon_hist.sch line 430
  272 Reading DATES    in /home/AD.NORCERESEARCH.NO/mani/Documents/CSSR/MultiObjectiveWorkflow/include/schedule/drogon_hist.sch line 436
  273 Reading WTRACER  in /home/AD.NORCERESEARCH.NO/mani/Documents/CSSR/MultiObjectiveWorkflow/include/schedule/drogon_hist.sch line 440
  274 Reading WCONHIST in /home/AD.NORCERESEARCH.NO/mani/Documents/CSSR/MultiObjectiveWorkflow/include/schedule/drogon_hist.sch line 445
  275 Reading DATES    in /home/AD.NORCERESEARCH.NO/mani/Documents/CSSR/MultiObjectiveWorkflow/include/schedule/drogon_hist.sch line 451
  276 Reading WCONHIST in /home/AD.NORCERESEARCH.NO/mani/Documents/CSSR/MultiObjectiveWorkflow/include/schedule/drogon_hist.sch line 455
  277 Reading DATES    in /home/AD.NORCERESEARCH.NO/mani/Documents/CSSR/MultiObjectiveWorkflow/include/schedule/drogon_hist.sch line 461
  278 Reading WCONHIST in /home/AD.NORCERESEARCH.NO/mani/Documents/CSSR/MultiObjectiveWorkflow/include/schedule/drogon_hist.sch line 465
  279 Reading RPTSCHED in /home/AD.NORCERESEARCH.NO/mani/Documents/CSSR/MultiObjectiveWorkflow/include/schedule/drogon_hist.sch line 471
  280 Reading RPTRST   in /home/AD.NORCERESEARCH.NO/mani/Documents/CSSR/MultiObjectiveWorkflow/include/schedule/drogon_hist.sch line 474
  281 Reading DATES    in /home/AD.NORCERESEARCH.NO/mani/Documents/CSSR/MultiObjectiveWorkflow/include/schedule/drogon_hist.sch line 477
  282 Reading WCONHIST in /home/AD.NORCERESEARCH.NO/mani/Documents/CSSR/MultiObjectiveWorkflow/include/schedule/drogon_hist.sch line 481
  283 Reading RPTSCHED in /home/AD.NORCERESEARCH.NO/mani/Documents/CSSR/MultiObjectiveWorkflow/include/schedule/drogon_hist.sch line 487
  284 Reading RPTRST   in /home/AD.NORCERESEARCH.NO/mani/Documents/CSSR/MultiObjectiveWorkflow/include/schedule/drogon_hist.sch line 490
  285 Reading DATES    in /home/AD.NORCERESEARCH.NO/mani/Documents/CSSR/MultiObjectiveWorkflow/include/schedule/drogon_hist.sch line 493
  286 Reading WCONHIST in /home/AD.NORCERESEARCH.NO/mani/Documents/CSSR/MultiObjectiveWorkflow/include/schedule/drogon_hist.sch line 497
  287 Reading WRFTPLT  in /home/AD.NORCERESEARCH.NO/mani/Documents/CSSR/MultiObjectiveWorkflow/include/schedule/drogon_hist.sch line 503
  288 Reading DATES    in /home/AD.NORCERESEARCH.NO/mani/Documents/CSSR/MultiObjectiveWorkflow/include/schedule/drogon_hist.sch line 508
  289 Reading WELSPECS in /home/AD.NORCERESEARCH.NO/mani/Documents/CSSR/MultiObjectiveWorkflow/include/schedule/drogon_hist.sch line 512
  290 Reading COMPORD  in /home/AD.NORCERESEARCH.NO/mani/Documents/CSSR/MultiObjectiveWorkflow/include/schedule/drogon_hist.sch line 517
  291 Reading COMPDAT  in /home/AD.NORCERESEARCH.NO/mani/Documents/CSSR/MultiObjectiveWorkflow/include/schedule/drogon_hist.sch line 521
  292 Reading WCONHIST in /home/AD.NORCERESEARCH.NO/mani/Documents/CSSR/MultiObjectiveWorkflow/include/schedule/drogon_hist.sch line 549
  293 Reading WELTARG  in /home/AD.NORCERESEARCH.NO/mani/Documents/CSSR/MultiObjectiveWorkflow/include/schedule/drogon_hist.sch line 556
  294 Reading DATES    in /home/AD.NORCERESEARCH.NO/mani/Documents/CSSR/MultiObjectiveWorkflow/include/schedule/drogon_hist.sch line 560
  295 Reading WCONHIST in /home/AD.NORCERESEARCH.NO/mani/Documents/CSSR/MultiObjectiveWorkflow/include/schedule/drogon_hist.sch line 564
  296 Reading DATES    in /home/AD.NORCERESEARCH.NO/mani/Documents/CSSR/MultiObjectiveWorkflow/include/schedule/drogon_hist.sch line 571
  297 Reading WCONHIST in /home/AD.NORCERESEARCH.NO/mani/Documents/CSSR/MultiObjectiveWorkflow/include/schedule/drogon_hist.sch line 575
  298 Reading DATES    in /home/AD.NORCERESEARCH.NO/mani/Documents/CSSR/MultiObjectiveWorkflow/include/schedule/drogon_hist.sch line 582
  299 Reading WCONHIST in /home/AD.NORCERESEARCH.NO/mani/Documents/CSSR/MultiObjectiveWorkflow/include/schedule/drogon_hist.sch line 586
  300 Reading DATES    in /home/AD.NORCERESEARCH.NO/mani/Documents/CSSR/MultiObjectiveWorkflow/include/schedule/drogon_hist.sch line 593
  301 Reading WCONHIST in /home/AD.NORCERESEARCH.NO/mani/Documents/CSSR/MultiObjectiveWorkflow/include/schedule/drogon_hist.sch line 597
  302 Reading WRFTPLT  in /home/AD.NORCERESEARCH.NO/mani/Documents/CSSR/MultiObjectiveWorkflow/include/schedule/drogon_hist.sch line 604
  303 Reading DATES    in /home/AD.NORCERESEARCH.NO/mani/Documents/CSSR/MultiObjectiveWorkflow/include/schedule/drogon_hist.sch line 609
  304 Reading WCONHIST in /home/AD.NORCERESEARCH.NO/mani/Documents/CSSR/MultiObjectiveWorkflow/include/schedule/drogon_hist.sch line 613
  305 Reading DATES    in /home/AD.NORCERESEARCH.NO/mani/Documents/CSSR/MultiObjectiveWorkflow/include/schedule/drogon_hist.sch line 620
  306 Reading WELSPECS in /home/AD.NORCERESEARCH.NO/mani/Documents/CSSR/MultiObjectiveWorkflow/include/schedule/drogon_hist.sch line 624
  307 Reading COMPORD  in /home/AD.NORCERESEARCH.NO/mani/Documents/CSSR/MultiObjectiveWorkflow/include/schedule/drogon_hist.sch line 629
  308 Reading COMPDAT  in /home/AD.NORCERESEARCH.NO/mani/Documents/CSSR/MultiObjectiveWorkflow/include/schedule/drogon_hist.sch line 633
  309 Reading WELSEGS  in /home/AD.NORCERESEARCH.NO/mani/Documents/CSSR/MultiObjectiveWorkflow/include/schedule/drogon_hist.sch line 659
  310 Reading WSEGVALV in /home/AD.NORCERESEARCH.NO/mani/Documents/CSSR/MultiObjectiveWorkflow/include/schedule/drogon_hist.sch line 704
  311 Reading COMPSEGS in /home/AD.NORCERESEARCH.NO/mani/Documents/CSSR/MultiObjectiveWorkflow/include/schedule/drogon_hist.sch line 728
  312 Reading WCONHIST in /home/AD.NORCERESEARCH.NO/mani/Documents/CSSR/MultiObjectiveWorkflow/include/schedule/drogon_hist.sch line 753
  313 Reading WELTARG  in /home/AD.NORCERESEARCH.NO/mani/Documents/CSSR/MultiObjectiveWorkflow/include/schedule/drogon_hist.sch line 761
  314 Reading DATES    in /home/AD.NORCERESEARCH.NO/mani/Documents/CSSR/MultiObjectiveWorkflow/include/schedule/drogon_hist.sch line 765
  315 Reading WCONHIST in /home/AD.NORCERESEARCH.NO/mani/Documents/CSSR/MultiObjectiveWorkflow/include/schedule/drogon_hist.sch line 769
  316 Reading DATES    in /home/AD.NORCERESEARCH.NO/mani/Documents/CSSR/MultiObjectiveWorkflow/include/schedule/drogon_hist.sch line 777
  317 Reading WCONHIST in /home/AD.NORCERESEARCH.NO/mani/Documents/CSSR/MultiObjectiveWorkflow/include/schedule/drogon_hist.sch line 781
  318 Reading DATES    in /home/AD.NORCERESEARCH.NO/mani/Documents/CSSR/MultiObjectiveWorkflow/include/schedule/drogon_hist.sch line 789
  319 Reading WCONHIST in /home/AD.NORCERESEARCH.NO/mani/Documents/CSSR/MultiObjectiveWorkflow/include/schedule/drogon_hist.sch line 793
  320 Reading DATES    in /home/AD.NORCERESEARCH.NO/mani/Documents/CSSR/MultiObjectiveWorkflow/include/schedule/drogon_hist.sch line 801
  321 Reading WCONHIST in /home/AD.NORCERESEARCH.NO/mani/Documents/CSSR/MultiObjectiveWorkflow/include/schedule/drogon_hist.sch line 805
  322 Reading WRFTPLT  in /home/AD.NORCERESEARCH.NO/mani/Documents/CSSR/MultiObjectiveWorkflow/include/schedule/drogon_hist.sch line 813
  323 Reading DATES    in /home/AD.NORCERESEARCH.NO/mani/Documents/CSSR/MultiObjectiveWorkflow/include/schedule/drogon_hist.sch line 818
  324 Reading WELSPECS in /home/AD.NORCERESEARCH.NO/mani/Documents/CSSR/MultiObjectiveWorkflow/include/schedule/drogon_hist.sch line 822
  325 Reading COMPORD  in /home/AD.NORCERESEARCH.NO/mani/Documents/CSSR/MultiObjectiveWorkflow/include/schedule/drogon_hist.sch line 827
  326 Reading COMPDAT  in /home/AD.NORCERESEARCH.NO/mani/Documents/CSSR/MultiObjectiveWorkflow/include/schedule/drogon_hist.sch line 831
  327 Reading WCONHIST in /home/AD.NORCERESEARCH.NO/mani/Documents/CSSR/MultiObjectiveWorkflow/include/schedule/drogon_hist.sch line 860
  328 Reading WCONINJH in /home/AD.NORCERESEARCH.NO/mani/Documents/CSSR/MultiObjectiveWorkflow/include/schedule/drogon_hist.sch line 868
  329 Reading DATES    in /home/AD.NORCERESEARCH.NO/mani/Documents/CSSR/MultiObjectiveWorkflow/include/schedule/drogon_hist.sch line 873
  330 Reading WCONHIST in /home/AD.NORCERESEARCH.NO/mani/Documents/CSSR/MultiObjectiveWorkflow/include/schedule/drogon_hist.sch line 877
  331 Reading DATES    in /home/AD.NORCERESEARCH.NO/mani/Documents/CSSR/MultiObjectiveWorkflow/include/schedule/drogon_hist.sch line 885
  332 Reading WCONHIST in /home/AD.NORCERESEARCH.NO/mani/Documents/CSSR/MultiObjectiveWorkflow/include/schedule/drogon_hist.sch line 889
  333 Reading DATES    in /home/AD.NORCERESEARCH.NO/mani/Documents/CSSR/MultiObjectiveWorkflow/include/schedule/drogon_hist.sch line 897
  334 Reading WCONHIST in /home/AD.NORCERESEARCH.NO/mani/Documents/CSSR/MultiObjectiveWorkflow/include/schedule/drogon_hist.sch line 901
  335 Reading DATES    in /home/AD.NORCERESEARCH.NO/mani/Documents/CSSR/MultiObjectiveWorkflow/include/schedule/drogon_hist.sch line 909
  336 Reading WTRACER  in /home/AD.NORCERESEARCH.NO/mani/Documents/CSSR/MultiObjectiveWorkflow/include/schedule/drogon_hist.sch line 914
  337 Reading WCONHIST in /home/AD.NORCERESEARCH.NO/mani/Documents/CSSR/MultiObjectiveWorkflow/include/schedule/drogon_hist.sch line 919
  338 Reading DATES    in /home/AD.NORCERESEARCH.NO/mani/Documents/CSSR/MultiObjectiveWorkflow/include/schedule/drogon_hist.sch line 927
  339 Reading WTRACER  in /home/AD.NORCERESEARCH.NO/mani/Documents/CSSR/MultiObjectiveWorkflow/include/schedule/drogon_hist.sch line 931
  340 Reading WCONHIST in /home/AD.NORCERESEARCH.NO/mani/Documents/CSSR/MultiObjectiveWorkflow/include/schedule/drogon_hist.sch line 936
  341 Reading DATES    in /home/AD.NORCERESEARCH.NO/mani/Documents/CSSR/MultiObjectiveWorkflow/include/schedule/drogon_hist.sch line 944
  342 Reading WCONHIST in /home/AD.NORCERESEARCH.NO/mani/Documents/CSSR/MultiObjectiveWorkflow/include/schedule/drogon_hist.sch line 948
  343 Reading DATES    in /home/AD.NORCERESEARCH.NO/mani/Documents/CSSR/MultiObjectiveWorkflow/include/schedule/drogon_hist.sch line 956
  344 Reading WCONHIST in /home/AD.NORCERESEARCH.NO/mani/Documents/CSSR/MultiObjectiveWorkflow/include/schedule/drogon_hist.sch line 960
  345 Reading DATES    in /home/AD.NORCERESEARCH.NO/mani/Documents/CSSR/MultiObjectiveWorkflow/include/schedule/drogon_hist.sch line 968
  346 Reading WCONHIST in /home/AD.NORCERESEARCH.NO/mani/Documents/CSSR/MultiObjectiveWorkflow/include/schedule/drogon_hist.sch line 972
  347 Reading DATES    in /home/AD.NORCERESEARCH.NO/mani/Documents/CSSR/MultiObjectiveWorkflow/include/schedule/drogon_hist.sch line 980
  348 Reading WCONHIST in /home/AD.NORCERESEARCH.NO/mani/Documents/CSSR/MultiObjectiveWorkflow/include/schedule/drogon_hist.sch line 984
  349 Reading DATES    in /home/AD.NORCERESEARCH.NO/mani/Documents/CSSR/MultiObjectiveWorkflow/include/schedule/drogon_hist.sch line 992
  350 Reading WCONHIST in /home/AD.NORCERESEARCH.NO/mani/Documents/CSSR/MultiObjectiveWorkflow/include/schedule/drogon_hist.sch line 996
  351 Reading DATES    in /home/AD.NORCERESEARCH.NO/mani/Documents/CSSR/MultiObjectiveWorkflow/include/schedule/drogon_hist.sch line 1004
  352 Reading WCONHIST in /home/AD.NORCERESEARCH.NO/mani/Documents/CSSR/MultiObjectiveWorkflow/include/schedule/drogon_hist.sch line 1008
  353 Reading DATES    in /home/AD.NORCERESEARCH.NO/mani/Documents/CSSR/MultiObjectiveWorkflow/include/schedule/drogon_hist.sch line 1016
  354 Reading WCONHIST in /home/AD.NORCERESEARCH.NO/mani/Documents/CSSR/MultiObjectiveWorkflow/include/schedule/drogon_hist.sch line 1020
  355 Reading DATES    in /home/AD.NORCERESEARCH.NO/mani/Documents/CSSR/MultiObjectiveWorkflow/include/schedule/drogon_hist.sch line 1028
  356 Reading WCONHIST in /home/AD.NORCERESEARCH.NO/mani/Documents/CSSR/MultiObjectiveWorkflow/include/schedule/drogon_hist.sch line 1032
  357 Reading DATES    in /home/AD.NORCERESEARCH.NO/mani/Documents/CSSR/MultiObjectiveWorkflow/include/schedule/drogon_hist.sch line 1040
  358 Reading WCONHIST in /home/AD.NORCERESEARCH.NO/mani/Documents/CSSR/MultiObjectiveWorkflow/include/schedule/drogon_hist.sch line 1044
  359 Reading WCONINJH in /home/AD.NORCERESEARCH.NO/mani/Documents/CSSR/MultiObjectiveWorkflow/include/schedule/drogon_hist.sch line 1052
  360 Reading DATES    in /home/AD.NORCERESEARCH.NO/mani/Documents/CSSR/MultiObjectiveWorkflow/include/schedule/drogon_hist.sch line 1058
  361 Reading DATES    in /home/AD.NORCERESEARCH.NO/mani/Documents/CSSR/MultiObjectiveWorkflow/include/schedule/drogon_hist.sch line 1062
  362 Reading WCONHIST in /home/AD.NORCERESEARCH.NO/mani/Documents/CSSR/MultiObjectiveWorkflow/include/schedule/drogon_hist.sch line 1066
  363 Reading WCONINJH in /home/AD.NORCERESEARCH.NO/mani/Documents/CSSR/MultiObjectiveWorkflow/include/schedule/drogon_hist.sch line 1074
  364 Reading DATES    in /home/AD.NORCERESEARCH.NO/mani/Documents/CSSR/MultiObjectiveWorkflow/include/schedule/drogon_hist.sch line 1080
  365 Reading WCONHIST in /home/AD.NORCERESEARCH.NO/mani/Documents/CSSR/MultiObjectiveWorkflow/include/schedule/drogon_hist.sch line 1084
  366 Reading DATES    in /home/AD.NORCERESEARCH.NO/mani/Documents/CSSR/MultiObjectiveWorkflow/include/schedule/drogon_hist.sch line 1092
  367 Reading WCONHIST in /home/AD.NORCERESEARCH.NO/mani/Documents/CSSR/MultiObjectiveWorkflow/include/schedule/drogon_hist.sch line 1096
  368 Reading DATES    in /home/AD.NORCERESEARCH.NO/mani/Documents/CSSR/MultiObjectiveWorkflow/include/schedule/drogon_hist.sch line 1104
  369 Reading WCONHIST in /home/AD.NORCERESEARCH.NO/mani/Documents/CSSR/MultiObjectiveWorkflow/include/schedule/drogon_hist.sch line 1108
  370 Reading DATES    in /home/AD.NORCERESEARCH.NO/mani/Documents/CSSR/MultiObjectiveWorkflow/include/schedule/drogon_hist.sch line 1116
  371 Reading WCONHIST in /home/AD.NORCERESEARCH.NO/mani/Documents/CSSR/MultiObjectiveWorkflow/include/schedule/drogon_hist.sch line 1120
  372 Reading RPTSCHED in /home/AD.NORCERESEARCH.NO/mani/Documents/CSSR/MultiObjectiveWorkflow/include/schedule/drogon_hist.sch line 1128
  373 Reading RPTRST   in /home/AD.NORCERESEARCH.NO/mani/Documents/CSSR/MultiObjectiveWorkflow/include/schedule/drogon_hist.sch line 1131
  374 Reading DATES    in /home/AD.NORCERESEARCH.NO/mani/Documents/CSSR/MultiObjectiveWorkflow/include/schedule/drogon_hist.sch line 1134
  375 Reading WCONHIST in /home/AD.NORCERESEARCH.NO/mani/Documents/CSSR/MultiObjectiveWorkflow/include/schedule/drogon_hist.sch line 1138
  376 Reading RPTSCHED in /home/AD.NORCERESEARCH.NO/mani/Documents/CSSR/MultiObjectiveWorkflow/include/schedule/drogon_hist.sch line 1146
  377 Reading RPTRST   in /home/AD.NORCERESEARCH.NO/mani/Documents/CSSR/MultiObjectiveWorkflow/include/schedule/drogon_hist.sch line 1149
  378 Reading DATES    in /home/AD.NORCERESEARCH.NO/mani/Documents/CSSR/MultiObjectiveWorkflow/include/schedule/drogon_hist.sch line 1152
  379 Reading WCONHIST in /home/AD.NORCERESEARCH.NO/mani/Documents/CSSR/MultiObjectiveWorkflow/include/schedule/drogon_hist.sch line 1156
  380 Reading DATES    in /home/AD.NORCERESEARCH.NO/mani/Documents/CSSR/MultiObjectiveWorkflow/include/schedule/drogon_hist.sch line 1164
  381 Reading WCONHIST in /home/AD.NORCERESEARCH.NO/mani/Documents/CSSR/MultiObjectiveWorkflow/include/schedule/drogon_hist.sch line 1168
  382 Reading DATES    in /home/AD.NORCERESEARCH.NO/mani/Documents/CSSR/MultiObjectiveWorkflow/include/schedule/drogon_hist.sch line 1176
  383 Reading WCONHIST in /home/AD.NORCERESEARCH.NO/mani/Documents/CSSR/MultiObjectiveWorkflow/include/schedule/drogon_hist.sch line 1180
  384 Reading DATES    in /home/AD.NORCERESEARCH.NO/mani/Documents/CSSR/MultiObjectiveWorkflow/include/schedule/drogon_hist.sch line 1188
  385 Reading WCONHIST in /home/AD.NORCERESEARCH.NO/mani/Documents/CSSR/MultiObjectiveWorkflow/include/schedule/drogon_hist.sch line 1192
  386 Reading DATES    in /home/AD.NORCERESEARCH.NO/mani/Documents/CSSR/MultiObjectiveWorkflow/include/schedule/drogon_hist.sch line 1200
  387 Reading WCONHIST in /home/AD.NORCERESEARCH.NO/mani/Documents/CSSR/MultiObjectiveWorkflow/include/schedule/drogon_hist.sch line 1204
  388 Reading DATES    in /home/AD.NORCERESEARCH.NO/mani/Documents/CSSR/MultiObjectiveWorkflow/include/schedule/drogon_hist.sch line 1212
  389 Reading WCONHIST in /home/AD.NORCERESEARCH.NO/mani/Documents/CSSR/MultiObjectiveWorkflow/include/schedule/drogon_hist.sch line 1216
  390 Reading DATES    in /home/AD.NORCERESEARCH.NO/mani/Documents/CSSR/MultiObjectiveWorkflow/include/schedule/drogon_hist.sch line 1224
  391 Reading WCONHIST in /home/AD.NORCERESEARCH.NO/mani/Documents/CSSR/MultiObjectiveWorkflow/include/schedule/drogon_hist.sch line 1228
  392 Reading DATES    in /home/AD.NORCERESEARCH.NO/mani/Documents/CSSR/MultiObjectiveWorkflow/include/schedule/drogon_hist.sch line 1236
  393 Reading WCONHIST in /home/AD.NORCERESEARCH.NO/mani/Documents/CSSR/MultiObjectiveWorkflow/include/schedule/drogon_hist.sch line 1240
  394 Reading DATES    in /home/AD.NORCERESEARCH.NO/mani/Documents/CSSR/MultiObjectiveWorkflow/include/schedule/drogon_hist.sch line 1248
  395 Reading WCONHIST in /home/AD.NORCERESEARCH.NO/mani/Documents/CSSR/MultiObjectiveWorkflow/include/schedule/drogon_hist.sch line 1252
  396 Reading WCONINJH in /home/AD.NORCERESEARCH.NO/mani/Documents/CSSR/MultiObjectiveWorkflow/include/schedule/drogon_hist.sch line 1260
  397 Reading DATES    in /home/AD.NORCERESEARCH.NO/mani/Documents/CSSR/MultiObjectiveWorkflow/include/schedule/drogon_hist.sch line 1266
  398 Reading WCONHIST in /home/AD.NORCERESEARCH.NO/mani/Documents/CSSR/MultiObjectiveWorkflow/include/schedule/drogon_hist.sch line 1270
  399 Reading WCONINJH in /home/AD.NORCERESEARCH.NO/mani/Documents/CSSR/MultiObjectiveWorkflow/include/schedule/drogon_hist.sch line 1278
  400 Reading DATES    in /home/AD.NORCERESEARCH.NO/mani/Documents/CSSR/MultiObjectiveWorkflow/include/schedule/drogon_hist.sch line 1284
  401 Reading WCONHIST in /home/AD.NORCERESEARCH.NO/mani/Documents/CSSR/MultiObjectiveWorkflow/include/schedule/drogon_hist.sch line 1288
  402 Reading DATES    in /home/AD.NORCERESEARCH.NO/mani/Documents/CSSR/MultiObjectiveWorkflow/include/schedule/drogon_hist.sch line 1296
  403 Reading WCONHIST in /home/AD.NORCERESEARCH.NO/mani/Documents/CSSR/MultiObjectiveWorkflow/include/schedule/drogon_hist.sch line 1300
  404 Reading DATES    in /home/AD.NORCERESEARCH.NO/mani/Documents/CSSR/MultiObjectiveWorkflow/include/schedule/drogon_hist.sch line 1308
  405 Reading WCONHIST in /home/AD.NORCERESEARCH.NO/mani/Documents/CSSR/MultiObjectiveWorkflow/include/schedule/drogon_hist.sch line 1312
  406 Reading DATES    in /home/AD.NORCERESEARCH.NO/mani/Documents/CSSR/MultiObjectiveWorkflow/include/schedule/drogon_hist.sch line 1320
  407 Reading WCONHIST in /home/AD.NORCERESEARCH.NO/mani/Documents/CSSR/MultiObjectiveWorkflow/include/schedule/drogon_hist.sch line 1324
  408 Reading DATES    in /home/AD.NORCERESEARCH.NO/mani/Documents/CSSR/MultiObjectiveWorkflow/include/schedule/drogon_hist.sch line 1332
  409 Reading WCONHIST in /home/AD.NORCERESEARCH.NO/mani/Documents/CSSR/MultiObjectiveWorkflow/include/schedule/drogon_hist.sch line 1336
  410 Reading DATES    in /home/AD.NORCERESEARCH.NO/mani/Documents/CSSR/MultiObjectiveWorkflow/include/schedule/drogon_hist.sch line 1344
  411 Reading WCONHIST in /home/AD.NORCERESEARCH.NO/mani/Documents/CSSR/MultiObjectiveWorkflow/include/schedule/drogon_hist.sch line 1348
  412 Reading DATES    in /home/AD.NORCERESEARCH.NO/mani/Documents/CSSR/MultiObjectiveWorkflow/include/schedule/drogon_hist.sch line 1356
  413 Reading WCONHIST in /home/AD.NORCERESEARCH.NO/mani/Documents/CSSR/MultiObjectiveWorkflow/include/schedule/drogon_hist.sch line 1360
  414 Reading DATES    in /home/AD.NORCERESEARCH.NO/mani/Documents/CSSR/MultiObjectiveWorkflow/include/schedule/drogon_hist.sch line 1368
  415 Reading WCONHIST in /home/AD.NORCERESEARCH.NO/mani/Documents/CSSR/MultiObjectiveWorkflow/include/schedule/drogon_hist.sch line 1372
  416 Reading DATES    in /home/AD.NORCERESEARCH.NO/mani/Documents/CSSR/MultiObjectiveWorkflow/include/schedule/drogon_hist.sch line 1380
  417 Reading WCONHIST in /home/AD.NORCERESEARCH.NO/mani/Documents/CSSR/MultiObjectiveWorkflow/include/schedule/drogon_hist.sch line 1384
  418 Reading DATES    in /home/AD.NORCERESEARCH.NO/mani/Documents/CSSR/MultiObjectiveWorkflow/include/schedule/drogon_hist.sch line 1392
  419 Reading WCONHIST in /home/AD.NORCERESEARCH.NO/mani/Documents/CSSR/MultiObjectiveWorkflow/include/schedule/drogon_hist.sch line 1396
  420 Reading DATES    in /home/AD.NORCERESEARCH.NO/mani/Documents/CSSR/MultiObjectiveWorkflow/include/schedule/drogon_hist.sch line 1404
  421 Reading WCONHIST in /home/AD.NORCERESEARCH.NO/mani/Documents/CSSR/MultiObjectiveWorkflow/include/schedule/drogon_hist.sch line 1408
  422 Reading DATES    in /home/AD.NORCERESEARCH.NO/mani/Documents/CSSR/MultiObjectiveWorkflow/include/schedule/drogon_hist.sch line 1416
  423 Reading WCONHIST in /home/AD.NORCERESEARCH.NO/mani/Documents/CSSR/MultiObjectiveWorkflow/include/schedule/drogon_hist.sch line 1420
  424 Reading DATES    in /home/AD.NORCERESEARCH.NO/mani/Documents/CSSR/MultiObjectiveWorkflow/include/schedule/drogon_hist.sch line 1428
  425 Reading WCONHIST in /home/AD.NORCERESEARCH.NO/mani/Documents/CSSR/MultiObjectiveWorkflow/include/schedule/drogon_hist.sch line 1432
  426 Reading DATES    in /home/AD.NORCERESEARCH.NO/mani/Documents/CSSR/MultiObjectiveWorkflow/include/schedule/drogon_hist.sch line 1440
  427 Reading WCONHIST in /home/AD.NORCERESEARCH.NO/mani/Documents/CSSR/MultiObjectiveWorkflow/include/schedule/drogon_hist.sch line 1444
  428 Reading DATES    in /home/AD.NORCERESEARCH.NO/mani/Documents/CSSR/MultiObjectiveWorkflow/include/schedule/drogon_hist.sch line 1452
  429 Reading WCONHIST in /home/AD.NORCERESEARCH.NO/mani/Documents/CSSR/MultiObjectiveWorkflow/include/schedule/drogon_hist.sch line 1456
  430 Reading WCONINJH in /home/AD.NORCERESEARCH.NO/mani/Documents/CSSR/MultiObjectiveWorkflow/include/schedule/drogon_hist.sch line 1464
  431 Reading DATES    in /home/AD.NORCERESEARCH.NO/mani/Documents/CSSR/MultiObjectiveWorkflow/include/schedule/drogon_hist.sch line 1470
  432 Reading DATES    in /home/AD.NORCERESEARCH.NO/mani/Documents/CSSR/MultiObjectiveWorkflow/include/schedule/drogon_hist.sch line 1474
  433 Reading WCONHIST in /home/AD.NORCERESEARCH.NO/mani/Documents/CSSR/MultiObjectiveWorkflow/include/schedule/drogon_hist.sch line 1478
  434 Reading WCONINJH in /home/AD.NORCERESEARCH.NO/mani/Documents/CSSR/MultiObjectiveWorkflow/include/schedule/drogon_hist.sch line 1486
  435 Reading DATES    in /home/AD.NORCERESEARCH.NO/mani/Documents/CSSR/MultiObjectiveWorkflow/include/schedule/drogon_hist.sch line 1492
  436 Reading WCONHIST in /home/AD.NORCERESEARCH.NO/mani/Documents/CSSR/MultiObjectiveWorkflow/include/schedule/drogon_hist.sch line 1496
  437 Reading DATES    in /home/AD.NORCERESEARCH.NO/mani/Documents/CSSR/MultiObjectiveWorkflow/include/schedule/drogon_hist.sch line 1504
  438 Reading WCONHIST in /home/AD.NORCERESEARCH.NO/mani/Documents/CSSR/MultiObjectiveWorkflow/include/schedule/drogon_hist.sch line 1508
  439 Reading DATES    in /home/AD.NORCERESEARCH.NO/mani/Documents/CSSR/MultiObjectiveWorkflow/include/schedule/drogon_hist.sch line 1516
  440 Reading WCONHIST in /home/AD.NORCERESEARCH.NO/mani/Documents/CSSR/MultiObjectiveWorkflow/include/schedule/drogon_hist.sch line 1520
  441 Reading DATES    in /home/AD.NORCERESEARCH.NO/mani/Documents/CSSR/MultiObjectiveWorkflow/include/schedule/drogon_hist.sch line 1528
  442 Reading WCONHIST in /home/AD.NORCERESEARCH.NO/mani/Documents/CSSR/MultiObjectiveWorkflow/include/schedule/drogon_hist.sch line 1532
  443 Reading RPTSCHED in /home/AD.NORCERESEARCH.NO/mani/Documents/CSSR/MultiObjectiveWorkflow/include/schedule/drogon_hist.sch line 1540
  444 Reading RPTRST   in /home/AD.NORCERESEARCH.NO/mani/Documents/CSSR/MultiObjectiveWorkflow/include/schedule/drogon_hist.sch line 1543
  445 Reading DATES    in /home/AD.NORCERESEARCH.NO/mani/Documents/CSSR/MultiObjectiveWorkflow/include/schedule/drogon_hist.sch line 1546

Warning: Unsupported keywords or keyword items:

  NOINSPEC: keyword not supported
  In file: DROGON.DATA, line 95

  NORSSPEC: keyword not supported
  In file: DROGON.DATA, line 98

  MESSAGES: invalid value '1000000' for item 9
  In file: DROGON.DATA, line 104
  MESSAGES(STOPWARN): option is not supported

  MESSAGES: invalid value '7000' for item 10
  In file: DROGON.DATA, line 104
  MESSAGES(STOPPROB): option is not supported

  MESSAGES: invalid value '0' for item 11
  In file: DROGON.DATA, line 104
  MESSAGES(STOPERRS): option is not supported

  NOECHO: keyword not supported
  In file: DROGON.DATA, line 111

  EXTRAPMS: keyword not supported
  In file: DROGON.DATA, line 183

  RPTSOL: keyword not supported
  In file: DROGON.DATA, line 228

Creating corner-point grid from keywords COORD, ZCORN and others

Initializing tracers from TRACER in DROGON.DATA line 178
Non-default tracer unit [g] from TRACER in DROGON.DATA line 178
Loading tracer concentration from TVDPFWT1 in DROGON.DATA line 219
Non-default tracer unit [g] from TRACER in DROGON.DATA line 178
Reporting limit reached for Tracer tables - see PRT file for additional messages
Loading tracer concentration from TVDPFWT2 in DROGON.DATA line 224
3 fluid phases are active

Loading faults from FAULTS in /home/AD.NORCERESEARCH.NO/mani/Documents/CSSR/MultiObjectiveWorkflow/include/grid/drogon.faults line 17

Warning: Error in keyword RPTSOL, unrecognized mnemonic THPRES
In DROGON.DATA line 228.

Processing dynamic information from
DROGON.DATA line 251
Initializing report step 0/82 at 2018-01-01 0 DAYS line 251
Reading from: /home/AD.NORCERESEARCH.NO/mani/Documents/CSSR/MultiObjectiveWorkflow/include/schedule/drogon_hist.sch line 16
Processing keyword WELSPECS at line 16
Processing keyword COMPORD at line 25
Processing keyword GRUPTREE at line 33
Processing keyword COMPDAT at line 39

Warning: Problem with COMPDATX keyword
In /home/AD.NORCERESEARCH.NO/mani/Documents/CSSR/MultiObjectiveWorkflow/include/schedule/drogon_hist.sch line 39
The cell (22,30,12) in well R_A2 is not active and the connection will be ignored

Warning: Problem with COMPDATX keyword
In /home/AD.NORCERESEARCH.NO/mani/Documents/CSSR/MultiObjectiveWorkflow/include/schedule/drogon_hist.sch line 39
The cell (22,29,19) in well R_A2 is not active and the connection will be ignored

Warning: Problem with COMPDATX keyword
In /home/AD.NORCERESEARCH.NO/mani/Documents/CSSR/MultiObjectiveWorkflow/include/schedule/drogon_hist.sch line 39
The cell (29,41,14) in well R_A3 is not active and the connection will be ignored

Warning: Problem with COMPDATX keyword
In /home/AD.NORCERESEARCH.NO/mani/Documents/CSSR/MultiObjectiveWorkflow/include/schedule/drogon_hist.sch line 39
The cell (17,42,18) in well R_A6 is not active and the connection will be ignored
Processing keyword WCONHIST at line 163
Processing keyword WRFTPLT at line 172
Processing keyword TUNING at line 181
Processing keyword RPTRST at line 189
Complete report step 1 (4 DAYS) at 2018-01-05 (0 DAYS)

Initializing report step 2/82 at 2018-01-05 (0 DAYS) line 192
Processing keyword WELSPECS at line 196
Processing keyword COMPORD at line 201
Processing keyword COMPDAT at line 205

Warning: Problem with COMPDATX keyword
In /home/AD.NORCERESEARCH.NO/mani/Documents/CSSR/MultiObjectiveWorkflow/include/schedule/drogon_hist.sch line 205
The cell (32,33,15) in well A1 is not active and the connection will be ignored
Processing keyword WCONHIST at line 232
Processing keyword WELTARG at line 237
Complete report step 2 (27 DAYS) at 2018-02-01 (4 DAYS)

Initializing report step 3/82 at 2018-02-01 (4 DAYS) line 241
Processing keyword WCONHIST at line 245
Complete report step 3 (28 DAYS) at 2018-03-01 (31 DAYS)

Initializing report step 4/82 at 2018-03-01 (31 DAYS) line 250
Processing keyword WCONHIST at line 254
Processing keyword WRFTPLT at line 259
Complete report step 4 (9 DAYS) at 2018-03-10 (59 DAYS)

Initializing report step 5/82 at 2018-03-10 (59 DAYS) line 264
Processing keyword WELSPECS at line 268
Processing keyword COMPORD at line 273
Processing keyword COMPDAT at line 277
Processing keyword WCONHIST at line 291
Processing keyword WELTARG at line 297
Complete report step 5 (20 DAYS) at 2018-03-30 (68 DAYS)
Report limit reached, see PRT-file for remaining Schedule initialization.

Initializing report step 6/82 at 2018-03-30 (68 DAYS) line 301
Processing keyword WCONHIST at line 305
Complete report step 6 (2 DAYS) at 2018-04-01 (88 DAYS)

Initializing report step 7/82 at 2018-04-01 (88 DAYS) line 311
Processing keyword WCONHIST at line 315
Complete report step 7 (27 DAYS) at 2018-04-28 (90 DAYS)

Initializing report step 8/82 at 2018-04-28 (90 DAYS) line 321
Processing keyword WCONHIST at line 325
Processing keyword WRFTPLT at line 331
Complete report step 8 (3 DAYS) at 2018-05-01 (117 DAYS)

Initializing report step 9/82 at 2018-05-01 (117 DAYS) line 336
Processing keyword WCONHIST at line 340
Complete report step 9 (7 DAYS) at 2018-05-08 (120 DAYS)

Initializing report step 10/82 at 2018-05-08 (120 DAYS) line 346
Processing keyword WELSPECS at line 350
Processing keyword COMPORD at line 355
Processing keyword COMPDAT at line 359
Processing keyword WCONHIST at line 389
Processing keyword WCONINJH at line 395
Complete report step 10 (24 DAYS) at 2018-06-01 (127 DAYS)

Initializing report step 11/82 at 2018-06-01 (127 DAYS) line 400
Processing keyword WCONHIST at line 404
Complete report step 11 (1 DAYS) at 2018-06-02 (151 DAYS)

Initializing report step 12/82 at 2018-06-02 (151 DAYS) line 410
Processing keyword WCONHIST at line 414
Complete report step 12 (6 DAYS) at 2018-06-08 (152 DAYS)

Initializing report step 13/82 at 2018-06-08 (152 DAYS) line 420
Processing keyword WTRACER at line 425
Processing keyword WCONHIST at line 430
Complete report step 13 (1 DAYS) at 2018-06-09 (158 DAYS)

Initializing report step 14/82 at 2018-06-09 (158 DAYS) line 436
Processing keyword WTRACER at line 440
Processing keyword WCONHIST at line 445
Complete report step 14 (13 DAYS) at 2018-06-22 (159 DAYS)

Initializing report step 15/82 at 2018-06-22 (159 DAYS) line 451
Processing keyword WCONHIST at line 455
Complete report step 15 (8 DAYS) at 2018-06-30 (172 DAYS)

Initializing report step 16/82 at 2018-06-30 (172 DAYS) line 461
Processing keyword WCONHIST at line 465
Processing keyword RPTSCHED at line 471
Processing keyword RPTRST at line 474
Complete report step 16 (1 DAYS) at 2018-07-01 (180 DAYS)

Initializing report step 17/82 at 2018-07-01 (180 DAYS) line 477
Processing keyword WCONHIST at line 481
Processing keyword RPTSCHED at line 487
Processing keyword RPTRST at line 490
Complete report step 17 (2 DAYS) at 2018-07-03 (181 DAYS)

Initializing report step 18/82 at 2018-07-03 (181 DAYS) line 493
Processing keyword WCONHIST at line 497
Processing keyword WRFTPLT at line 503
Complete report step 18 (10 DAYS) at 2018-07-13 (183 DAYS)

Initializing report step 19/82 at 2018-07-13 (183 DAYS) line 508
Processing keyword WELSPECS at line 512
Processing keyword COMPORD at line 517
Processing keyword COMPDAT at line 521

Warning: Problem with COMPDATX keyword
In /home/AD.NORCERESEARCH.NO/mani/Documents/CSSR/MultiObjectiveWorkflow/include/schedule/drogon_hist.sch line 521
The cell (29,41,14) in well A3 is not active and the connection will be ignored
Processing keyword WCONHIST at line 549
Processing keyword WELTARG at line 556
Complete report step 19 (19 DAYS) at 2018-08-01 (193 DAYS)

Initializing report step 20/82 at 2018-08-01 (193 DAYS) line 560
Processing keyword WCONHIST at line 564
Complete report step 20 (24 DAYS) at 2018-08-25 (212 DAYS)

Initializing report step 21/82 at 2018-08-25 (212 DAYS) line 571
Processing keyword WCONHIST at line 575
Complete report step 21 (7 DAYS) at 2018-09-01 (236 DAYS)

Initializing report step 22/82 at 2018-09-01 (236 DAYS) line 582
Processing keyword WCONHIST at line 586
Complete report step 22 (11 DAYS) at 2018-09-12 (243 DAYS)

Initializing report step 23/82 at 2018-09-12 (243 DAYS) line 593
Processing keyword WCONHIST at line 597
Processing keyword WRFTPLT at line 604
Complete report step 23 (2 DAYS) at 2018-09-14 (254 DAYS)

Initializing report step 24/82 at 2018-09-14 (254 DAYS) line 609
Processing keyword WCONHIST at line 613
Complete report step 24 (8 DAYS) at 2018-09-22 (256 DAYS)

Initializing report step 25/82 at 2018-09-22 (256 DAYS) line 620
Processing keyword WELSPECS at line 624
Processing keyword COMPORD at line 629
Processing keyword COMPDAT at line 633
Processing keyword WELSEGS at line 659
Processing keyword WSEGVALV at line 704
Processing keyword COMPSEGS at line 728
Processing keyword WCONHIST at line 753
Processing keyword WELTARG at line 761
Complete report step 25 (9 DAYS) at 2018-10-01 (264 DAYS)

Initializing report step 26/82 at 2018-10-01 (264 DAYS) line 765
Processing keyword WCONHIST at line 769
Complete report step 26 (4 DAYS) at 2018-10-05 (273 DAYS)

Initializing report step 27/82 at 2018-10-05 (273 DAYS) line 777
Processing keyword WCONHIST at line 781
Complete report step 27 (27 DAYS) at 2018-11-01 (277 DAYS)

Initializing report step 28/82 at 2018-11-01 (277 DAYS) line 789
Processing keyword WCONHIST at line 793
Complete report step 28 (6 DAYS) at 2018-11-07 (304 DAYS)

Initializing report step 29/82 at 2018-11-07 (304 DAYS) line 801
Processing keyword WCONHIST at line 805
Processing keyword WRFTPLT at line 813
Complete report step 29 (10 DAYS) at 2018-11-17 (310 DAYS)

Initializing report step 30/82 at 2018-11-17 (310 DAYS) line 818
Processing keyword WELSPECS at line 822
Processing keyword COMPORD at line 827
Processing keyword COMPDAT at line 831

Warning: Problem with COMPDATX keyword
In /home/AD.NORCERESEARCH.NO/mani/Documents/CSSR/MultiObjectiveWorkflow/include/schedule/drogon_hist.sch line 831
The cell (17,42,18) in well A6 is not active and the connection will be ignored
Processing keyword WCONHIST at line 860
Processing keyword WCONINJH at line 868
Complete report step 30 (14 DAYS) at 2018-12-01 (320 DAYS)

Initializing report step 31/82 at 2018-12-01 (320 DAYS) line 873
Processing keyword WCONHIST at line 877
Complete report step 31 (6 DAYS) at 2018-12-07 (334 DAYS)

Initializing report step 32/82 at 2018-12-07 (334 DAYS) line 885
Processing keyword WCONHIST at line 889
Complete report step 32 (8 DAYS) at 2018-12-15 (340 DAYS)

Initializing report step 33/82 at 2018-12-15 (340 DAYS) line 897
Processing keyword WCONHIST at line 901
Complete report step 33 (2 DAYS) at 2018-12-17 (348 DAYS)

Initializing report step 34/82 at 2018-12-17 (348 DAYS) line 909
Processing keyword WTRACER at line 914
Processing keyword WCONHIST at line 919
Complete report step 34 (1 DAYS) at 2018-12-18 (350 DAYS)

Initializing report step 35/82 at 2018-12-18 (350 DAYS) line 927
Processing keyword WTRACER at line 931
Processing keyword WCONHIST at line 936
Complete report step 35 (10 DAYS) at 2018-12-28 (351 DAYS)

Initializing report step 36/82 at 2018-12-28 (351 DAYS) line 944
Processing keyword WCONHIST at line 948
Complete report step 36 (4 DAYS) at 2019-01-01 (361 DAYS)

Initializing report step 37/82 at 2019-01-01 (361 DAYS) line 956
Processing keyword WCONHIST at line 960
Complete report step 37 (31 DAYS) at 2019-02-01 (365 DAYS)

Initializing report step 38/82 at 2019-02-01 (365 DAYS) line 968
Processing keyword WCONHIST at line 972
Complete report step 38 (8 DAYS) at 2019-02-09 (396 DAYS)

Initializing report step 39/82 at 2019-02-09 (396 DAYS) line 980
Processing keyword WCONHIST at line 984
Complete report step 39 (20 DAYS) at 2019-03-01 (404 DAYS)

Initializing report step 40/82 at 2019-03-01 (404 DAYS) line 992
Processing keyword WCONHIST at line 996
Complete report step 40 (8 DAYS) at 2019-03-09 (424 DAYS)

Initializing report step 41/82 at 2019-03-09 (424 DAYS) line 1004
Processing keyword WCONHIST at line 1008
Complete report step 41 (13 DAYS) at 2019-03-22 (432 DAYS)

Initializing report step 42/82 at 2019-03-22 (432 DAYS) line 1016
Processing keyword WCONHIST at line 1020
Complete report step 42 (10 DAYS) at 2019-04-01 (445 DAYS)

Initializing report step 43/82 at 2019-04-01 (445 DAYS) line 1028
Processing keyword WCONHIST at line 1032
Complete report step 43 (30 DAYS) at 2019-05-01 (455 DAYS)

Initializing report step 44/82 at 2019-05-01 (455 DAYS) line 1040
Processing keyword WCONHIST at line 1044
Processing keyword WCONINJH at line 1052
Complete report step 44 (3 DAYS) at 2019-05-04 (485 DAYS)

Initializing report step 45/82 at 2019-05-04 (485 DAYS) line 1058
Complete report step 45 (1 DAYS) at 2019-05-05 (488 DAYS)

Initializing report step 46/82 at 2019-05-05 (488 DAYS) line 1062
Processing keyword WCONHIST at line 1066
Processing keyword WCONINJH at line 1074
Complete report step 46 (19 DAYS) at 2019-05-24 (489 DAYS)

Initializing report step 47/82 at 2019-05-24 (489 DAYS) line 1080
Processing keyword WCONHIST at line 1084
Complete report step 47 (8 DAYS) at 2019-06-01 (508 DAYS)

Initializing report step 48/82 at 2019-06-01 (508 DAYS) line 1092
Processing keyword WCONHIST at line 1096
Complete report step 48 (13 DAYS) at 2019-06-14 (516 DAYS)

Initializing report step 49/82 at 2019-06-14 (516 DAYS) line 1104
Processing keyword WCONHIST at line 1108
Complete report step 49 (16 DAYS) at 2019-06-30 (529 DAYS)

Initializing report step 50/82 at 2019-06-30 (529 DAYS) line 1116
Processing keyword WCONHIST at line 1120
Processing keyword RPTSCHED at line 1128
Processing keyword RPTRST at line 1131
Complete report step 50 (1 DAYS) at 2019-07-01 (545 DAYS)

Initializing report step 51/82 at 2019-07-01 (545 DAYS) line 1134
Processing keyword WCONHIST at line 1138
Processing keyword RPTSCHED at line 1146
Processing keyword RPTRST at line 1149
Complete report step 51 (26 DAYS) at 2019-07-27 (546 DAYS)

Initializing report step 52/82 at 2019-07-27 (546 DAYS) line 1152
Processing keyword WCONHIST at line 1156
Complete report step 52 (5 DAYS) at 2019-08-01 (572 DAYS)

Initializing report step 53/82 at 2019-08-01 (572 DAYS) line 1164
Processing keyword WCONHIST at line 1168
Complete report step 53 (15 DAYS) at 2019-08-16 (577 DAYS)

Initializing report step 54/82 at 2019-08-16 (577 DAYS) line 1176
Processing keyword WCONHIST at line 1180
Complete report step 54 (8 DAYS) at 2019-08-24 (592 DAYS)

Initializing report step 55/82 at 2019-08-24 (592 DAYS) line 1188
Processing keyword WCONHIST at line 1192
Complete report step 55 (8 DAYS) at 2019-09-01 (600 DAYS)

Initializing report step 56/82 at 2019-09-01 (600 DAYS) line 1200
Processing keyword WCONHIST at line 1204
Complete report step 56 (5 DAYS) at 2019-09-06 (608 DAYS)

Initializing report step 57/82 at 2019-09-06 (608 DAYS) line 1212
Processing keyword WCONHIST at line 1216
Complete report step 57 (25 DAYS) at 2019-10-01 (613 DAYS)

Initializing report step 58/82 at 2019-10-01 (613 DAYS) line 1224
Processing keyword WCONHIST at line 1228
Complete report step 58 (18 DAYS) at 2019-10-19 (638 DAYS)

Initializing report step 59/82 at 2019-10-19 (638 DAYS) line 1236
Processing keyword WCONHIST at line 1240
Complete report step 59 (13 DAYS) at 2019-11-01 (656 DAYS)

Initializing report step 60/82 at 2019-11-01 (656 DAYS) line 1248
Processing keyword WCONHIST at line 1252
Processing keyword WCONINJH at line 1260
Complete report step 60 (1 DAYS) at 2019-11-02 (669 DAYS)

Initializing report step 61/82 at 2019-11-02 (669 DAYS) line 1266
Processing keyword WCONHIST at line 1270
Processing keyword WCONINJH at line 1278
Complete report step 61 (6 DAYS) at 2019-11-08 (670 DAYS)

Initializing report step 62/82 at 2019-11-08 (670 DAYS) line 1284
Processing keyword WCONHIST at line 1288
Complete report step 62 (8 DAYS) at 2019-11-16 (676 DAYS)

Initializing report step 63/82 at 2019-11-16 (676 DAYS) line 1296
Processing keyword WCONHIST at line 1300
Complete report step 63 (13 DAYS) at 2019-11-29 (684 DAYS)

Initializing report step 64/82 at 2019-11-29 (684 DAYS) line 1308
Processing keyword WCONHIST at line 1312
Complete report step 64 (2 DAYS) at 2019-12-01 (697 DAYS)

Initializing report step 65/82 at 2019-12-01 (697 DAYS) line 1320
Processing keyword WCONHIST at line 1324
Complete report step 65 (31 DAYS) at 2020-01-01 (699 DAYS)

Initializing report step 66/82 at 2020-01-01 (699 DAYS) line 1332
Processing keyword WCONHIST at line 1336
Complete report step 66 (10 DAYS) at 2020-01-11 (730 DAYS)

Initializing report step 67/82 at 2020-01-11 (730 DAYS) line 1344
Processing keyword WCONHIST at line 1348
Complete report step 67 (20 DAYS) at 2020-01-31 (740 DAYS)

Initializing report step 68/82 at 2020-01-31 (740 DAYS) line 1356
Processing keyword WCONHIST at line 1360
Complete report step 68 (1 DAYS) at 2020-02-01 (760 DAYS)

Initializing report step 69/82 at 2020-02-01 (760 DAYS) line 1368
Processing keyword WCONHIST at line 1372
Complete report step 69 (7 DAYS) at 2020-02-08 (761 DAYS)

Initializing report step 70/82 at 2020-02-08 (761 DAYS) line 1380
Processing keyword WCONHIST at line 1384
Complete report step 70 (13 DAYS) at 2020-02-21 (768 DAYS)

Initializing report step 71/82 at 2020-02-21 (768 DAYS) line 1392
Processing keyword WCONHIST at line 1396
Complete report step 71 (9 DAYS) at 2020-03-01 (781 DAYS)

Initializing report step 72/82 at 2020-03-01 (781 DAYS) line 1404
Processing keyword WCONHIST at line 1408
Complete report step 72 (31 DAYS) at 2020-04-01 (790 DAYS)

Initializing report step 73/82 at 2020-04-01 (790 DAYS) line 1416
Processing keyword WCONHIST at line 1420
Complete report step 73 (3 DAYS) at 2020-04-04 (821 DAYS)

Initializing report step 74/82 at 2020-04-04 (821 DAYS) line 1428
Processing keyword WCONHIST at line 1432
Complete report step 74 (20 DAYS) at 2020-04-24 (824 DAYS)

Initializing report step 75/82 at 2020-04-24 (824 DAYS) line 1440
Processing keyword WCONHIST at line 1444
Complete report step 75 (7 DAYS) at 2020-05-01 (844 DAYS)

Initializing report step 76/82 at 2020-05-01 (844 DAYS) line 1452
Processing keyword WCONHIST at line 1456
Processing keyword WCONINJH at line 1464
Complete report step 76 (1 DAYS) at 2020-05-02 (851 DAYS)

Initializing report step 77/82 at 2020-05-02 (851 DAYS) line 1470
Complete report step 77 (3 DAYS) at 2020-05-05 (852 DAYS)

Initializing report step 78/82 at 2020-05-05 (852 DAYS) line 1474
Processing keyword WCONHIST at line 1478
Processing keyword WCONINJH at line 1486
Complete report step 78 (10 DAYS) at 2020-05-15 (855 DAYS)

Initializing report step 79/82 at 2020-05-15 (855 DAYS) line 1492
Processing keyword WCONHIST at line 1496
Complete report step 79 (17 DAYS) at 2020-06-01 (865 DAYS)

Initializing report step 80/82 at 2020-06-01 (865 DAYS) line 1504
Processing keyword WCONHIST at line 1508
Complete report step 80 (26 DAYS) at 2020-06-27 (882 DAYS)

Initializing report step 81/82 at 2020-06-27 (882 DAYS) line 1516
Processing keyword WCONHIST at line 1520
Complete report step 81 (3 DAYS) at 2020-06-30 (908 DAYS)

Initializing report step 82/82 at 2020-06-30 (908 DAYS) line 1528
Processing keyword WCONHIST at line 1532
Processing keyword RPTSCHED at line 1540
Processing keyword RPTRST at line 1543
Complete report step 82 (1 DAYS) at 2020-07-01 (911 DAYS)


Warning: Request for missing group GMWIN in GMWPR
In /home/AD.NORCERESEARCH.NO/mani/Documents/CSSR/MultiObjectiveWorkflow/include/summary/drogon.summary line 110

Processing grid
1919 pinch-out connections generated
Total number of active cells: 70323 / total pore volume: 528265459 RM3
Removed 21 cells with a pore volume of 0 RM3 (0.000 %) due to MINPV/MINPVV

Property tree for linear solvers:
{
    "maxiter": "20",
    "tol": "0.0050000000000000001",
    "verbosity": "0",
    "solver": "bicgstab",
    "preconditioner": {
        "type": "cprw",
        "use_well_weights": "false",
        "add_wells": "true",
        "weight_type": "trueimpes",
        "pre_smooth": "0",
        "post_smooth": "1",
        "finesmoother": {
            "type": "ParOverILU0",
            "relaxation": "1"
        },
        "verbosity": "0",
        "coarsesolver": {
            "maxiter": "1",
            "tol": "0.10000000000000001",
            "solver": "loopsolver",
            "verbosity": "0",
            "preconditioner": {
                "type": "amg",
                "alpha": "0.33333333333300003",
                "relaxation": "1",
                "iterations": "1",
                "coarsenTarget": "1200",
                "pre_smooth": "1",
                "post_smooth": "1",
                "beta": "0",
                "smoother": "ILU0",
                "verbosity": "0",
                "maxlevel": "15",
                "skip_isolated": "0",
                "accumulate": "1",
                "prolongationdamping": "1",
                "maxdistance": "2",
                "maxconnectivity": "15",
                "maxaggsize": "6",
                "minaggsize": "4"
            }
        }
    }
}


===============Saturation Functions Diagnostics===============

System: Black-oil system.
Relative permeability input format: Saturation Family I.
Number of saturation regions: 12


Warning: Unhandled summary keyword FGSR
In /home/AD.NORCERESEARCH.NO/mani/Documents/CSSR/MultiObjectiveWorkflow/include/summary/drogon.summary line 25

Warning: Unhandled summary keyword FWGR
In /home/AD.NORCERESEARCH.NO/mani/Documents/CSSR/MultiObjectiveWorkflow/include/summary/drogon.summary line 80

Warning: Unhandled summary keyword ROE
In /home/AD.NORCERESEARCH.NO/mani/Documents/CSSR/MultiObjectiveWorkflow/include/summary/drogon.summary line 88

Warning: Unhandled summary keyword GWGR
In /home/AD.NORCERESEARCH.NO/mani/Documents/CSSR/MultiObjectiveWorkflow/include/summary/drogon.summary line 147

Warning: Unhandled summary keyword WOGLR
In /home/AD.NORCERESEARCH.NO/mani/Documents/CSSR/MultiObjectiveWorkflow/include/summary/drogon.summary line 276

Warning: Problem with EDITNNC keyword
In /home/AD.NORCERESEARCH.NO/mani/Documents/CSSR/MultiObjectiveWorkflow/include/edit/drogon.trans line 381 
No NNC defined for connection (21,12,1) -> (22,12,11)

Warning: Problem with EDITNNC keyword
In /home/AD.NORCERESEARCH.NO/mani/Documents/CSSR/MultiObjectiveWorkflow/include/edit/drogon.trans line 381 
No NNC defined for connection (20,13,1) -> (20,14,21)

Warning: Problem with EDITNNC keyword
In /home/AD.NORCERESEARCH.NO/mani/Documents/CSSR/MultiObjectiveWorkflow/include/edit/drogon.trans line 381 
No NNC defined for connection (27,15,1) -> (26,15,12)

Warning: Problem with EDITNNC keyword
In /home/AD.NORCERESEARCH.NO/mani/Documents/CSSR/MultiObjectiveWorkflow/include/edit/drogon.trans line 381 
No NNC defined for connection (20,26,1) -> (20,25,22)

Warning: Problem with EDITNNC keyword
In /home/AD.NORCERESEARCH.NO/mani/Documents/CSSR/MultiObjectiveWorkflow/include/edit/drogon.trans line 381 
No NNC defined for connection (27,26,1) -> (28,26,16)

Warning: Problem with EDITNNC keyword
In /home/AD.NORCERESEARCH.NO/mani/Documents/CSSR/MultiObjectiveWorkflow/include/edit/drogon.trans line 381 
No NNC defined for connection (18,29,1) -> (17,29,20)

Warning: Problem with EDITNNC keyword
In /home/AD.NORCERESEARCH.NO/mani/Documents/CSSR/MultiObjectiveWorkflow/include/edit/drogon.trans line 381 
No NNC defined for connection (27,36,1) -> (27,37,16)

Warning: Problem with EDITNNC keyword
In /home/AD.NORCERESEARCH.NO/mani/Documents/CSSR/MultiObjectiveWorkflow/include/edit/drogon.trans line 381 
No NNC defined for connection (27,36,1) -> (27,37,19)

Warning: Problem with EDITNNC keyword
In /home/AD.NORCERESEARCH.NO/mani/Documents/CSSR/MultiObjectiveWorkflow/include/edit/drogon.trans line 381 
No NNC defined for connection (26,37,1) -> (27,37,16)

Warning: Problem with EDITNNC keyword
In /home/AD.NORCERESEARCH.NO/mani/Documents/CSSR/MultiObjectiveWorkflow/include/edit/drogon.trans line 381 
No NNC defined for connection (26,38,1) -> (27,38,19)

Warning: Problem with EDITNNC keyword
In /home/AD.NORCERESEARCH.NO/mani/Documents/CSSR/MultiObjectiveWorkflow/include/edit/drogon.trans line 381 
No NNC defined for connection (27,43,1) -> (28,43,17)

Warning: Problem with EDITNNC keyword
In /home/AD.NORCERESEARCH.NO/mani/Documents/CSSR/MultiObjectiveWorkflow/include/edit/drogon.trans line 381 
No NNC defined for connection (40,53,1) -> (40,52,11)

Warning: Problem with EDITNNC keyword
In /home/AD.NORCERESEARCH.NO/mani/Documents/CSSR/MultiObjectiveWorkflow/include/edit/drogon.trans line 381 
No NNC defined for connection (21,12,2) -> (22,12,11)

Warning: Problem with EDITNNC keyword
In /home/AD.NORCERESEARCH.NO/mani/Documents/CSSR/MultiObjectiveWorkflow/include/edit/drogon.trans line 381 
No NNC defined for connection (27,15,2) -> (26,15,12)

Warning: Problem with EDITNNC keyword
In /home/AD.NORCERESEARCH.NO/mani/Documents/CSSR/MultiObjectiveWorkflow/include/edit/drogon.trans line 381 
No NNC defined for connection (20,26,2) -> (20,25,22)

Warning: Problem with EDITNNC keyword
In /home/AD.NORCERESEARCH.NO/mani/Documents/CSSR/MultiObjectiveWorkflow/include/edit/drogon.trans line 381 
No NNC defined for connection (27,27,2) -> (28,27,19)

Warning: Problem with EDITNNC keyword
In /home/AD.NORCERESEARCH.NO/mani/Documents/CSSR/MultiObjectiveWorkflow/include/edit/drogon.trans line 381 
No NNC defined for connection (18,29,2) -> (17,29,20)

Warning: Problem with EDITNNC keyword
In /home/AD.NORCERESEARCH.NO/mani/Documents/CSSR/MultiObjectiveWorkflow/include/edit/drogon.trans line 381 
No NNC defined for connection (27,36,2) -> (27,37,16)

Warning: Problem with EDITNNC keyword
In /home/AD.NORCERESEARCH.NO/mani/Documents/CSSR/MultiObjectiveWorkflow/include/edit/drogon.trans line 381 
No NNC defined for connection (27,36,2) -> (27,37,19)

Warning: Problem with EDITNNC keyword
In /home/AD.NORCERESEARCH.NO/mani/Documents/CSSR/MultiObjectiveWorkflow/include/edit/drogon.trans line 381 
No NNC defined for connection (26,37,2) -> (27,37,16)

Warning: Problem with EDITNNC keyword
In /home/AD.NORCERESEARCH.NO/mani/Documents/CSSR/MultiObjectiveWorkflow/include/edit/drogon.trans line 381 
No NNC defined for connection (26,37,2) -> (27,37,19)

Warning: Problem with EDITNNC keyword
In /home/AD.NORCERESEARCH.NO/mani/Documents/CSSR/MultiObjectiveWorkflow/include/edit/drogon.trans line 381 
No NNC defined for connection (26,38,2) -> (27,38,19)

Warning: Problem with EDITNNC keyword
In /home/AD.NORCERESEARCH.NO/mani/Documents/CSSR/MultiObjectiveWorkflow/include/edit/drogon.trans line 381 
No NNC defined for connection (27,43,2) -> (28,43,17)

Warning: Problem with EDITNNC keyword
In /home/AD.NORCERESEARCH.NO/mani/Documents/CSSR/MultiObjectiveWorkflow/include/edit/drogon.trans line 381 
No NNC defined for connection (40,53,2) -> (40,52,11)

Warning: Problem with EDITNNC keyword
In /home/AD.NORCERESEARCH.NO/mani/Documents/CSSR/MultiObjectiveWorkflow/include/edit/drogon.trans line 381 
No NNC defined for connection (22,11,3) -> (22,12,11)

Warning: Problem with EDITNNC keyword
In /home/AD.NORCERESEARCH.NO/mani/Documents/CSSR/MultiObjectiveWorkflow/include/edit/drogon.trans line 381 
No NNC defined for connection (21,12,3) -> (22,12,11)

Warning: Problem with EDITNNC keyword
In /home/AD.NORCERESEARCH.NO/mani/Documents/CSSR/MultiObjectiveWorkflow/include/edit/drogon.trans line 381 
No NNC defined for connection (27,15,3) -> (26,15,12)

Warning: Problem with EDITNNC keyword
In /home/AD.NORCERESEARCH.NO/mani/Documents/CSSR/MultiObjectiveWorkflow/include/edit/drogon.trans line 381 
No NNC defined for connection (21,25,3) -> (20,25,22)

Warning: Problem with EDITNNC keyword
In /home/AD.NORCERESEARCH.NO/mani/Documents/CSSR/MultiObjectiveWorkflow/include/edit/drogon.trans line 381 
No NNC defined for connection (20,26,3) -> (20,25,22)

Warning: Problem with EDITNNC keyword
In /home/AD.NORCERESEARCH.NO/mani/Documents/CSSR/MultiObjectiveWorkflow/include/edit/drogon.trans line 381 
No NNC defined for connection (18,29,3) -> (17,29,20)

Warning: Problem with EDITNNC keyword
In /home/AD.NORCERESEARCH.NO/mani/Documents/CSSR/MultiObjectiveWorkflow/include/edit/drogon.trans line 381 
No NNC defined for connection (27,36,3) -> (27,37,19)

Warning: Problem with EDITNNC keyword
In /home/AD.NORCERESEARCH.NO/mani/Documents/CSSR/MultiObjectiveWorkflow/include/edit/drogon.trans line 381 
No NNC defined for connection (26,37,3) -> (27,37,19)

Warning: Problem with EDITNNC keyword
In /home/AD.NORCERESEARCH.NO/mani/Documents/CSSR/MultiObjectiveWorkflow/include/edit/drogon.trans line 381 
No NNC defined for connection (26,40,3) -> (27,40,29)

Warning: Problem with EDITNNC keyword
In /home/AD.NORCERESEARCH.NO/mani/Documents/CSSR/MultiObjectiveWorkflow/include/edit/drogon.trans line 381 
No NNC defined for connection (26,40,3) -> (27,40,30)

Warning: Problem with EDITNNC keyword
In /home/AD.NORCERESEARCH.NO/mani/Documents/CSSR/MultiObjectiveWorkflow/include/edit/drogon.trans line 381 
No NNC defined for connection (26,40,3) -> (27,40,31)

Warning: Problem with EDITNNC keyword
In /home/AD.NORCERESEARCH.NO/mani/Documents/CSSR/MultiObjectiveWorkflow/include/edit/drogon.trans line 381 
No NNC defined for connection (27,43,3) -> (28,43,17)

Warning: Problem with EDITNNC keyword
In /home/AD.NORCERESEARCH.NO/mani/Documents/CSSR/MultiObjectiveWorkflow/include/edit/drogon.trans line 381 
No NNC defined for connection (40,53,3) -> (40,52,11)

Warning: Problem with EDITNNC keyword
In /home/AD.NORCERESEARCH.NO/mani/Documents/CSSR/MultiObjectiveWorkflow/include/edit/drogon.trans line 381 
No NNC defined for connection (22,11,4) -> (22,12,11)

Warning: Problem with EDITNNC keyword
In /home/AD.NORCERESEARCH.NO/mani/Documents/CSSR/MultiObjectiveWorkflow/include/edit/drogon.trans line 381 
No NNC defined for connection (21,12,4) -> (22,12,11)

Warning: Problem with EDITNNC keyword
In /home/AD.NORCERESEARCH.NO/mani/Documents/CSSR/MultiObjectiveWorkflow/include/edit/drogon.trans line 381 
No NNC defined for connection (27,15,4) -> (26,15,12)

Warning: Problem with EDITNNC keyword
In /home/AD.NORCERESEARCH.NO/mani/Documents/CSSR/MultiObjectiveWorkflow/include/edit/drogon.trans line 381 
No NNC defined for connection (17,24,4) -> (18,24,8)

Warning: Problem with EDITNNC keyword
In /home/AD.NORCERESEARCH.NO/mani/Documents/CSSR/MultiObjectiveWorkflow/include/edit/drogon.trans line 381 
No NNC defined for connection (21,25,4) -> (20,25,22)

Warning: Problem with EDITNNC keyword
In /home/AD.NORCERESEARCH.NO/mani/Documents/CSSR/MultiObjectiveWorkflow/include/edit/drogon.trans line 381 
No NNC defined for connection (20,26,4) -> (20,25,22)

Warning: Problem with EDITNNC keyword
In /home/AD.NORCERESEARCH.NO/mani/Documents/CSSR/MultiObjectiveWorkflow/include/edit/drogon.trans line 381 
No NNC defined for connection (18,29,4) -> (17,29,20)

Warning: Problem with EDITNNC keyword
In /home/AD.NORCERESEARCH.NO/mani/Documents/CSSR/MultiObjectiveWorkflow/include/edit/drogon.trans line 381 
No NNC defined for connection (27,36,4) -> (27,37,19)

Warning: Problem with EDITNNC keyword
In /home/AD.NORCERESEARCH.NO/mani/Documents/CSSR/MultiObjectiveWorkflow/include/edit/drogon.trans line 381 
No NNC defined for connection (26,37,4) -> (27,37,19)

Warning: Problem with EDITNNC keyword
In /home/AD.NORCERESEARCH.NO/mani/Documents/CSSR/MultiObjectiveWorkflow/include/edit/drogon.trans line 381 
No NNC defined for connection (40,53,4) -> (40,52,11)

Warning: Problem with EDITNNC keyword
In /home/AD.NORCERESEARCH.NO/mani/Documents/CSSR/MultiObjectiveWorkflow/include/edit/drogon.trans line 381 
No NNC defined for connection (22,11,5) -> (22,12,11)

Warning: Problem with EDITNNC keyword
In /home/AD.NORCERESEARCH.NO/mani/Documents/CSSR/MultiObjectiveWorkflow/include/edit/drogon.trans line 381 
No NNC defined for connection (27,15,5) -> (26,15,12)

Warning: Problem with EDITNNC keyword
In /home/AD.NORCERESEARCH.NO/mani/Documents/CSSR/MultiObjectiveWorkflow/include/edit/drogon.trans line 381 
No NNC defined for connection (27,15,5) -> (26,15,16)

Warning: Problem with EDITNNC keyword
In /home/AD.NORCERESEARCH.NO/mani/Documents/CSSR/MultiObjectiveWorkflow/include/edit/drogon.trans line 381 
No NNC defined for connection (17,24,5) -> (18,24,8)

Warning: Problem with EDITNNC keyword
In /home/AD.NORCERESEARCH.NO/mani/Documents/CSSR/MultiObjectiveWorkflow/include/edit/drogon.trans line 381 
No NNC defined for connection (21,25,5) -> (20,25,22)

Warning: Problem with EDITNNC keyword
In /home/AD.NORCERESEARCH.NO/mani/Documents/CSSR/MultiObjectiveWorkflow/include/edit/drogon.trans line 381 
No NNC defined for connection (20,26,5) -> (20,25,22)

Warning: Problem with EDITNNC keyword
In /home/AD.NORCERESEARCH.NO/mani/Documents/CSSR/MultiObjectiveWorkflow/include/edit/drogon.trans line 381 
No NNC defined for connection (18,29,5) -> (17,29,20)

Warning: Problem with EDITNNC keyword
In /home/AD.NORCERESEARCH.NO/mani/Documents/CSSR/MultiObjectiveWorkflow/include/edit/drogon.trans line 381 
No NNC defined for connection (27,36,5) -> (27,37,19)

Warning: Problem with EDITNNC keyword
In /home/AD.NORCERESEARCH.NO/mani/Documents/CSSR/MultiObjectiveWorkflow/include/edit/drogon.trans line 381 
No NNC defined for connection (26,37,5) -> (27,37,19)

Warning: Problem with EDITNNC keyword
In /home/AD.NORCERESEARCH.NO/mani/Documents/CSSR/MultiObjectiveWorkflow/include/edit/drogon.trans line 381 
No NNC defined for connection (22,11,6) -> (22,12,11)

Warning: Problem with EDITNNC keyword
In /home/AD.NORCERESEARCH.NO/mani/Documents/CSSR/MultiObjectiveWorkflow/include/edit/drogon.trans line 381 
No NNC defined for connection (27,15,6) -> (26,15,12)

Warning: Problem with EDITNNC keyword
In /home/AD.NORCERESEARCH.NO/mani/Documents/CSSR/MultiObjectiveWorkflow/include/edit/drogon.trans line 381 
No NNC defined for connection (27,15,6) -> (26,15,16)

Warning: Problem with EDITNNC keyword
In /home/AD.NORCERESEARCH.NO/mani/Documents/CSSR/MultiObjectiveWorkflow/include/edit/drogon.trans line 381 
No NNC defined for connection (27,15,6) -> (26,15,18)

Warning: Problem with EDITNNC keyword
In /home/AD.NORCERESEARCH.NO/mani/Documents/CSSR/MultiObjectiveWorkflow/include/edit/drogon.trans line 381 
No NNC defined for connection (28,23,6) -> (29,23,19)

Warning: Problem with EDITNNC keyword
In /home/AD.NORCERESEARCH.NO/mani/Documents/CSSR/MultiObjectiveWorkflow/include/edit/drogon.trans line 381 
No NNC defined for connection (17,24,6) -> (18,24,8)

Warning: Problem with EDITNNC keyword
In /home/AD.NORCERESEARCH.NO/mani/Documents/CSSR/MultiObjectiveWorkflow/include/edit/drogon.trans line 381 
No NNC defined for connection (17,24,6) -> (18,24,10)

Warning: Problem with EDITNNC keyword
In /home/AD.NORCERESEARCH.NO/mani/Documents/CSSR/MultiObjectiveWorkflow/include/edit/drogon.trans line 381 
No NNC defined for connection (21,25,6) -> (20,25,22)

Warning: Problem with EDITNNC keyword
In /home/AD.NORCERESEARCH.NO/mani/Documents/CSSR/MultiObjectiveWorkflow/include/edit/drogon.trans line 381 
No NNC defined for connection (20,26,6) -> (20,25,22)

Warning: Problem with EDITNNC keyword
In /home/AD.NORCERESEARCH.NO/mani/Documents/CSSR/MultiObjectiveWorkflow/include/edit/drogon.trans line 381 
No NNC defined for connection (18,29,6) -> (17,29,20)

Warning: Problem with EDITNNC keyword
In /home/AD.NORCERESEARCH.NO/mani/Documents/CSSR/MultiObjectiveWorkflow/include/edit/drogon.trans line 381 
No NNC defined for connection (36,68,6) -> (37,68,11)

Warning: Problem with EDITNNC keyword
In /home/AD.NORCERESEARCH.NO/mani/Documents/CSSR/MultiObjectiveWorkflow/include/edit/drogon.trans line 381 
No NNC defined for connection (22,11,7) -> (22,12,11)

Warning: Problem with EDITNNC keyword
In /home/AD.NORCERESEARCH.NO/mani/Documents/CSSR/MultiObjectiveWorkflow/include/edit/drogon.trans line 381 
No NNC defined for connection (34,13,7) -> (35,13,23)

Warning: Problem with EDITNNC keyword
In /home/AD.NORCERESEARCH.NO/mani/Documents/CSSR/MultiObjectiveWorkflow/include/edit/drogon.trans line 381 
No NNC defined for connection (27,14,7) -> (26,14,12)

Warning: Problem with EDITNNC keyword
In /home/AD.NORCERESEARCH.NO/mani/Documents/CSSR/MultiObjectiveWorkflow/include/edit/drogon.trans line 381 
No NNC defined for connection (27,15,7) -> (26,15,12)

Warning: Problem with EDITNNC keyword
In /home/AD.NORCERESEARCH.NO/mani/Documents/CSSR/MultiObjectiveWorkflow/include/edit/drogon.trans line 381 
No NNC defined for connection (27,15,7) -> (26,15,16)

Warning: Problem with EDITNNC keyword
In /home/AD.NORCERESEARCH.NO/mani/Documents/CSSR/MultiObjectiveWorkflow/include/edit/drogon.trans line 381 
No NNC defined for connection (27,15,7) -> (26,15,18)

Warning: Problem with EDITNNC keyword
In /home/AD.NORCERESEARCH.NO/mani/Documents/CSSR/MultiObjectiveWorkflow/include/edit/drogon.trans line 381 
No NNC defined for connection (28,23,7) -> (29,23,19)

Warning: Problem with EDITNNC keyword
In /home/AD.NORCERESEARCH.NO/mani/Documents/CSSR/MultiObjectiveWorkflow/include/edit/drogon.trans line 381 
No NNC defined for connection (17,24,7) -> (18,24,8)

Warning: Problem with EDITNNC keyword
In /home/AD.NORCERESEARCH.NO/mani/Documents/CSSR/MultiObjectiveWorkflow/include/edit/drogon.trans line 381 
No NNC defined for connection (17,24,7) -> (18,24,10)

Warning: Problem with EDITNNC keyword
In /home/AD.NORCERESEARCH.NO/mani/Documents/CSSR/MultiObjectiveWorkflow/include/edit/drogon.trans line 381 
No NNC defined for connection (18,29,7) -> (17,29,20)

Warning: Problem with EDITNNC keyword
In /home/AD.NORCERESEARCH.NO/mani/Documents/CSSR/MultiObjectiveWorkflow/include/edit/drogon.trans line 381 
No NNC defined for connection (17,30,7) -> (17,29,20)

Warning: Problem with EDITNNC keyword
In /home/AD.NORCERESEARCH.NO/mani/Documents/CSSR/MultiObjectiveWorkflow/include/edit/drogon.trans line 381 
No NNC defined for connection (36,50,7) -> (36,49,31)

Warning: Problem with EDITNNC keyword
In /home/AD.NORCERESEARCH.NO/mani/Documents/CSSR/MultiObjectiveWorkflow/include/edit/drogon.trans line 381 
No NNC defined for connection (36,50,7) -> (37,50,31)

Warning: Problem with EDITNNC keyword
In /home/AD.NORCERESEARCH.NO/mani/Documents/CSSR/MultiObjectiveWorkflow/include/edit/drogon.trans line 381 
No NNC defined for connection (36,68,7) -> (37,68,11)

Warning: Problem with EDITNNC keyword
In /home/AD.NORCERESEARCH.NO/mani/Documents/CSSR/MultiObjectiveWorkflow/include/edit/drogon.trans line 381 
No NNC defined for connection (22,11,8) -> (22,12,11)

Warning: Problem with EDITNNC keyword
In /home/AD.NORCERESEARCH.NO/mani/Documents/CSSR/MultiObjectiveWorkflow/include/edit/drogon.trans line 381 
No NNC defined for connection (34,13,8) -> (35,13,23)

Warning: Problem with EDITNNC keyword
In /home/AD.NORCERESEARCH.NO/mani/Documents/CSSR/MultiObjectiveWorkflow/include/edit/drogon.trans line 381 
No NNC defined for connection (27,14,8) -> (26,14,12)

Warning: Problem with EDITNNC keyword
In /home/AD.NORCERESEARCH.NO/mani/Documents/CSSR/MultiObjectiveWorkflow/include/edit/drogon.trans line 381 
No NNC defined for connection (27,15,8) -> (26,15,12)

Warning: Problem with EDITNNC keyword
In /home/AD.NORCERESEARCH.NO/mani/Documents/CSSR/MultiObjectiveWorkflow/include/edit/drogon.trans line 381 
No NNC defined for connection (27,15,8) -> (26,15,16)

Warning: Problem with EDITNNC keyword
In /home/AD.NORCERESEARCH.NO/mani/Documents/CSSR/MultiObjectiveWorkflow/include/edit/drogon.trans line 381 
No NNC defined for connection (27,15,8) -> (26,15,18)

Warning: Problem with EDITNNC keyword
In /home/AD.NORCERESEARCH.NO/mani/Documents/CSSR/MultiObjectiveWorkflow/include/edit/drogon.trans line 381 
No NNC defined for connection (17,24,8) -> (18,24,10)

Warning: Problem with EDITNNC keyword
In /home/AD.NORCERESEARCH.NO/mani/Documents/CSSR/MultiObjectiveWorkflow/include/edit/drogon.trans line 381 
No NNC defined for connection (21,25,8) -> (20,25,29)

Warning: Problem with EDITNNC keyword
In /home/AD.NORCERESEARCH.NO/mani/Documents/CSSR/MultiObjectiveWorkflow/include/edit/drogon.trans line 381 
No NNC defined for connection (21,25,8) -> (20,25,30)

Warning: Problem with EDITNNC keyword
In /home/AD.NORCERESEARCH.NO/mani/Documents/CSSR/MultiObjectiveWorkflow/include/edit/drogon.trans line 381 
No NNC defined for connection (21,25,8) -> (21,24,31)

Warning: Problem with EDITNNC keyword
In /home/AD.NORCERESEARCH.NO/mani/Documents/CSSR/MultiObjectiveWorkflow/include/edit/drogon.trans line 381 
No NNC defined for connection (21,25,8) -> (20,25,31)

Warning: Problem with EDITNNC keyword
In /home/AD.NORCERESEARCH.NO/mani/Documents/CSSR/MultiObjectiveWorkflow/include/edit/drogon.trans line 381 
No NNC defined for connection (17,30,8) -> (17,29,20)

Warning: Problem with EDITNNC keyword
In /home/AD.NORCERESEARCH.NO/mani/Documents/CSSR/MultiObjectiveWorkflow/include/edit/drogon.trans line 381 
No NNC defined for connection (25,48,8) -> (26,48,16)

Warning: Problem with EDITNNC keyword
In /home/AD.NORCERESEARCH.NO/mani/Documents/CSSR/MultiObjectiveWorkflow/include/edit/drogon.trans line 381 
No NNC defined for connection (26,49,8) -> (26,48,16)

Warning: Problem with EDITNNC keyword
In /home/AD.NORCERESEARCH.NO/mani/Documents/CSSR/MultiObjectiveWorkflow/include/edit/drogon.trans line 381 
No NNC defined for connection (36,68,8) -> (37,68,11)

Warning: Problem with EDITNNC keyword
In /home/AD.NORCERESEARCH.NO/mani/Documents/CSSR/MultiObjectiveWorkflow/include/edit/drogon.trans line 381 
No NNC defined for connection (22,11,9) -> (22,12,11)

Warning: Problem with EDITNNC keyword
In /home/AD.NORCERESEARCH.NO/mani/Documents/CSSR/MultiObjectiveWorkflow/include/edit/drogon.trans line 381 
No NNC defined for connection (34,13,9) -> (34,14,21)

Warning: Problem with EDITNNC keyword
In /home/AD.NORCERESEARCH.NO/mani/Documents/CSSR/MultiObjectiveWorkflow/include/edit/drogon.trans line 381 
No NNC defined for connection (34,13,9) -> (35,13,23)

Warning: Problem with EDITNNC keyword
In /home/AD.NORCERESEARCH.NO/mani/Documents/CSSR/MultiObjectiveWorkflow/include/edit/drogon.trans line 381 
No NNC defined for connection (27,14,9) -> (26,14,12)

Warning: Problem with EDITNNC keyword
In /home/AD.NORCERESEARCH.NO/mani/Documents/CSSR/MultiObjectiveWorkflow/include/edit/drogon.trans line 381 
No NNC defined for connection (27,15,9) -> (26,15,16)

Warning: Problem with EDITNNC keyword
In /home/AD.NORCERESEARCH.NO/mani/Documents/CSSR/MultiObjectiveWorkflow/include/edit/drogon.trans line 381 
No NNC defined for connection (27,15,9) -> (26,15,18)

Warning: Problem with EDITNNC keyword
In /home/AD.NORCERESEARCH.NO/mani/Documents/CSSR/MultiObjectiveWorkflow/include/edit/drogon.trans line 381 
No NNC defined for connection (17,24,9) -> (18,24,10)

Warning: Problem with EDITNNC keyword
In /home/AD.NORCERESEARCH.NO/mani/Documents/CSSR/MultiObjectiveWorkflow/include/edit/drogon.trans line 381 
No NNC defined for connection (17,30,9) -> (17,29,20)

Warning: Problem with EDITNNC keyword
In /home/AD.NORCERESEARCH.NO/mani/Documents/CSSR/MultiObjectiveWorkflow/include/edit/drogon.trans line 381 
No NNC defined for connection (25,48,9) -> (26,48,16)

Warning: Problem with EDITNNC keyword
In /home/AD.NORCERESEARCH.NO/mani/Documents/CSSR/MultiObjectiveWorkflow/include/edit/drogon.trans line 381 
No NNC defined for connection (26,49,9) -> (26,48,16)

Warning: Problem with EDITNNC keyword
In /home/AD.NORCERESEARCH.NO/mani/Documents/CSSR/MultiObjectiveWorkflow/include/edit/drogon.trans line 381 
No NNC defined for connection (36,68,9) -> (37,68,11)

Warning: Problem with EDITNNC keyword
In /home/AD.NORCERESEARCH.NO/mani/Documents/CSSR/MultiObjectiveWorkflow/include/edit/drogon.trans line 381 
No NNC defined for connection (34,13,10) -> (34,14,21)

Warning: Problem with EDITNNC keyword
In /home/AD.NORCERESEARCH.NO/mani/Documents/CSSR/MultiObjectiveWorkflow/include/edit/drogon.trans line 381 
No NNC defined for connection (34,13,10) -> (34,14,22)

Warning: Problem with EDITNNC keyword
In /home/AD.NORCERESEARCH.NO/mani/Documents/CSSR/MultiObjectiveWorkflow/include/edit/drogon.trans line 381 
No NNC defined for connection (34,13,10) -> (35,13,23)

Warning: Problem with EDITNNC keyword
In /home/AD.NORCERESEARCH.NO/mani/Documents/CSSR/MultiObjectiveWorkflow/include/edit/drogon.trans line 381 
No NNC defined for connection (27,14,10) -> (26,14,12)

Warning: Problem with EDITNNC keyword
In /home/AD.NORCERESEARCH.NO/mani/Documents/CSSR/MultiObjectiveWorkflow/include/edit/drogon.trans line 381 
No NNC defined for connection (27,15,10) -> (26,15,16)

Warning: Problem with EDITNNC keyword
In /home/AD.NORCERESEARCH.NO/mani/Documents/CSSR/MultiObjectiveWorkflow/include/edit/drogon.trans line 381 
No NNC defined for connection (27,15,10) -> (26,15,18)

Warning: Problem with EDITNNC keyword
In /home/AD.NORCERESEARCH.NO/mani/Documents/CSSR/MultiObjectiveWorkflow/include/edit/drogon.trans line 381 
No NNC defined for connection (33,15,10) -> (34,15,20)

Warning: Problem with EDITNNC keyword
In /home/AD.NORCERESEARCH.NO/mani/Documents/CSSR/MultiObjectiveWorkflow/include/edit/drogon.trans line 381 
No NNC defined for connection (33,16,10) -> (34,16,19)

Warning: Problem with EDITNNC keyword
In /home/AD.NORCERESEARCH.NO/mani/Documents/CSSR/MultiObjectiveWorkflow/include/edit/drogon.trans line 381 
No NNC defined for connection (33,16,10) -> (33,17,19)

Warning: Problem with EDITNNC keyword
In /home/AD.NORCERESEARCH.NO/mani/Documents/CSSR/MultiObjectiveWorkflow/include/edit/drogon.trans line 381 
No NNC defined for connection (17,30,10) -> (17,29,20)

Warning: Problem with EDITNNC keyword
In /home/AD.NORCERESEARCH.NO/mani/Documents/CSSR/MultiObjectiveWorkflow/include/edit/drogon.trans line 381 
No NNC defined for connection (22,45,10) -> (23,45,17)

Warning: Problem with EDITNNC keyword
In /home/AD.NORCERESEARCH.NO/mani/Documents/CSSR/MultiObjectiveWorkflow/include/edit/drogon.trans line 381 
No NNC defined for connection (23,46,10) -> (23,45,17)

Warning: Problem with EDITNNC keyword
In /home/AD.NORCERESEARCH.NO/mani/Documents/CSSR/MultiObjectiveWorkflow/include/edit/drogon.trans line 381 
No NNC defined for connection (23,46,10) -> (24,46,17)

Warning: Problem with EDITNNC keyword
In /home/AD.NORCERESEARCH.NO/mani/Documents/CSSR/MultiObjectiveWorkflow/include/edit/drogon.trans line 381 
No NNC defined for connection (24,47,10) -> (24,46,17)

Warning: Problem with EDITNNC keyword
In /home/AD.NORCERESEARCH.NO/mani/Documents/CSSR/MultiObjectiveWorkflow/include/edit/drogon.trans line 381 
No NNC defined for connection (25,48,10) -> (26,48,16)

Warning: Problem with EDITNNC keyword
In /home/AD.NORCERESEARCH.NO/mani/Documents/CSSR/MultiObjectiveWorkflow/include/edit/drogon.trans line 381 
No NNC defined for connection (26,49,10) -> (26,48,16)

Warning: Problem with EDITNNC keyword
In /home/AD.NORCERESEARCH.NO/mani/Documents/CSSR/MultiObjectiveWorkflow/include/edit/drogon.trans line 381 
No NNC defined for connection (36,68,10) -> (37,68,11)

Warning: Problem with EDITNNC keyword
In /home/AD.NORCERESEARCH.NO/mani/Documents/CSSR/MultiObjectiveWorkflow/include/edit/drogon.trans line 381 
No NNC defined for connection (34,13,11) -> (34,14,21)

Warning: Problem with EDITNNC keyword
In /home/AD.NORCERESEARCH.NO/mani/Documents/CSSR/MultiObjectiveWorkflow/include/edit/drogon.trans line 381 
No NNC defined for connection (34,13,11) -> (34,14,22)

Warning: Problem with EDITNNC keyword
In /home/AD.NORCERESEARCH.NO/mani/Documents/CSSR/MultiObjectiveWorkflow/include/edit/drogon.trans line 381 
No NNC defined for connection (34,13,11) -> (35,13,23)

Warning: Problem with EDITNNC keyword
In /home/AD.NORCERESEARCH.NO/mani/Documents/CSSR/MultiObjectiveWorkflow/include/edit/drogon.trans line 381 
No NNC defined for connection (27,14,11) -> (26,14,12)

Warning: Problem with EDITNNC keyword
In /home/AD.NORCERESEARCH.NO/mani/Documents/CSSR/MultiObjectiveWorkflow/include/edit/drogon.trans line 381 
No NNC defined for connection (33,14,11) -> (34,14,21)

Warning: Problem with EDITNNC keyword
In /home/AD.NORCERESEARCH.NO/mani/Documents/CSSR/MultiObjectiveWorkflow/include/edit/drogon.trans line 381 
No NNC defined for connection (27,15,11) -> (26,15,16)

Warning: Problem with EDITNNC keyword
In /home/AD.NORCERESEARCH.NO/mani/Documents/CSSR/MultiObjectiveWorkflow/include/edit/drogon.trans line 381 
No NNC defined for connection (27,15,11) -> (26,15,18)

Warning: Problem with EDITNNC keyword
In /home/AD.NORCERESEARCH.NO/mani/Documents/CSSR/MultiObjectiveWorkflow/include/edit/drogon.trans line 381 
No NNC defined for connection (33,15,11) -> (34,15,20)

Warning: Problem with EDITNNC keyword
In /home/AD.NORCERESEARCH.NO/mani/Documents/CSSR/MultiObjectiveWorkflow/include/edit/drogon.trans line 381 
No NNC defined for connection (33,16,11) -> (33,17,19)

Warning: Problem with EDITNNC keyword
In /home/AD.NORCERESEARCH.NO/mani/Documents/CSSR/MultiObjectiveWorkflow/include/edit/drogon.trans line 381 
No NNC defined for connection (17,30,11) -> (17,29,20)

Warning: Problem with EDITNNC keyword
In /home/AD.NORCERESEARCH.NO/mani/Documents/CSSR/MultiObjectiveWorkflow/include/edit/drogon.trans line 381 
No NNC defined for connection (22,45,11) -> (23,45,17)

Warning: Problem with EDITNNC keyword
In /home/AD.NORCERESEARCH.NO/mani/Documents/CSSR/MultiObjectiveWorkflow/include/edit/drogon.trans line 381 
No NNC defined for connection (23,46,11) -> (23,45,17)

Warning: Problem with EDITNNC keyword
In /home/AD.NORCERESEARCH.NO/mani/Documents/CSSR/MultiObjectiveWorkflow/include/edit/drogon.trans line 381 
No NNC defined for connection (23,46,11) -> (24,46,17)

Warning: Problem with EDITNNC keyword
In /home/AD.NORCERESEARCH.NO/mani/Documents/CSSR/MultiObjectiveWorkflow/include/edit/drogon.trans line 381 
No NNC defined for connection (24,47,11) -> (24,46,17)

Warning: Problem with EDITNNC keyword
In /home/AD.NORCERESEARCH.NO/mani/Documents/CSSR/MultiObjectiveWorkflow/include/edit/drogon.trans line 381 
No NNC defined for connection (25,48,11) -> (26,48,16)

Warning: Problem with EDITNNC keyword
In /home/AD.NORCERESEARCH.NO/mani/Documents/CSSR/MultiObjectiveWorkflow/include/edit/drogon.trans line 381 
No NNC defined for connection (39,52,11) -> (40,52,30)

Warning: Problem with EDITNNC keyword
In /home/AD.NORCERESEARCH.NO/mani/Documents/CSSR/MultiObjectiveWorkflow/include/edit/drogon.trans line 381 
No NNC defined for connection (39,52,11) -> (39,51,31)

Warning: Problem with EDITNNC keyword
In /home/AD.NORCERESEARCH.NO/mani/Documents/CSSR/MultiObjectiveWorkflow/include/edit/drogon.trans line 381 
No NNC defined for connection (39,52,11) -> (40,52,31)

Warning: Problem with EDITNNC keyword
In /home/AD.NORCERESEARCH.NO/mani/Documents/CSSR/MultiObjectiveWorkflow/include/edit/drogon.trans line 381 
No NNC defined for connection (34,13,12) -> (34,14,21)

Warning: Problem with EDITNNC keyword
In /home/AD.NORCERESEARCH.NO/mani/Documents/CSSR/MultiObjectiveWorkflow/include/edit/drogon.trans line 381 
No NNC defined for connection (34,13,12) -> (34,14,22)

Warning: Problem with EDITNNC keyword
In /home/AD.NORCERESEARCH.NO/mani/Documents/CSSR/MultiObjectiveWorkflow/include/edit/drogon.trans line 381 
No NNC defined for connection (33,14,12) -> (34,14,21)

Warning: Problem with EDITNNC keyword
In /home/AD.NORCERESEARCH.NO/mani/Documents/CSSR/MultiObjectiveWorkflow/include/edit/drogon.trans line 381 
No NNC defined for connection (27,15,12) -> (26,15,16)

Warning: Problem with EDITNNC keyword
In /home/AD.NORCERESEARCH.NO/mani/Documents/CSSR/MultiObjectiveWorkflow/include/edit/drogon.trans line 381 
No NNC defined for connection (27,15,12) -> (26,15,18)

Warning: Problem with EDITNNC keyword
In /home/AD.NORCERESEARCH.NO/mani/Documents/CSSR/MultiObjectiveWorkflow/include/edit/drogon.trans line 381 
No NNC defined for connection (33,16,12) -> (33,17,19)

Warning: Problem with EDITNNC keyword
In /home/AD.NORCERESEARCH.NO/mani/Documents/CSSR/MultiObjectiveWorkflow/include/edit/drogon.trans line 381 
No NNC defined for connection (29,21,12) -> (30,21,29)

Warning: Problem with EDITNNC keyword
In /home/AD.NORCERESEARCH.NO/mani/Documents/CSSR/MultiObjectiveWorkflow/include/edit/drogon.trans line 381 
No NNC defined for connection (29,21,12) -> (30,21,30)

Warning: Problem with EDITNNC keyword
In /home/AD.NORCERESEARCH.NO/mani/Documents/CSSR/MultiObjectiveWorkflow/include/edit/drogon.trans line 381 
No NNC defined for connection (29,21,12) -> (29,22,30)

Warning: Problem with EDITNNC keyword
In /home/AD.NORCERESEARCH.NO/mani/Documents/CSSR/MultiObjectiveWorkflow/include/edit/drogon.trans line 381 
No NNC defined for connection (29,21,12) -> (30,21,31)

Warning: Problem with EDITNNC keyword
In /home/AD.NORCERESEARCH.NO/mani/Documents/CSSR/MultiObjectiveWorkflow/include/edit/drogon.trans line 381 
No NNC defined for connection (29,21,12) -> (29,22,31)

Warning: Problem with EDITNNC keyword
In /home/AD.NORCERESEARCH.NO/mani/Documents/CSSR/MultiObjectiveWorkflow/include/edit/drogon.trans line 381 
No NNC defined for connection (28,22,12) -> (29,22,31)

Warning: Problem with EDITNNC keyword
In /home/AD.NORCERESEARCH.NO/mani/Documents/CSSR/MultiObjectiveWorkflow/include/edit/drogon.trans line 381 
No NNC defined for connection (22,45,12) -> (23,45,17)

Warning: Problem with EDITNNC keyword
In /home/AD.NORCERESEARCH.NO/mani/Documents/CSSR/MultiObjectiveWorkflow/include/edit/drogon.trans line 381 
No NNC defined for connection (23,46,12) -> (23,45,17)

Warning: Problem with EDITNNC keyword
In /home/AD.NORCERESEARCH.NO/mani/Documents/CSSR/MultiObjectiveWorkflow/include/edit/drogon.trans line 381 
No NNC defined for connection (23,46,12) -> (24,46,17)

Warning: Problem with EDITNNC keyword
In /home/AD.NORCERESEARCH.NO/mani/Documents/CSSR/MultiObjectiveWorkflow/include/edit/drogon.trans line 381 
No NNC defined for connection (24,47,12) -> (24,46,17)

Warning: Problem with EDITNNC keyword
In /home/AD.NORCERESEARCH.NO/mani/Documents/CSSR/MultiObjectiveWorkflow/include/edit/drogon.trans line 381 
No NNC defined for connection (25,48,12) -> (26,48,16)

Warning: Problem with EDITNNC keyword
In /home/AD.NORCERESEARCH.NO/mani/Documents/CSSR/MultiObjectiveWorkflow/include/edit/drogon.trans line 381 
No NNC defined for connection (34,8,13) -> (33,8,31)

Warning: Problem with EDITNNC keyword
In /home/AD.NORCERESEARCH.NO/mani/Documents/CSSR/MultiObjectiveWorkflow/include/edit/drogon.trans line 381 
No NNC defined for connection (27,15,13) -> (26,15,18)

Warning: Problem with EDITNNC keyword
In /home/AD.NORCERESEARCH.NO/mani/Documents/CSSR/MultiObjectiveWorkflow/include/edit/drogon.trans line 381 
No NNC defined for connection (33,16,13) -> (33,17,19)

Warning: Problem with EDITNNC keyword
In /home/AD.NORCERESEARCH.NO/mani/Documents/CSSR/MultiObjectiveWorkflow/include/edit/drogon.trans line 381 
No NNC defined for connection (32,17,13) -> (33,17,19)

Warning: Problem with EDITNNC keyword
In /home/AD.NORCERESEARCH.NO/mani/Documents/CSSR/MultiObjectiveWorkflow/include/edit/drogon.trans line 381 
No NNC defined for connection (32,17,13) -> (32,18,19)

Warning: Problem with EDITNNC keyword
In /home/AD.NORCERESEARCH.NO/mani/Documents/CSSR/MultiObjectiveWorkflow/include/edit/drogon.trans line 381 
No NNC defined for connection (27,43,13) -> (28,43,31)

Warning: Problem with EDITNNC keyword
In /home/AD.NORCERESEARCH.NO/mani/Documents/CSSR/MultiObjectiveWorkflow/include/edit/drogon.trans line 381 
No NNC defined for connection (22,45,13) -> (23,45,17)

Warning: Problem with EDITNNC keyword
In /home/AD.NORCERESEARCH.NO/mani/Documents/CSSR/MultiObjectiveWorkflow/include/edit/drogon.trans line 381 
No NNC defined for connection (23,46,13) -> (23,45,17)

Warning: Problem with EDITNNC keyword
In /home/AD.NORCERESEARCH.NO/mani/Documents/CSSR/MultiObjectiveWorkflow/include/edit/drogon.trans line 381 
No NNC defined for connection (23,46,13) -> (24,46,17)

Warning: Problem with EDITNNC keyword
In /home/AD.NORCERESEARCH.NO/mani/Documents/CSSR/MultiObjectiveWorkflow/include/edit/drogon.trans line 381 
No NNC defined for connection (24,47,13) -> (24,46,17)

Warning: Problem with EDITNNC keyword
In /home/AD.NORCERESEARCH.NO/mani/Documents/CSSR/MultiObjectiveWorkflow/include/edit/drogon.trans line 381 
No NNC defined for connection (27,15,14) -> (26,15,18)

Warning: Problem with EDITNNC keyword
In /home/AD.NORCERESEARCH.NO/mani/Documents/CSSR/MultiObjectiveWorkflow/include/edit/drogon.trans line 381 
No NNC defined for connection (32,17,14) -> (32,18,19)

Warning: Problem with EDITNNC keyword
In /home/AD.NORCERESEARCH.NO/mani/Documents/CSSR/MultiObjectiveWorkflow/include/edit/drogon.trans line 381 
No NNC defined for connection (31,18,14) -> (32,18,19)

Warning: Problem with EDITNNC keyword
In /home/AD.NORCERESEARCH.NO/mani/Documents/CSSR/MultiObjectiveWorkflow/include/edit/drogon.trans line 381 
No NNC defined for connection (17,31,14) -> (16,31,19)

Warning: Problem with EDITNNC keyword
In /home/AD.NORCERESEARCH.NO/mani/Documents/CSSR/MultiObjectiveWorkflow/include/edit/drogon.trans line 381 
No NNC defined for connection (22,44,14) -> (23,44,17)

Warning: Problem with EDITNNC keyword
In /home/AD.NORCERESEARCH.NO/mani/Documents/CSSR/MultiObjectiveWorkflow/include/edit/drogon.trans line 381 
No NNC defined for connection (22,45,14) -> (23,45,17)

Warning: Problem with EDITNNC keyword
In /home/AD.NORCERESEARCH.NO/mani/Documents/CSSR/MultiObjectiveWorkflow/include/edit/drogon.trans line 381 
No NNC defined for connection (23,46,14) -> (23,45,17)

Warning: Problem with EDITNNC keyword
In /home/AD.NORCERESEARCH.NO/mani/Documents/CSSR/MultiObjectiveWorkflow/include/edit/drogon.trans line 381 
No NNC defined for connection (23,46,14) -> (24,46,17)

Warning: Problem with EDITNNC keyword
In /home/AD.NORCERESEARCH.NO/mani/Documents/CSSR/MultiObjectiveWorkflow/include/edit/drogon.trans line 381 
No NNC defined for connection (17,31,15) -> (16,31,19)

Warning: Problem with EDITNNC keyword
In /home/AD.NORCERESEARCH.NO/mani/Documents/CSSR/MultiObjectiveWorkflow/include/edit/drogon.trans line 381 
No NNC defined for connection (16,32,15) -> (16,31,19)

Warning: Problem with EDITNNC keyword
In /home/AD.NORCERESEARCH.NO/mani/Documents/CSSR/MultiObjectiveWorkflow/include/edit/drogon.trans line 381 
No NNC defined for connection (22,44,15) -> (23,44,17)

Warning: Problem with EDITNNC keyword
In /home/AD.NORCERESEARCH.NO/mani/Documents/CSSR/MultiObjectiveWorkflow/include/edit/drogon.trans line 381 
No NNC defined for connection (22,45,15) -> (23,45,17)

Warning: Problem with EDITNNC keyword
In /home/AD.NORCERESEARCH.NO/mani/Documents/CSSR/MultiObjectiveWorkflow/include/edit/drogon.trans line 381 
No NNC defined for connection (27,15,16) -> (26,15,28)

Warning: Problem with EDITNNC keyword
In /home/AD.NORCERESEARCH.NO/mani/Documents/CSSR/MultiObjectiveWorkflow/include/edit/drogon.trans line 381 
No NNC defined for connection (27,15,16) -> (26,15,29)

Warning: Problem with EDITNNC keyword
In /home/AD.NORCERESEARCH.NO/mani/Documents/CSSR/MultiObjectiveWorkflow/include/edit/drogon.trans line 381 
No NNC defined for connection (27,15,16) -> (26,15,30)

Warning: Problem with EDITNNC keyword
In /home/AD.NORCERESEARCH.NO/mani/Documents/CSSR/MultiObjectiveWorkflow/include/edit/drogon.trans line 381 
No NNC defined for connection (27,15,16) -> (26,15,31)

Warning: Problem with EDITNNC keyword
In /home/AD.NORCERESEARCH.NO/mani/Documents/CSSR/MultiObjectiveWorkflow/include/edit/drogon.trans line 381 
No NNC defined for connection (17,31,16) -> (16,31,19)

Warning: Problem with EDITNNC keyword
In /home/AD.NORCERESEARCH.NO/mani/Documents/CSSR/MultiObjectiveWorkflow/include/edit/drogon.trans line 381 
No NNC defined for connection (16,32,16) -> (16,31,19)

Warning: Problem with EDITNNC keyword
In /home/AD.NORCERESEARCH.NO/mani/Documents/CSSR/MultiObjectiveWorkflow/include/edit/drogon.trans line 381 
No NNC defined for connection (22,44,16) -> (23,44,17)

Warning: Problem with EDITNNC keyword
In /home/AD.NORCERESEARCH.NO/mani/Documents/CSSR/MultiObjectiveWorkflow/include/edit/drogon.trans line 381 
No NNC defined for connection (27,44,16) -> (28,44,31)

Warning: Problem with EDITNNC keyword
In /home/AD.NORCERESEARCH.NO/mani/Documents/CSSR/MultiObjectiveWorkflow/include/edit/drogon.trans line 381 
No NNC defined for connection (25,48,16) -> (25,47,28)

Warning: Problem with EDITNNC keyword
In /home/AD.NORCERESEARCH.NO/mani/Documents/CSSR/MultiObjectiveWorkflow/include/edit/drogon.trans line 381 
No NNC defined for connection (25,48,16) -> (26,48,28)

Warning: Problem with EDITNNC keyword
In /home/AD.NORCERESEARCH.NO/mani/Documents/CSSR/MultiObjectiveWorkflow/include/edit/drogon.trans line 381 
No NNC defined for connection (25,48,16) -> (25,47,29)

Warning: Problem with EDITNNC keyword
In /home/AD.NORCERESEARCH.NO/mani/Documents/CSSR/MultiObjectiveWorkflow/include/edit/drogon.trans line 381 
No NNC defined for connection (25,48,16) -> (26,48,29)

Warning: Problem with EDITNNC keyword
In /home/AD.NORCERESEARCH.NO/mani/Documents/CSSR/MultiObjectiveWorkflow/include/edit/drogon.trans line 381 
No NNC defined for connection (25,48,16) -> (25,47,30)

Warning: Problem with EDITNNC keyword
In /home/AD.NORCERESEARCH.NO/mani/Documents/CSSR/MultiObjectiveWorkflow/include/edit/drogon.trans line 381 
No NNC defined for connection (25,48,16) -> (26,48,30)

Warning: Problem with EDITNNC keyword
In /home/AD.NORCERESEARCH.NO/mani/Documents/CSSR/MultiObjectiveWorkflow/include/edit/drogon.trans line 381 
No NNC defined for connection (31,18,17) -> (32,18,30)

Warning: Problem with EDITNNC keyword
In /home/AD.NORCERESEARCH.NO/mani/Documents/CSSR/MultiObjectiveWorkflow/include/edit/drogon.trans line 381 
No NNC defined for connection (31,18,17) -> (32,18,31)

Warning: Problem with EDITNNC keyword
In /home/AD.NORCERESEARCH.NO/mani/Documents/CSSR/MultiObjectiveWorkflow/include/edit/drogon.trans line 381 
No NNC defined for connection (31,18,17) -> (31,19,31)

Warning: Problem with EDITNNC keyword
In /home/AD.NORCERESEARCH.NO/mani/Documents/CSSR/MultiObjectiveWorkflow/include/edit/drogon.trans line 381 
No NNC defined for connection (16,32,17) -> (16,31,19)

Warning: Problem with EDITNNC keyword
In /home/AD.NORCERESEARCH.NO/mani/Documents/CSSR/MultiObjectiveWorkflow/include/edit/drogon.trans line 381 
No NNC defined for connection (16,32,17) -> (15,32,19)

Warning: Problem with EDITNNC keyword
In /home/AD.NORCERESEARCH.NO/mani/Documents/CSSR/MultiObjectiveWorkflow/include/edit/drogon.trans line 381 
No NNC defined for connection (22,44,17) -> (22,43,18)

Warning: Problem with EDITNNC keyword
In /home/AD.NORCERESEARCH.NO/mani/Documents/CSSR/MultiObjectiveWorkflow/include/edit/drogon.trans line 381 
No NNC defined for connection (23,46,17) -> (23,45,28)

Warning: Problem with EDITNNC keyword
In /home/AD.NORCERESEARCH.NO/mani/Documents/CSSR/MultiObjectiveWorkflow/include/edit/drogon.trans line 381 
No NNC defined for connection (23,46,17) -> (24,46,28)

Warning: Problem with EDITNNC keyword
In /home/AD.NORCERESEARCH.NO/mani/Documents/CSSR/MultiObjectiveWorkflow/include/edit/drogon.trans line 381 
No NNC defined for connection (23,46,17) -> (23,45,29)

Warning: Problem with EDITNNC keyword
In /home/AD.NORCERESEARCH.NO/mani/Documents/CSSR/MultiObjectiveWorkflow/include/edit/drogon.trans line 381 
No NNC defined for connection (23,46,17) -> (24,46,29)

Warning: Problem with EDITNNC keyword
In /home/AD.NORCERESEARCH.NO/mani/Documents/CSSR/MultiObjectiveWorkflow/include/edit/drogon.trans line 381 
No NNC defined for connection (23,46,17) -> (23,45,30)

Warning: Problem with EDITNNC keyword
In /home/AD.NORCERESEARCH.NO/mani/Documents/CSSR/MultiObjectiveWorkflow/include/edit/drogon.trans line 381 
No NNC defined for connection (23,46,17) -> (24,46,30)

Warning: Problem with EDITNNC keyword
In /home/AD.NORCERESEARCH.NO/mani/Documents/CSSR/MultiObjectiveWorkflow/include/edit/drogon.trans line 381 
No NNC defined for connection (23,46,17) -> (23,45,31)

Warning: Problem with EDITNNC keyword
In /home/AD.NORCERESEARCH.NO/mani/Documents/CSSR/MultiObjectiveWorkflow/include/edit/drogon.trans line 381 
No NNC defined for connection (24,47,17) -> (24,46,28)

Warning: Problem with EDITNNC keyword
In /home/AD.NORCERESEARCH.NO/mani/Documents/CSSR/MultiObjectiveWorkflow/include/edit/drogon.trans line 381 
No NNC defined for connection (24,47,17) -> (24,46,29)

Warning: Problem with EDITNNC keyword
In /home/AD.NORCERESEARCH.NO/mani/Documents/CSSR/MultiObjectiveWorkflow/include/edit/drogon.trans line 381 
No NNC defined for connection (24,47,17) -> (24,46,30)

Warning: Problem with EDITNNC keyword
In /home/AD.NORCERESEARCH.NO/mani/Documents/CSSR/MultiObjectiveWorkflow/include/edit/drogon.trans line 381 
No NNC defined for connection (17,30,18) -> (16,30,30)

Warning: Problem with EDITNNC keyword
In /home/AD.NORCERESEARCH.NO/mani/Documents/CSSR/MultiObjectiveWorkflow/include/edit/drogon.trans line 381 
No NNC defined for connection (17,30,18) -> (16,30,31)

Warning: Problem with EDITNNC keyword
In /home/AD.NORCERESEARCH.NO/mani/Documents/CSSR/MultiObjectiveWorkflow/include/edit/drogon.trans line 381 
No NNC defined for connection (16,32,18) -> (15,32,19)

Warning: Problem with EDITNNC keyword
In /home/AD.NORCERESEARCH.NO/mani/Documents/CSSR/MultiObjectiveWorkflow/include/edit/drogon.trans line 381 
No NNC defined for connection (15,33,18) -> (15,32,19)

Warning: Problem with EDITNNC keyword
In /home/AD.NORCERESEARCH.NO/mani/Documents/CSSR/MultiObjectiveWorkflow/include/edit/drogon.trans line 381 
No NNC defined for connection (22,44,18) -> (22,43,27)

Warning: Problem with EDITNNC keyword
In /home/AD.NORCERESEARCH.NO/mani/Documents/CSSR/MultiObjectiveWorkflow/include/edit/drogon.trans line 381 
No NNC defined for connection (17,31,19) -> (16,31,30)

Warning: Problem with EDITNNC keyword
In /home/AD.NORCERESEARCH.NO/mani/Documents/CSSR/MultiObjectiveWorkflow/include/edit/drogon.trans line 381 
No NNC defined for connection (17,31,19) -> (16,31,31)

Warning: Problem with EDITNNC keyword
In /home/AD.NORCERESEARCH.NO/mani/Documents/CSSR/MultiObjectiveWorkflow/include/edit/drogon.trans line 381 
No NNC defined for connection (16,32,19) -> (16,31,28)

Warning: Problem with EDITNNC keyword
In /home/AD.NORCERESEARCH.NO/mani/Documents/CSSR/MultiObjectiveWorkflow/include/edit/drogon.trans line 381 
No NNC defined for connection (16,32,19) -> (16,31,29)

Warning: Problem with EDITNNC keyword
In /home/AD.NORCERESEARCH.NO/mani/Documents/CSSR/MultiObjectiveWorkflow/include/edit/drogon.trans line 381 
No NNC defined for connection (16,32,19) -> (16,31,30)

Warning: Problems with EDITNNC keyword
A total of 221 connections not defined in grid

LIST OF ALL NON-ZERO THRESHOLD PRESSURES
----------------------------------------

    FLOW FROM REGION             TO REGION                     THRESHOLD PRESSURE
    ----------------             ---------                     ------------------
         1                            2                          0.1369048       BARSA
         1                            3                        1.21519e-09       BARSA
         1                            4                           1.108852       BARSA
         1                            5                                  0       BARSA
         1                            6                                  0       BARSA
         1                            7                                  0       BARSA
         2                            3                        1.870058e-09       BARSA
         2                            4                                  0       BARSA
         2                            5                        2.182908e-09       BARSA
         2                            6                        4.000813e-09       BARSA
         2                            7                                  0       BARSA
         3                            4                          0.4848469       BARSA
         3                            5                                  0       BARSA
         3                            6                        9.422749e-10       BARSA
         3                            7                        7.363968e-09       BARSA
         4                            5                                  0       BARSA
         4                            6                                  0       BARSA
         4                            7                                  0       BARSA
         5                            6                        2.531745e-09       BARSA
         5                            7                                  0       BARSA
         6                            7                          0.4702933       BARSA
    ----------------             ---------                     ------------------


                              **************************************************************************
  BALANCE  AT         0  DAYS *Drogon synthetic reservoir model                                          *
  REPORT    0    01 Jan 2018  *                                             Flow  version     2025.04  *
                              **************************************************************************


                                                    ==================================================
                                                    :                  FIELD TOTALS                  :
                                                    :        PAV  =           301  BARSA             :
                                                    :        PORV =     528265459  RM3               :
                                                    : Pressure is weighted by hydrocarbon pore volume:
                                                    : Pore volumes are taken at reference conditions :
                          :--------------- OIL  SM3 ------------------:-- WAT    SM3 --:--------------  GAS     SM3 ---------------:
                          :    LIQUID         VAPOUR        TOTAL     :     TOTAL      :     FREE        DISSOLVED       TOTAL     :
:-------------------------:-------------------------------------------:----------------:-------------------------------------------:
:CURRENTLY IN PLACE       :   45436068        197270       45633338   :   443134656    :  1282312940     6465885290    7748198230  :
:-------------------------:-------------------------------------------:----------------:-------------------------------------------:
:ORIGINALLY IN PLACE      :   45436068        197270       45633338   :   443134656    :  1282312940     6465885290    7748198230  :
====================================================================================================================================



                                                    ==================================================
                                                    :              FIPNUM REPORT REGION  1           :
                                                    :        PAV  =           300  BARSA             :
                                                    :        PORV =      89898543  RM3               :
                          :--------------- OIL  SM3 ------------------:-- WAT    SM3 --:--------------  GAS     SM3 ---------------:
                          :    LIQUID         VAPOUR        TOTAL     :     TOTAL      :     FREE        DISSOLVED       TOTAL     :
:-------------------------:-------------------------------------------:----------------:-------------------------------------------:
:CURRENTLY IN PLACE       :    575487           0           575487    :    86270005    :       0          81040075      81040075   :
:-------------------------:-------------------------------------------:----------------:-------------------------------------------:
:ORIGINALLY IN PLACE      :    575487           0           575487    :    86270005    :       0          81040075      81040075   :
:-------------------------:-------------------------------------------:----------------:-------------------------------------------:
====================================================================================================================================



                                                    ==================================================
                                                    :              FIPNUM REPORT REGION  2           :
                                                    :        PAV  =           302  BARSA             :
                                                    :        PORV =      20521379  RM3               :
                          :--------------- OIL  SM3 ------------------:-- WAT    SM3 --:--------------  GAS     SM3 ---------------:
                          :    LIQUID         VAPOUR        TOTAL     :     TOTAL      :     FREE        DISSOLVED       TOTAL     :
:-------------------------:-------------------------------------------:----------------:-------------------------------------------:
:CURRENTLY IN PLACE       :    6495331          0          6495331    :    10866074    :       0         914672462     914672462   :
:-------------------------:-------------------------------------------:----------------:-------------------------------------------:
:ORIGINALLY IN PLACE      :    6495331          0          6495331    :    10866074    :       0         914672462     914672462   :
:-------------------------:-------------------------------------------:----------------:-------------------------------------------:
====================================================================================================================================



                                                    ==================================================
                                                    :              FIPNUM REPORT REGION  3           :
                                                    :        PAV  =           302  BARSA             :
                                                    :        PORV =      17199983  RM3               :
                          :--------------- OIL  SM3 ------------------:-- WAT    SM3 --:--------------  GAS     SM3 ---------------:
                          :    LIQUID         VAPOUR        TOTAL     :     TOTAL      :     FREE        DISSOLVED       TOTAL     :
:-------------------------:-------------------------------------------:----------------:-------------------------------------------:
:CURRENTLY IN PLACE       :    3417711          0          3417711    :    11918744    :       0         481282043     481282043   :
:-------------------------:-------------------------------------------:----------------:-------------------------------------------:
:ORIGINALLY IN PLACE      :    3417711          0          3417711    :    11918744    :       0         481282043     481282043   :
:-------------------------:-------------------------------------------:----------------:-------------------------------------------:
====================================================================================================================================



                                                    ==================================================
                                                    :              FIPNUM REPORT REGION  4           :
                                                    :        PAV  =           300  BARSA             :
                                                    :        PORV =       6144533  RM3               :
                          :--------------- OIL  SM3 ------------------:-- WAT    SM3 --:--------------  GAS     SM3 ---------------:
                          :    LIQUID         VAPOUR        TOTAL     :     TOTAL      :     FREE        DISSOLVED       TOTAL     :
:-------------------------:-------------------------------------------:----------------:-------------------------------------------:
:CURRENTLY IN PLACE       :    305795         104960        410756    :    2620385     :   684078311      59914474     743992785   :
:-------------------------:-------------------------------------------:----------------:-------------------------------------------:
:ORIGINALLY IN PLACE      :    305795         104960        410756    :    2620385     :   684078311      59914474     743992785   :
:-------------------------:-------------------------------------------:----------------:-------------------------------------------:
====================================================================================================================================



                                                    ==================================================
                                                    :              FIPNUM REPORT REGION  5           :
                                                    :        PAV  =           300  BARSA             :
                                                    :        PORV =       2162311  RM3               :
                          :--------------- OIL  SM3 ------------------:-- WAT    SM3 --:--------------  GAS     SM3 ---------------:
                          :    LIQUID         VAPOUR        TOTAL     :     TOTAL      :     FREE        DISSOLVED       TOTAL     :
:-------------------------:-------------------------------------------:----------------:-------------------------------------------:
:CURRENTLY IN PLACE       :    1425877          0          1425877    :     115526     :       0         200792047     200792047   :
:-------------------------:-------------------------------------------:----------------:-------------------------------------------:
:ORIGINALLY IN PLACE      :    1425877          0          1425877    :     115526     :       0         200792047     200792047   :
:-------------------------:-------------------------------------------:----------------:-------------------------------------------:
====================================================================================================================================



                                                    ==================================================
                                                    :              FIPNUM REPORT REGION  6           :
                                                    :        PAV  =           299  BARSA             :
                                                    :        PORV =      18743611  RM3               :
                          :--------------- OIL  SM3 ------------------:-- WAT    SM3 --:--------------  GAS     SM3 ---------------:
                          :    LIQUID         VAPOUR        TOTAL     :     TOTAL      :     FREE        DISSOLVED       TOTAL     :
:-------------------------:-------------------------------------------:----------------:-------------------------------------------:
:CURRENTLY IN PLACE       :    9790608          0          9790608    :    4563345     :       0         1378713370    1378713370  :
:-------------------------:-------------------------------------------:----------------:-------------------------------------------:
:ORIGINALLY IN PLACE      :    9790608          0          9790608    :    4563345     :       0         1378713370    1378713370  :
:-------------------------:-------------------------------------------:----------------:-------------------------------------------:
====================================================================================================================================



                                                    ==================================================
                                                    :              FIPNUM REPORT REGION  7           :
                                                    :        PAV  =           301  BARSA             :
                                                    :        PORV =      36301375  RM3               :
                          :--------------- OIL  SM3 ------------------:-- WAT    SM3 --:--------------  GAS     SM3 ---------------:
                          :    LIQUID         VAPOUR        TOTAL     :     TOTAL      :     FREE        DISSOLVED       TOTAL     :
:-------------------------:-------------------------------------------:----------------:-------------------------------------------:
:CURRENTLY IN PLACE       :     14866           0           14866     :    35164945    :       0          2093495       2093495    :
:-------------------------:-------------------------------------------:----------------:-------------------------------------------:
:ORIGINALLY IN PLACE      :     14866           0           14866     :    35164945    :       0          2093495       2093495    :
:-------------------------:-------------------------------------------:----------------:-------------------------------------------:
====================================================================================================================================



                                                    ==================================================
                                                    :              FIPNUM REPORT REGION  8           :
                                                    :        PAV  =           301  BARSA             :
                                                    :        PORV =      96093206  RM3               :
                          :--------------- OIL  SM3 ------------------:-- WAT    SM3 --:--------------  GAS     SM3 ---------------:
                          :    LIQUID         VAPOUR        TOTAL     :     TOTAL      :     FREE        DISSOLVED       TOTAL     :
:-------------------------:-------------------------------------------:----------------:-------------------------------------------:
:CURRENTLY IN PLACE       :    229443           0           229443    :    92755031    :       0          32310146      32310146   :
:-------------------------:-------------------------------------------:----------------:-------------------------------------------:
:ORIGINALLY IN PLACE      :    229443           0           229443    :    92755031    :       0          32310146      32310146   :
:-------------------------:-------------------------------------------:----------------:-------------------------------------------:
====================================================================================================================================



                                                    ==================================================
                                                    :              FIPNUM REPORT REGION  9           :
                                                    :        PAV  =           302  BARSA             :
                                                    :        PORV =       7227224  RM3               :
                          :--------------- OIL  SM3 ------------------:-- WAT    SM3 --:--------------  GAS     SM3 ---------------:
                          :    LIQUID         VAPOUR        TOTAL     :     TOTAL      :     FREE        DISSOLVED       TOTAL     :
:-------------------------:-------------------------------------------:----------------:-------------------------------------------:
:CURRENTLY IN PLACE       :    1131859          0          1131859    :    5428713     :       0         159388353     159388353   :
:-------------------------:-------------------------------------------:----------------:-------------------------------------------:
:ORIGINALLY IN PLACE      :    1131859          0          1131859    :    5428713     :       0         159388353     159388353   :
:-------------------------:-------------------------------------------:----------------:-------------------------------------------:
====================================================================================================================================



                                                    ==================================================
                                                    :              FIPNUM REPORT REGION 10           :
                                                    :        PAV  =           302  BARSA             :
                                                    :        PORV =      12536807  RM3               :
                          :--------------- OIL  SM3 ------------------:-- WAT    SM3 --:--------------  GAS     SM3 ---------------:
                          :    LIQUID         VAPOUR        TOTAL     :     TOTAL      :     FREE        DISSOLVED       TOTAL     :
:-------------------------:-------------------------------------------:----------------:-------------------------------------------:
:CURRENTLY IN PLACE       :    1552001          0          1552001    :    9992033     :       0         218552850     218552850   :
:-------------------------:-------------------------------------------:----------------:-------------------------------------------:
:ORIGINALLY IN PLACE      :    1552001          0          1552001    :    9992033     :       0         218552850     218552850   :
:-------------------------:-------------------------------------------:----------------:-------------------------------------------:
====================================================================================================================================



                                                    ==================================================
                                                    :              FIPNUM REPORT REGION 11           :
                                                    :        PAV  =           300  BARSA             :
                                                    :        PORV =       4955237  RM3               :
                          :--------------- OIL  SM3 ------------------:-- WAT    SM3 --:--------------  GAS     SM3 ---------------:
                          :    LIQUID         VAPOUR        TOTAL     :     TOTAL      :     FREE        DISSOLVED       TOTAL     :
:-------------------------:-------------------------------------------:----------------:-------------------------------------------:
:CURRENTLY IN PLACE       :    389869         73129         462999    :    2211849     :   474227340      76387123     550614463   :
:-------------------------:-------------------------------------------:----------------:-------------------------------------------:
:ORIGINALLY IN PLACE      :    389869         73129         462999    :    2211849     :   474227340      76387123     550614463   :
:-------------------------:-------------------------------------------:----------------:-------------------------------------------:
====================================================================================================================================



                                                    ==================================================
                                                    :              FIPNUM REPORT REGION 12           :
                                                    :        PAV  =           301  BARSA             :
                                                    :        PORV =       1468279  RM3               :
                          :--------------- OIL  SM3 ------------------:-- WAT    SM3 --:--------------  GAS     SM3 ---------------:
                          :    LIQUID         VAPOUR        TOTAL     :     TOTAL      :     FREE        DISSOLVED       TOTAL     :
:-------------------------:-------------------------------------------:----------------:-------------------------------------------:
:CURRENTLY IN PLACE       :    959571           0           959571    :     90784      :       0         135126820     135126820   :
:-------------------------:-------------------------------------------:----------------:-------------------------------------------:
:ORIGINALLY IN PLACE      :    959571           0           959571    :     90784      :       0         135126820     135126820   :
:-------------------------:-------------------------------------------:----------------:-------------------------------------------:
====================================================================================================================================



                                                    ==================================================
                                                    :              FIPNUM REPORT REGION 13           :
                                                    :        PAV  =           300  BARSA             :
                                                    :        PORV =      10516749  RM3               :
                          :--------------- OIL  SM3 ------------------:-- WAT    SM3 --:--------------  GAS     SM3 ---------------:
                          :    LIQUID         VAPOUR        TOTAL     :     TOTAL      :     FREE        DISSOLVED       TOTAL     :
:-------------------------:-------------------------------------------:----------------:-------------------------------------------:
:CURRENTLY IN PLACE       :    4514990          0          4514990    :    3919413     :       0         635800840     635800840   :
:-------------------------:-------------------------------------------:----------------:-------------------------------------------:
:ORIGINALLY IN PLACE      :    4514990          0          4514990    :    3919413     :       0         635800840     635800840   :
:-------------------------:-------------------------------------------:----------------:-------------------------------------------:
====================================================================================================================================



                                                    ==================================================
                                                    :              FIPNUM REPORT REGION 14           :
                                                    :        PAV  =           320  BARSA             :
                                                    :        PORV =      16630099  RM3               :
                          :--------------- OIL  SM3 ------------------:-- WAT    SM3 --:--------------  GAS     SM3 ---------------:
                          :    LIQUID         VAPOUR        TOTAL     :     TOTAL      :     FREE        DISSOLVED       TOTAL     :
:-------------------------:-------------------------------------------:----------------:-------------------------------------------:
:CURRENTLY IN PLACE       :       0             0             0       :    16126710    :       0             0             0       :
:-------------------------:-------------------------------------------:----------------:-------------------------------------------:
:ORIGINALLY IN PLACE      :       0             0             0       :    16126710    :       0             0             0       :
:-------------------------:-------------------------------------------:----------------:-------------------------------------------:
====================================================================================================================================



                                                    ==================================================
                                                    :              FIPNUM REPORT REGION 15           :
                                                    :        PAV  =           301  BARSA             :
                                                    :        PORV =      83366468  RM3               :
                          :--------------- OIL  SM3 ------------------:-- WAT    SM3 --:--------------  GAS     SM3 ---------------:
                          :    LIQUID         VAPOUR        TOTAL     :     TOTAL      :     FREE        DISSOLVED       TOTAL     :
:-------------------------:-------------------------------------------:----------------:-------------------------------------------:
:CURRENTLY IN PLACE       :     28385           0           28385     :    80730923    :       0          3997173       3997173    :
:-------------------------:-------------------------------------------:----------------:-------------------------------------------:
:ORIGINALLY IN PLACE      :     28385           0           28385     :    80730923    :       0          3997173       3997173    :
:-------------------------:-------------------------------------------:----------------:-------------------------------------------:
====================================================================================================================================



                                                    ==================================================
                                                    :              FIPNUM REPORT REGION 16           :
                                                    :        PAV  =           302  BARSA             :
                                                    :        PORV =      39323526  RM3               :
                          :--------------- OIL  SM3 ------------------:-- WAT    SM3 --:--------------  GAS     SM3 ---------------:
                          :    LIQUID         VAPOUR        TOTAL     :     TOTAL      :     FREE        DISSOLVED       TOTAL     :
:-------------------------:-------------------------------------------:----------------:-------------------------------------------:
:CURRENTLY IN PLACE       :    2837752          0          2837752    :    34153583    :       0         399612274     399612274   :
:-------------------------:-------------------------------------------:----------------:-------------------------------------------:
:ORIGINALLY IN PLACE      :    2837752          0          2837752    :    34153583    :       0         399612274     399612274   :
:-------------------------:-------------------------------------------:----------------:-------------------------------------------:
====================================================================================================================================



                                                    ==================================================
                                                    :              FIPNUM REPORT REGION 17           :
                                                    :        PAV  =           303  BARSA             :
                                                    :        PORV =       6221182  RM3               :
                          :--------------- OIL  SM3 ------------------:-- WAT    SM3 --:--------------  GAS     SM3 ---------------:
                          :    LIQUID         VAPOUR        TOTAL     :     TOTAL      :     FREE        DISSOLVED       TOTAL     :
:-------------------------:-------------------------------------------:----------------:-------------------------------------------:
:CURRENTLY IN PLACE       :    325127           0           325127    :    5575613     :       0          45784426      45784426   :
:-------------------------:-------------------------------------------:----------------:-------------------------------------------:
:ORIGINALLY IN PLACE      :    325127           0           325127    :    5575613     :       0          45784426      45784426   :
:-------------------------:-------------------------------------------:----------------:-------------------------------------------:
====================================================================================================================================



                                                    ==================================================
                                                    :              FIPNUM REPORT REGION 18           :
                                                    :        PAV  =           300  BARSA             :
                                                    :        PORV =       2826527  RM3               :
                          :--------------- OIL  SM3 ------------------:-- WAT    SM3 --:--------------  GAS     SM3 ---------------:
                          :    LIQUID         VAPOUR        TOTAL     :     TOTAL      :     FREE        DISSOLVED       TOTAL     :
:-------------------------:-------------------------------------------:----------------:-------------------------------------------:
:CURRENTLY IN PLACE       :    530578         19181         549759    :    1385854     :   124007289     103956222     227963511   :
:-------------------------:-------------------------------------------:----------------:-------------------------------------------:
:ORIGINALLY IN PLACE      :    530578         19181         549759    :    1385854     :   124007289     103956222     227963511   :
:-------------------------:-------------------------------------------:----------------:-------------------------------------------:
====================================================================================================================================



                                                    ==================================================
                                                    :              FIPNUM REPORT REGION 19           :
                                                    :        PAV  =           302  BARSA             :
                                                    :        PORV =       2473894  RM3               :
                          :--------------- OIL  SM3 ------------------:-- WAT    SM3 --:--------------  GAS     SM3 ---------------:
                          :    LIQUID         VAPOUR        TOTAL     :     TOTAL      :     FREE        DISSOLVED       TOTAL     :
:-------------------------:-------------------------------------------:----------------:-------------------------------------------:
:CURRENTLY IN PLACE       :    1344687          0          1344687    :     530941     :       0         189358833     189358833   :
:-------------------------:-------------------------------------------:----------------:-------------------------------------------:
:ORIGINALLY IN PLACE      :    1344687          0          1344687    :     530941     :       0         189358833     189358833   :
:-------------------------:-------------------------------------------:----------------:-------------------------------------------:
====================================================================================================================================



                                                    ==================================================
                                                    :              FIPNUM REPORT REGION 20           :
                                                    :        PAV  =           300  BARSA             :
                                                    :        PORV =      20158270  RM3               :
                          :--------------- OIL  SM3 ------------------:-- WAT    SM3 --:--------------  GAS     SM3 ---------------:
                          :    LIQUID         VAPOUR        TOTAL     :     TOTAL      :     FREE        DISSOLVED       TOTAL     :
:-------------------------:-------------------------------------------:----------------:-------------------------------------------:
:CURRENTLY IN PLACE       :    9566129          0          9566129    :    6250384     :       0         1347102264    1347102264  :
:-------------------------:-------------------------------------------:----------------:-------------------------------------------:
:ORIGINALLY IN PLACE      :    9566129          0          9566129    :    6250384     :       0         1347102264    1347102264  :
:-------------------------:-------------------------------------------:----------------:-------------------------------------------:
====================================================================================================================================



                                                    ==================================================
                                                    :              FIPNUM REPORT REGION 21           :
                                                    :        PAV  =           314  BARSA             :
                                                    :        PORV =      33496256  RM3               :
                          :--------------- OIL  SM3 ------------------:-- WAT    SM3 --:--------------  GAS     SM3 ---------------:
                          :    LIQUID         VAPOUR        TOTAL     :     TOTAL      :     FREE        DISSOLVED       TOTAL     :
:-------------------------:-------------------------------------------:----------------:-------------------------------------------:
:CURRENTLY IN PLACE       :       0             0             0       :    32463804    :       0             0             0       :
:-------------------------:-------------------------------------------:----------------:-------------------------------------------:
:ORIGINALLY IN PLACE      :       0             0             0       :    32463804    :       0             0             0       :
:-------------------------:-------------------------------------------:----------------:-------------------------------------------:
====================================================================================================================================



                                                    ===================================
                                                    :  RESERVOIR VOLUMES      RM3     :
:---------:---------------:---------------:---------------:---------------:---------------:
: REGION  :  TOTAL PORE   :  PORE VOLUME  :  PORE VOLUME  :  PORE VOLUME  :  PORE VOLUME  :
:         :    VOLUME     :  CONTAINING   :  CONTAINING   :  CONTAINING   :  CONTAINING   :
:         :               :      OIL      :     WATER     :      GAS      : HYDRO-CARBON  :
:---------:---------------:---------------:---------------:---------------:---------------:
:FIELD    :      529105267:       65397244:      458191300:        5516723:       70913967:
:1        :       90035363:         825391:       89209971:              0:         825391:
:2        :       20549209:        9312362:       11236846:              0:        9312362:
:3        :       17224946:        4900235:       12324711:              0:        4900235:
:4        :        6152164:         497944:        2709907:        2944313:        3442257:
:5        :        2164718:        2045213:         119505:              0:        2045213:
:6        :       18765100:       14045608:        4719492:              0:       14045608:
:7        :       36372721:          21316:       36351406:              0:          21316:
:8        :       96242745:         329030:       95913716:              0:         329030:
:9        :        7236890:        1622486:        5614405:              0:        1622486:
:10       :       12556518:        2224873:       10331645:              0:        2224873:
:11       :        4961571:         634837:        2287348:        2039386:        2674224:
:12       :        1469984:        1376077:          93907:              0:        1376077:
:13       :       10529664:        6476364:        4053301:              0:        6476364:
:14       :       16667394:              0:       16667394:              0:              0:
:15       :       83510360:          40700:       83469660:              0:          40700:
:16       :       39384070:        4067802:       35316269:              0:        4067802:
:17       :        6231186:         466036:        5765150:              0:         466036:
:18       :        2830182:         863979:        1433179:         533023:        1397003:
:19       :        2476958:        1927823:         549135:              0:        1927823:
:20       :       20183125:       13719168:        6463957:              0:       13719168:
:21       :       33560400:              0:       33560400:              0:              0:
===========================================================================================


================ Starting main simulation loop ===============


Report step  0/82 at day 0/912, date = 01-Jan-2018

Warning: Keyword 'FIPRESV' is unhandled for output to restart file.
Using Newton nonlinear solver.
Restart file written for report step  0/82, date = 01-Jan-2018 00:00:00

Starting time step 0, stepsize 1 days, at day 0/4, date = 01-Jan-2018
 Newton its= 2, linearizations= 3 (0.9sec), linear its=  1 (0.8sec)

Starting time step 1, stepsize 3 days, at day 1/4, date = 02-Jan-2018
 Newton its= 2, linearizations= 3 (0.4sec), linear its=  4 (1.0sec)


Report step  1/82 at day 4/912, date = 05-Jan-2018

Starting time step 0, stepsize 9 days, at day 4/31, date = 05-Jan-2018
 Newton its= 4, linearizations= 5 (0.7sec), linear its=  7 (2.1sec)

Starting time step 1, stepsize 2.29913 days, at day 13/31, date = 14-Jan-2018
 Newton its= 2, linearizations= 3 (0.3sec), linear its=  2 (0.6sec)

Starting time step 2, stepsize 6.89739 days, at day 15.2991/31, date = 16-Jan-2018
 Newton its= 3, linearizations= 4 (0.5sec), linear its=  6 (1.4sec)

Starting time step 3, stepsize 8.80348 days, at day 22.1965/31, date = 23-Jan-2018
 Newton its= 2, linearizations= 3 (0.4sec), linear its=  5 (1.0sec)


Report step  2/82 at day 31/912, date = 01-Feb-2018

Starting time step 0, stepsize 14 days, at day 31/59, date = 01-Feb-2018
 Newton its= 4, linearizations= 5 (0.6sec), linear its= 21 (3.8sec)

Starting time step 1, stepsize 14 days, at day 45/59, date = 15-Feb-2018
 Newton its= 2, linearizations= 3 (0.4sec), linear its=  5 (1.2sec)


Report step  3/82 at day 59/912, date = 01-Mar-2018

Starting time step 0, stepsize 9 days, at day 59/68, date = 01-Mar-2018
 Newton its= 2, linearizations= 3 (0.4sec), linear its=  8 (1.5sec)


Report step  4/82 at day 68/912, date = 10-Mar-2018

Starting time step 0, stepsize 20 days, at day 68/88, date = 10-Mar-2018
 Newton its= 5, linearizations= 6 (0.9sec), linear its=  9 (2.5sec)


Report step  5/82 at day 88/912, date = 30-Mar-2018

Starting time step 0, stepsize 2 days, at day 88/90, date = 30-Mar-2018
 Newton its= 2, linearizations= 3 (0.4sec), linear its=  4 (1.3sec)


Report step  6/82 at day 90/912, date = 01-Apr-2018

Starting time step 0, stepsize 6 days, at day 90/117, date = 01-Apr-2018
 Newton its= 2, linearizations= 3 (0.5sec), linear its=  3 (1.7sec)

Starting time step 1, stepsize 10.5 days, at day 96/117, date = 07-Apr-2018
 Newton its= 4, linearizations= 5 (0.8sec), linear its=  7 (1.9sec)

Starting time step 2, stepsize 10.5 days, at day 106.5/117, date = 17-Apr-2018
 Newton its= 5, linearizations= 6 (0.8sec), linear its=  6 (2.0sec)


Report step  7/82 at day 117/912, date = 28-Apr-2018

Starting time step 0, stepsize 3 days, at day 117/120, date = 28-Apr-2018
 Newton its= 2, linearizations= 3 (0.5sec), linear its=  4 (1.2sec)


Report step  8/82 at day 120/912, date = 01-May-2018

Starting time step 0, stepsize 7 days, at day 120/127, date = 01-May-2018
 Newton its= 2, linearizations= 3 (0.4sec), linear its=  3 (1.0sec)


Report step  9/82 at day 127/912, date = 08-May-2018

Starting time step 0, stepsize 12 days, at day 127/151, date = 08-May-2018
 Newton its= 4, linearizations= 5 (0.7sec), linear its=  9 (2.1sec)

Starting time step 1, stepsize 12 days, at day 139/151, date = 20-May-2018
 Newton its= 4, linearizations= 5 (0.7sec), linear its=  5 (1.6sec)


Report step 10/82 at day 151/912, date = 01-Jun-2018

Starting time step 0, stepsize 1 days, at day 151/152, date = 01-Jun-2018
 Newton its= 2, linearizations= 3 (0.4sec), linear its=  2 (0.9sec)


Report step 11/82 at day 152/912, date = 02-Jun-2018

Starting time step 0, stepsize 3 days, at day 152/158, date = 02-Jun-2018
 Newton its= 2, linearizations= 3 (0.4sec), linear its=  4 (0.9sec)

Starting time step 1, stepsize 3 days, at day 155/158, date = 05-Jun-2018
 Newton its= 2, linearizations= 3 (0.4sec), linear its=  2 (0.7sec)


Report step 12/82 at day 158/912, date = 08-Jun-2018

Starting time step 0, stepsize 1 days, at day 158/159, date = 08-Jun-2018
 Newton its= 2, linearizations= 3 (0.4sec), linear its=  2 (1.1sec)


Report step 13/82 at day 159/912, date = 09-Jun-2018

Starting time step 0, stepsize 3 days, at day 159/172, date = 09-Jun-2018
 Newton its= 2, linearizations= 3 (0.4sec), linear its=  3 (0.8sec)

Starting time step 1, stepsize 5 days, at day 162/172, date = 12-Jun-2018
 Newton its= 2, linearizations= 3 (0.4sec), linear its=  3 (0.8sec)

Starting time step 2, stepsize 5 days, at day 167/172, date = 17-Jun-2018
 Newton its= 2, linearizations= 3 (0.4sec), linear its=  2 (0.7sec)


Report step 14/82 at day 172/912, date = 22-Jun-2018

Starting time step 0, stepsize 8 days, at day 172/180, date = 22-Jun-2018
 Newton its= 2, linearizations= 3 (0.4sec), linear its=  4 (1.0sec)


Report step 15/82 at day 180/912, date = 30-Jun-2018

Starting time step 0, stepsize 1 days, at day 180/181, date = 30-Jun-2018
 Newton its= 2, linearizations= 3 (0.6sec), linear its=  2 (1.0sec)

                              **************************************************************************
  BALANCE  AT       181  DAYS *Drogon synthetic reservoir model                                          *
  REPORT   16    01 Jul 2018  *                                             Flow  version     2025.04  *
                              **************************************************************************


                                                    ==================================================
                                                    :                  FIELD TOTALS                  :
                                                    :        PAV  =           282  BARSA             :
                                                    :        PORV =     528265459  RM3               :
                                                    : Pressure is weighted by hydrocarbon pore volume:
                                                    : Pore volumes are taken at reference conditions :
                          :--------------- OIL  SM3 ------------------:-- WAT    SM3 --:--------------  GAS     SM3 ---------------:
                          :    LIQUID         VAPOUR        TOTAL     :     TOTAL      :     FREE        DISSOLVED       TOTAL     :
:-------------------------:-------------------------------------------:----------------:-------------------------------------------:
:CURRENTLY IN PLACE       :   44359482        176325       44535807   :   443564157    :  1286814631     6307519250    7594333880  :
:-------------------------:-------------------------------------------:----------------:-------------------------------------------:
:ORIGINALLY IN PLACE      :   45436068        197270       45633338   :   443134656    :  1282312940     6465885290    7748198230  :
====================================================================================================================================



                                                    ==================================================
                                                    :              FIPNUM REPORT REGION  1           :
                                                    :        PAV  =           288  BARSA             :
                                                    :        PORV =      89898543  RM3               :
                          :--------------- OIL  SM3 ------------------:-- WAT    SM3 --:--------------  GAS     SM3 ---------------:
                          :    LIQUID         VAPOUR        TOTAL     :     TOTAL      :     FREE        DISSOLVED       TOTAL     :
:-------------------------:-------------------------------------------:----------------:-------------------------------------------:
:CURRENTLY IN PLACE       :    576122          1277         577400    :    86126031    :    6008121       82781826      88789947   :
:-------------------------:-------------------------------------------:----------------:-------------------------------------------:
:ORIGINALLY IN PLACE      :    575487           0           575487    :    86270005    :       0          81040075      81040075   :
:-------------------------:-------------------------------------------:----------------:-------------------------------------------:
====================================================================================================================================



                                                    ==================================================
                                                    :              FIPNUM REPORT REGION  2           :
                                                    :        PAV  =           285  BARSA             :
                                                    :        PORV =      20521379  RM3               :
                          :--------------- OIL  SM3 ------------------:-- WAT    SM3 --:--------------  GAS     SM3 ---------------:
                          :    LIQUID         VAPOUR        TOTAL     :     TOTAL      :     FREE        DISSOLVED       TOTAL     :
:-------------------------:-------------------------------------------:----------------:-------------------------------------------:
:CURRENTLY IN PLACE       :    6418307          0          6418307    :    10910551    :       0         903825016     903825016   :
:-------------------------:-------------------------------------------:----------------:-------------------------------------------:
:ORIGINALLY IN PLACE      :    6495331          0          6495331    :    10866074    :       0         914672462     914672462   :
:-------------------------:-------------------------------------------:----------------:-------------------------------------------:
====================================================================================================================================



                                                    ==================================================
                                                    :              FIPNUM REPORT REGION  3           :
                                                    :        PAV  =           280  BARSA             :
                                                    :        PORV =      17199983  RM3               :
                          :--------------- OIL  SM3 ------------------:-- WAT    SM3 --:--------------  GAS     SM3 ---------------:
                          :    LIQUID         VAPOUR        TOTAL     :     TOTAL      :     FREE        DISSOLVED       TOTAL     :
:-------------------------:-------------------------------------------:----------------:-------------------------------------------:
:CURRENTLY IN PLACE       :    3172026         2334        3174360    :    12160069    :   11540590      449348201     460888791   :
:-------------------------:-------------------------------------------:----------------:-------------------------------------------:
:ORIGINALLY IN PLACE      :    3417711          0          3417711    :    11918744    :       0         481282043     481282043   :
:-------------------------:-------------------------------------------:----------------:-------------------------------------------:
====================================================================================================================================



                                                    ==================================================
                                                    :              FIPNUM REPORT REGION  4           :
                                                    :        PAV  =           290  BARSA             :
                                                    :        PORV =       6144533  RM3               :
                          :--------------- OIL  SM3 ------------------:-- WAT    SM3 --:--------------  GAS     SM3 ---------------:
                          :    LIQUID         VAPOUR        TOTAL     :     TOTAL      :     FREE        DISSOLVED       TOTAL     :
:-------------------------:-------------------------------------------:----------------:-------------------------------------------:
:CURRENTLY IN PLACE       :    313676         92313         405989    :    2591075     :   672896567      59142519     732039087   :
:-------------------------:-------------------------------------------:----------------:-------------------------------------------:
:ORIGINALLY IN PLACE      :    305795         104960        410756    :    2620385     :   684078311      59914474     743992785   :
:-------------------------:-------------------------------------------:----------------:-------------------------------------------:
====================================================================================================================================



                                                    ==================================================
                                                    :              FIPNUM REPORT REGION  5           :
                                                    :        PAV  =           281  BARSA             :
                                                    :        PORV =       2162311  RM3               :
                          :--------------- OIL  SM3 ------------------:-- WAT    SM3 --:--------------  GAS     SM3 ---------------:
                          :    LIQUID         VAPOUR        TOTAL     :     TOTAL      :     FREE        DISSOLVED       TOTAL     :
:-------------------------:-------------------------------------------:----------------:-------------------------------------------:
:CURRENTLY IN PLACE       :    1417328          0          1417328    :     115529     :       0         199588139     199588139   :
:-------------------------:-------------------------------------------:----------------:-------------------------------------------:
:ORIGINALLY IN PLACE      :    1425877          0          1425877    :     115526     :       0         200792047     200792047   :
:-------------------------:-------------------------------------------:----------------:-------------------------------------------:
====================================================================================================================================



                                                    ==================================================
                                                    :              FIPNUM REPORT REGION  6           :
                                                    :        PAV  =           276  BARSA             :
                                                    :        PORV =      18743611  RM3               :
                          :--------------- OIL  SM3 ------------------:-- WAT    SM3 --:--------------  GAS     SM3 ---------------:
                          :    LIQUID         VAPOUR        TOTAL     :     TOTAL      :     FREE        DISSOLVED       TOTAL     :
:-------------------------:-------------------------------------------:----------------:-------------------------------------------:
:CURRENTLY IN PLACE       :    9633756          0          9633756    :    4681743     :       0         1356625488    1356625488  :
:-------------------------:-------------------------------------------:----------------:-------------------------------------------:
:ORIGINALLY IN PLACE      :    9790608          0          9790608    :    4563345     :       0         1378713370    1378713370  :
:-------------------------:-------------------------------------------:----------------:-------------------------------------------:
====================================================================================================================================



                                                    ==================================================
                                                    :              FIPNUM REPORT REGION  7           :
                                                    :        PAV  =           288  BARSA             :
                                                    :        PORV =      36301375  RM3               :
                          :--------------- OIL  SM3 ------------------:-- WAT    SM3 --:--------------  GAS     SM3 ---------------:
                          :    LIQUID         VAPOUR        TOTAL     :     TOTAL      :     FREE        DISSOLVED       TOTAL     :
:-------------------------:-------------------------------------------:----------------:-------------------------------------------:
:CURRENTLY IN PLACE       :     14868           0           14868     :    35125140    :       0          2093570       2093570    :
:-------------------------:-------------------------------------------:----------------:-------------------------------------------:
:ORIGINALLY IN PLACE      :     14866           0           14866     :    35164945    :       0          2093495       2093495    :
:-------------------------:-------------------------------------------:----------------:-------------------------------------------:
====================================================================================================================================



                                                    ==================================================
                                                    :              FIPNUM REPORT REGION  8           :
                                                    :        PAV  =           288  BARSA             :
                                                    :        PORV =      96093206  RM3               :
                          :--------------- OIL  SM3 ------------------:-- WAT    SM3 --:--------------  GAS     SM3 ---------------:
                          :    LIQUID         VAPOUR        TOTAL     :     TOTAL      :     FREE        DISSOLVED       TOTAL     :
:-------------------------:-------------------------------------------:----------------:-------------------------------------------:
:CURRENTLY IN PLACE       :    230824           0           230824    :    92635124    :       0          32502363      32502363   :
:-------------------------:-------------------------------------------:----------------:-------------------------------------------:
:ORIGINALLY IN PLACE      :    229443           0           229443    :    92755031    :       0          32310146      32310146   :
:-------------------------:-------------------------------------------:----------------:-------------------------------------------:
====================================================================================================================================



                                                    ==================================================
                                                    :              FIPNUM REPORT REGION  9           :
                                                    :        PAV  =           287  BARSA             :
                                                    :        PORV =       7227224  RM3               :
                          :--------------- OIL  SM3 ------------------:-- WAT    SM3 --:--------------  GAS     SM3 ---------------:
                          :    LIQUID         VAPOUR        TOTAL     :     TOTAL      :     FREE        DISSOLVED       TOTAL     :
:-------------------------:-------------------------------------------:----------------:-------------------------------------------:
:CURRENTLY IN PLACE       :    1093075          0          1093075    :    5466911     :       0         153926732     153926732   :
:-------------------------:-------------------------------------------:----------------:-------------------------------------------:
:ORIGINALLY IN PLACE      :    1131859          0          1131859    :    5428713     :       0         159388353     159388353   :
:-------------------------:-------------------------------------------:----------------:-------------------------------------------:
====================================================================================================================================



                                                    ==================================================
                                                    :              FIPNUM REPORT REGION 10           :
                                                    :        PAV  =           286  BARSA             :
                                                    :        PORV =      12536807  RM3               :
                          :--------------- OIL  SM3 ------------------:-- WAT    SM3 --:--------------  GAS     SM3 ---------------:
                          :    LIQUID         VAPOUR        TOTAL     :     TOTAL      :     FREE        DISSOLVED       TOTAL     :
:-------------------------:-------------------------------------------:----------------:-------------------------------------------:
:CURRENTLY IN PLACE       :    1533673          0          1533673    :    9997444     :       0         215970633     215970633   :
:-------------------------:-------------------------------------------:----------------:-------------------------------------------:
:ORIGINALLY IN PLACE      :    1552001          0          1552001    :    9992033     :       0         218552850     218552850   :
:-------------------------:-------------------------------------------:----------------:-------------------------------------------:
====================================================================================================================================



                                                    ==================================================
                                                    :              FIPNUM REPORT REGION 11           :
                                                    :        PAV  =           288  BARSA             :
                                                    :        PORV =       4955237  RM3               :
                          :--------------- OIL  SM3 ------------------:-- WAT    SM3 --:--------------  GAS     SM3 ---------------:
                          :    LIQUID         VAPOUR        TOTAL     :     TOTAL      :     FREE        DISSOLVED       TOTAL     :
:-------------------------:-------------------------------------------:----------------:-------------------------------------------:
:CURRENTLY IN PLACE       :    393942         62408         456350    :    2202163     :   463283155      73521099     536804254   :
:-------------------------:-------------------------------------------:----------------:-------------------------------------------:
:ORIGINALLY IN PLACE      :    389869         73129         462999    :    2211849     :   474227340      76387123     550614463   :
:-------------------------:-------------------------------------------:----------------:-------------------------------------------:
====================================================================================================================================



                                                    ==================================================
                                                    :              FIPNUM REPORT REGION 12           :
                                                    :        PAV  =           283  BARSA             :
                                                    :        PORV =       1468279  RM3               :
                          :--------------- OIL  SM3 ------------------:-- WAT    SM3 --:--------------  GAS     SM3 ---------------:
                          :    LIQUID         VAPOUR        TOTAL     :     TOTAL      :     FREE        DISSOLVED       TOTAL     :
:-------------------------:-------------------------------------------:----------------:-------------------------------------------:
:CURRENTLY IN PLACE       :    954107           0           954107    :     90802      :       0         134357383     134357383   :
:-------------------------:-------------------------------------------:----------------:-------------------------------------------:
:ORIGINALLY IN PLACE      :    959571           0           959571    :     90784      :       0         135126820     135126820   :
:-------------------------:-------------------------------------------:----------------:-------------------------------------------:
====================================================================================================================================



                                                    ==================================================
                                                    :              FIPNUM REPORT REGION 13           :
                                                    :        PAV  =           277  BARSA             :
                                                    :        PORV =      10516749  RM3               :
                          :--------------- OIL  SM3 ------------------:-- WAT    SM3 --:--------------  GAS     SM3 ---------------:
                          :    LIQUID         VAPOUR        TOTAL     :     TOTAL      :     FREE        DISSOLVED       TOTAL     :
:-------------------------:-------------------------------------------:----------------:-------------------------------------------:
:CURRENTLY IN PLACE       :    4375247          0          4375247    :    4068943     :       0         616122232     616122232   :
:-------------------------:-------------------------------------------:----------------:-------------------------------------------:
:ORIGINALLY IN PLACE      :    4514990          0          4514990    :    3919413     :       0         635800840     635800840   :
:-------------------------:-------------------------------------------:----------------:-------------------------------------------:
====================================================================================================================================



                                                    ==================================================
                                                    :              FIPNUM REPORT REGION 14           :
                                                    :        PAV  =           309  BARSA             :
                                                    :        PORV =      16630099  RM3               :
                          :--------------- OIL  SM3 ------------------:-- WAT    SM3 --:--------------  GAS     SM3 ---------------:
                          :    LIQUID         VAPOUR        TOTAL     :     TOTAL      :     FREE        DISSOLVED       TOTAL     :
:-------------------------:-------------------------------------------:----------------:-------------------------------------------:
:CURRENTLY IN PLACE       :       0             0             0       :    16109829    :       0             0             0       :
:-------------------------:-------------------------------------------:----------------:-------------------------------------------:
:ORIGINALLY IN PLACE      :       0             0             0       :    16126710    :       0             0             0       :
:-------------------------:-------------------------------------------:----------------:-------------------------------------------:
====================================================================================================================================



                                                    ==================================================
                                                    :              FIPNUM REPORT REGION 15           :
                                                    :        PAV  =           288  BARSA             :
                                                    :        PORV =      83366468  RM3               :
                          :--------------- OIL  SM3 ------------------:-- WAT    SM3 --:--------------  GAS     SM3 ---------------:
                          :    LIQUID         VAPOUR        TOTAL     :     TOTAL      :     FREE        DISSOLVED       TOTAL     :
:-------------------------:-------------------------------------------:----------------:-------------------------------------------:
:CURRENTLY IN PLACE       :     28493           0           28493     :    80623398    :       0          4012435       4012435    :
:-------------------------:-------------------------------------------:----------------:-------------------------------------------:
:ORIGINALLY IN PLACE      :     28385           0           28385     :    80730923    :       0          3997173       3997173    :
:-------------------------:-------------------------------------------:----------------:-------------------------------------------:
====================================================================================================================================



                                                    ==================================================
                                                    :              FIPNUM REPORT REGION 16           :
                                                    :        PAV  =           288  BARSA             :
                                                    :        PORV =      39323526  RM3               :
                          :--------------- OIL  SM3 ------------------:-- WAT    SM3 --:--------------  GAS     SM3 ---------------:
                          :    LIQUID         VAPOUR        TOTAL     :     TOTAL      :     FREE        DISSOLVED       TOTAL     :
:-------------------------:-------------------------------------------:----------------:-------------------------------------------:
:CURRENTLY IN PLACE       :    2807992          0          2807992    :    34128904    :      15         395417758     395417773   :
:-------------------------:-------------------------------------------:----------------:-------------------------------------------:
:ORIGINALLY IN PLACE      :    2837752          0          2837752    :    34153583    :       0         399612274     399612274   :
:-------------------------:-------------------------------------------:----------------:-------------------------------------------:
====================================================================================================================================



                                                    ==================================================
                                                    :              FIPNUM REPORT REGION 17           :
                                                    :        PAV  =           290  BARSA             :
                                                    :        PORV =       6221182  RM3               :
                          :--------------- OIL  SM3 ------------------:-- WAT    SM3 --:--------------  GAS     SM3 ---------------:
                          :    LIQUID         VAPOUR        TOTAL     :     TOTAL      :     FREE        DISSOLVED       TOTAL     :
:-------------------------:-------------------------------------------:----------------:-------------------------------------------:
:CURRENTLY IN PLACE       :    322468           0           322468    :    5571988     :       0          45409861      45409861   :
:-------------------------:-------------------------------------------:----------------:-------------------------------------------:
:ORIGINALLY IN PLACE      :    325127           0           325127    :    5575613     :       0          45784426      45784426   :
:-------------------------:-------------------------------------------:----------------:-------------------------------------------:
====================================================================================================================================



                                                    ==================================================
                                                    :              FIPNUM REPORT REGION 18           :
                                                    :        PAV  =           289  BARSA             :
                                                    :        PORV =       2826527  RM3               :
                          :--------------- OIL  SM3 ------------------:-- WAT    SM3 --:--------------  GAS     SM3 ---------------:
                          :    LIQUID         VAPOUR        TOTAL     :     TOTAL      :     FREE        DISSOLVED       TOTAL     :
:-------------------------:-------------------------------------------:----------------:-------------------------------------------:
:CURRENTLY IN PLACE       :    512490         17990         530480    :    1370688     :   133071344      95677415     228748759   :
:-------------------------:-------------------------------------------:----------------:-------------------------------------------:
:ORIGINALLY IN PLACE      :    530578         19181         549759    :    1385854     :   124007289     103956222     227963511   :
:-------------------------:-------------------------------------------:----------------:-------------------------------------------:
====================================================================================================================================



                                                    ==================================================
                                                    :              FIPNUM REPORT REGION 19           :
                                                    :        PAV  =           286  BARSA             :
                                                    :        PORV =       2473894  RM3               :
                          :--------------- OIL  SM3 ------------------:-- WAT    SM3 --:--------------  GAS     SM3 ---------------:
                          :    LIQUID         VAPOUR        TOTAL     :     TOTAL      :     FREE        DISSOLVED       TOTAL     :
:-------------------------:-------------------------------------------:----------------:-------------------------------------------:
:CURRENTLY IN PLACE       :    1324233          0          1324233    :     549571     :       0         186476135     186476135   :
:-------------------------:-------------------------------------------:----------------:-------------------------------------------:
:ORIGINALLY IN PLACE      :    1344687          0          1344687    :     530941     :       0         189358833     189358833   :
:-------------------------:-------------------------------------------:----------------:-------------------------------------------:
====================================================================================================================================



                                                    ==================================================
                                                    :              FIPNUM REPORT REGION 20           :
                                                    :        PAV  =           279  BARSA             :
                                                    :        PORV =      20158270  RM3               :
                          :--------------- OIL  SM3 ------------------:-- WAT    SM3 --:--------------  GAS     SM3 ---------------:
                          :    LIQUID         VAPOUR        TOTAL     :     TOTAL      :     FREE        DISSOLVED       TOTAL     :
:-------------------------:-------------------------------------------:----------------:-------------------------------------------:
:CURRENTLY IN PLACE       :    9236800          2          9236802    :    6613012     :     14839       1300712667    1300727506  :
:-------------------------:-------------------------------------------:----------------:-------------------------------------------:
:ORIGINALLY IN PLACE      :    9566129          0          9566129    :    6250384     :       0         1347102264    1347102264  :
:-------------------------:-------------------------------------------:----------------:-------------------------------------------:
====================================================================================================================================



                                                    ==================================================
                                                    :              FIPNUM REPORT REGION 21           :
                                                    :        PAV  =           288  BARSA             :
                                                    :        PORV =      33496256  RM3               :
                          :--------------- OIL  SM3 ------------------:-- WAT    SM3 --:--------------  GAS     SM3 ---------------:
                          :    LIQUID         VAPOUR        TOTAL     :     TOTAL      :     FREE        DISSOLVED       TOTAL     :
:-------------------------:-------------------------------------------:----------------:-------------------------------------------:
:CURRENTLY IN PLACE       :      55             0             55      :    32425246    :       0            7777          7777     :
:-------------------------:-------------------------------------------:----------------:-------------------------------------------:
:ORIGINALLY IN PLACE      :       0             0             0       :    32463804    :       0             0             0       :
:-------------------------:-------------------------------------------:----------------:-------------------------------------------:
====================================================================================================================================




Report step 16/82 at day 181/912, date = 01-Jul-2018

Starting time step 0, stepsize 2 days, at day 181/183, date = 01-Jul-2018
Restart file written for report step 16/82, date = 01-Jul-2018 00:00:00
 Newton its= 2, linearizations= 3 (0.4sec), linear its=  2 (0.9sec)


Report step 17/82 at day 183/912, date = 03-Jul-2018

Starting time step 0, stepsize 6 days, at day 183/193, date = 03-Jul-2018
 Newton its= 2, linearizations= 3 (0.4sec), linear its=  2 (0.9sec)

Starting time step 1, stepsize 4 days, at day 189/193, date = 09-Jul-2018
 Newton its= 2, linearizations= 3 (0.5sec), linear its=  4 (1.1sec)


Report step 18/82 at day 193/912, date = 13-Jul-2018

Starting time step 0, stepsize 12 days, at day 193/212, date = 13-Jul-2018
 Newton its= 6, linearizations= 7 (1.0sec), linear its=  6 (2.3sec)

Starting time step 1, stepsize 7 days, at day 205/212, date = 25-Jul-2018
 Newton its= 2, linearizations= 3 (0.6sec), linear its=  5 (1.8sec)


Report step 19/82 at day 212/912, date = 01-Aug-2018

Starting time step 0, stepsize 12 days, at day 212/236, date = 01-Aug-2018
 Newton its= 3, linearizations= 4 (0.7sec), linear its=  6 (1.5sec)

Starting time step 1, stepsize 12 days, at day 224/236, date = 13-Aug-2018
 Newton its= 2, linearizations= 3 (0.5sec), linear its=  3 (0.9sec)


Report step 20/82 at day 236/912, date = 25-Aug-2018

Starting time step 0, stepsize 7 days, at day 236/243, date = 25-Aug-2018
 Newton its= 2, linearizations= 3 (0.5sec), linear its=  4 (1.5sec)


Report step 21/82 at day 243/912, date = 01-Sep-2018

Starting time step 0, stepsize 11 days, at day 243/254, date = 01-Sep-2018
 Newton its= 2, linearizations= 3 (0.5sec), linear its=  4 (1.1sec)


Report step 22/82 at day 254/912, date = 12-Sep-2018

Starting time step 0, stepsize 2 days, at day 254/256, date = 12-Sep-2018
 Newton its= 2, linearizations= 3 (0.4sec), linear its=  3 (0.9sec)


Report step 23/82 at day 256/912, date = 14-Sep-2018

Starting time step 0, stepsize 4 days, at day 256/264, date = 14-Sep-2018
 Newton its= 2, linearizations= 3 (0.4sec), linear its=  1 (0.7sec)

Starting time step 1, stepsize 4 days, at day 260/264, date = 18-Sep-2018
 Newton its= 2, linearizations= 3 (0.5sec), linear its=  2 (0.7sec)


Report step 24/82 at day 264/912, date = 22-Sep-2018

Starting time step 0, stepsize 9 days, at day 264/273, date = 22-Sep-2018
 Newton its= 4, linearizations= 5 (0.8sec), linear its=  6 (1.6sec)


Report step 25/82 at day 273/912, date = 01-Oct-2018

Starting time step 0, stepsize 4 days, at day 273/277, date = 01-Oct-2018
 Newton its= 3, linearizations= 4 (0.6sec), linear its=  7 (1.8sec)


Report step 26/82 at day 277/912, date = 05-Oct-2018

Starting time step 0, stepsize 12 days, at day 277/304, date = 05-Oct-2018
 Newton its= 4, linearizations= 5 (0.8sec), linear its=  9 (2.4sec)

Starting time step 1, stepsize 15 days, at day 289/304, date = 17-Oct-2018
 Newton its= 4, linearizations= 5 (0.9sec), linear its= 12 (3.1sec)


Report step 27/82 at day 304/912, date = 01-Nov-2018

Starting time step 0, stepsize 6 days, at day 304/310, date = 01-Nov-2018
 Newton its= 3, linearizations= 4 (0.7sec), linear its=  6 (1.7sec)


Report step 28/82 at day 310/912, date = 07-Nov-2018

Starting time step 0, stepsize 10 days, at day 310/320, date = 07-Nov-2018
 Newton its= 5, linearizations= 6 (0.9sec), linear its=  8 (2.7sec)


Report step 29/82 at day 320/912, date = 17-Nov-2018

Starting time step 0, stepsize 14 days, at day 320/334, date = 17-Nov-2018
 Newton its= 4, linearizations= 5 (0.7sec), linear its=  6 (1.7sec)


Report step 30/82 at day 334/912, date = 01-Dec-2018

Starting time step 0, stepsize 6 days, at day 334/340, date = 01-Dec-2018
 Newton its= 2, linearizations= 3 (0.5sec), linear its=  5 (1.1sec)


Report step 31/82 at day 340/912, date = 07-Dec-2018

Starting time step 0, stepsize 8 days, at day 340/348, date = 07-Dec-2018
 Newton its= 3, linearizations= 4 (0.6sec), linear its=  4 (1.4sec)


Report step 32/82 at day 348/912, date = 15-Dec-2018

Starting time step 0, stepsize 2 days, at day 348/350, date = 15-Dec-2018
 Newton its= 2, linearizations= 3 (0.4sec), linear its=  3 (1.0sec)


Report step 33/82 at day 350/912, date = 17-Dec-2018

Starting time step 0, stepsize 1 days, at day 350/351, date = 17-Dec-2018
 Newton its= 2, linearizations= 3 (0.4sec), linear its=  2 (0.7sec)


Report step 34/82 at day 351/912, date = 18-Dec-2018

Starting time step 0, stepsize 3 days, at day 351/361, date = 18-Dec-2018
 Newton its= 2, linearizations= 3 (0.5sec), linear its=  2 (0.8sec)

Starting time step 1, stepsize 7 days, at day 354/361, date = 21-Dec-2018
 Newton its= 2, linearizations= 3 (0.5sec), linear its=  3 (0.9sec)


Report step 35/82 at day 361/912, date = 28-Dec-2018

Starting time step 0, stepsize 4 days, at day 361/365, date = 28-Dec-2018
 Newton its= 2, linearizations= 3 (0.5sec), linear its=  3 (1.0sec)


Report step 36/82 at day 365/912, date = 01-Jan-2019

Starting time step 0, stepsize 12 days, at day 365/396, date = 01-Jan-2019
 Newton its= 3, linearizations= 4 (0.8sec), linear its=  5 (1.4sec)

Starting time step 1, stepsize 19 days, at day 377/396, date = 13-Jan-2019
 Newton its= 5, linearizations= 6 (0.8sec), linear its=  4 (1.7sec)


Report step 37/82 at day 396/912, date = 01-Feb-2019

Starting time step 0, stepsize 8 days, at day 396/404, date = 01-Feb-2019
 Newton its= 2, linearizations= 3 (0.5sec), linear its=  2 (1.0sec)


Report step 38/82 at day 404/912, date = 09-Feb-2019

Starting time step 0, stepsize 20 days, at day 404/424, date = 09-Feb-2019
 Newton its= 3, linearizations= 4 (0.6sec), linear its=  6 (1.5sec)


Report step 39/82 at day 424/912, date = 01-Mar-2019

Starting time step 0, stepsize 8 days, at day 424/432, date = 01-Mar-2019
 Newton its= 2, linearizations= 3 (0.5sec), linear its=  3 (1.0sec)


Report step 40/82 at day 432/912, date = 09-Mar-2019

Starting time step 0, stepsize 13 days, at day 432/445, date = 09-Mar-2019
 Newton its= 2, linearizations= 3 (0.5sec), linear its=  4 (1.1sec)


Report step 41/82 at day 445/912, date = 22-Mar-2019

Starting time step 0, stepsize 10 days, at day 445/455, date = 22-Mar-2019
 Newton its= 2, linearizations= 3 (0.5sec), linear its=  4 (1.0sec)


Report step 42/82 at day 455/912, date = 01-Apr-2019

Starting time step 0, stepsize 30 days, at day 455/485, date = 01-Apr-2019
 Newton its= 6, linearizations= 7 (1.1sec), linear its=  8 (2.7sec)


Report step 43/82 at day 485/912, date = 01-May-2019

Starting time step 0, stepsize 3 days, at day 485/488, date = 01-May-2019
 Newton its= 3, linearizations= 4 (0.6sec), linear its=  4 (1.2sec)


Report step 44/82 at day 488/912, date = 04-May-2019

Starting time step 0, stepsize 1 days, at day 488/489, date = 04-May-2019
 Newton its= 2, linearizations= 3 (0.4sec), linear its=  2 (0.9sec)


Report step 45/82 at day 489/912, date = 05-May-2019

Starting time step 0, stepsize 3 days, at day 489/508, date = 05-May-2019
 Newton its= 2, linearizations= 3 (0.5sec), linear its=  3 (0.9sec)

Starting time step 1, stepsize 9 days, at day 492/508, date = 08-May-2019
 Newton its= 2, linearizations= 3 (0.4sec), linear its=  4 (1.2sec)

Starting time step 2, stepsize 7 days, at day 501/508, date = 17-May-2019
 Newton its= 2, linearizations= 3 (0.5sec), linear its=  3 (1.0sec)


Report step 46/82 at day 508/912, date = 24-May-2019

Starting time step 0, stepsize 8 days, at day 508/516, date = 24-May-2019
 Newton its= 2, linearizations= 3 (0.5sec), linear its=  3 (0.9sec)


Report step 47/82 at day 516/912, date = 01-Jun-2019

Starting time step 0, stepsize 13 days, at day 516/529, date = 01-Jun-2019
 Newton its= 2, linearizations= 3 (0.4sec), linear its=  4 (1.3sec)


Report step 48/82 at day 529/912, date = 14-Jun-2019

Starting time step 0, stepsize 16 days, at day 529/545, date = 14-Jun-2019
 Newton its= 2, linearizations= 3 (0.5sec), linear its=  4 (1.3sec)


Report step 49/82 at day 545/912, date = 30-Jun-2019

Starting time step 0, stepsize 1 days, at day 545/546, date = 30-Jun-2019
 Newton its= 2, linearizations= 3 (0.5sec), linear its=  2 (0.8sec)

                              **************************************************************************
  BALANCE  AT       546  DAYS *Drogon synthetic reservoir model                                          *
  REPORT   50    01 Jul 2019  *                                             Flow  version     2025.04  *
                              **************************************************************************


                                                    ==================================================
                                                    :                  FIELD TOTALS                  :
                                                    :        PAV  =           260  BARSA             :
                                                    :        PORV =     528265459  RM3               :
                                                    : Pressure is weighted by hydrocarbon pore volume:
                                                    : Pore volumes are taken at reference conditions :
                          :--------------- OIL  SM3 ------------------:-- WAT    SM3 --:--------------  GAS     SM3 ---------------:
                          :    LIQUID         VAPOUR        TOTAL     :     TOTAL      :     FREE        DISSOLVED       TOTAL     :
:-------------------------:-------------------------------------------:----------------:-------------------------------------------:
:CURRENTLY IN PLACE       :   40216316        183020       40399336   :   447887969    :  1449237002     5566931653    7016168655  :
:-------------------------:-------------------------------------------:----------------:-------------------------------------------:
:ORIGINALLY IN PLACE      :   45436068        197270       45633338   :   443134656    :  1282312940     6465885290    7748198230  :
====================================================================================================================================



                                                    ==================================================
                                                    :              FIPNUM REPORT REGION  1           :
                                                    :        PAV  =           279  BARSA             :
                                                    :        PORV =      89898543  RM3               :
                          :--------------- OIL  SM3 ------------------:-- WAT    SM3 --:--------------  GAS     SM3 ---------------:
                          :    LIQUID         VAPOUR        TOTAL     :     TOTAL      :     FREE        DISSOLVED       TOTAL     :
:-------------------------:-------------------------------------------:----------------:-------------------------------------------:
:CURRENTLY IN PLACE       :    578490          4834         583324    :    85949614    :   24412372       84521631     108934003   :
:-------------------------:-------------------------------------------:----------------:-------------------------------------------:
:ORIGINALLY IN PLACE      :    575487           0           575487    :    86270005    :       0          81040075      81040075   :
:-------------------------:-------------------------------------------:----------------:-------------------------------------------:
====================================================================================================================================



                                                    ==================================================
                                                    :              FIPNUM REPORT REGION  2           :
                                                    :        PAV  =           259  BARSA             :
                                                    :        PORV =      20521379  RM3               :
                          :--------------- OIL  SM3 ------------------:-- WAT    SM3 --:--------------  GAS     SM3 ---------------:
                          :    LIQUID         VAPOUR        TOTAL     :     TOTAL      :     FREE        DISSOLVED       TOTAL     :
:-------------------------:-------------------------------------------:----------------:-------------------------------------------:
:CURRENTLY IN PLACE       :    5843006         3099        5846105    :    11568485    :   19217871      809075283     828293154   :
:-------------------------:-------------------------------------------:----------------:-------------------------------------------:
:ORIGINALLY IN PLACE      :    6495331          0          6495331    :    10866074    :       0         914672462     914672462   :
:-------------------------:-------------------------------------------:----------------:-------------------------------------------:
====================================================================================================================================



                                                    ==================================================
                                                    :              FIPNUM REPORT REGION  3           :
                                                    :        PAV  =           269  BARSA             :
                                                    :        PORV =      17199983  RM3               :
                          :--------------- OIL  SM3 ------------------:-- WAT    SM3 --:--------------  GAS     SM3 ---------------:
                          :    LIQUID         VAPOUR        TOTAL     :     TOTAL      :     FREE        DISSOLVED       TOTAL     :
:-------------------------:-------------------------------------------:----------------:-------------------------------------------:
:CURRENTLY IN PLACE       :    2730841         4349        2735190    :    12689966    :   23676765      387206011     410882776   :
:-------------------------:-------------------------------------------:----------------:-------------------------------------------:
:ORIGINALLY IN PLACE      :    3417711          0          3417711    :    11918744    :       0         481282043     481282043   :
:-------------------------:-------------------------------------------:----------------:-------------------------------------------:
====================================================================================================================================



                                                    ==================================================
                                                    :              FIPNUM REPORT REGION  4           :
                                                    :        PAV  =           278  BARSA             :
                                                    :        PORV =       6144533  RM3               :
                          :--------------- OIL  SM3 ------------------:-- WAT    SM3 --:--------------  GAS     SM3 ---------------:
                          :    LIQUID         VAPOUR        TOTAL     :     TOTAL      :     FREE        DISSOLVED       TOTAL     :
:-------------------------:-------------------------------------------:----------------:-------------------------------------------:
:CURRENTLY IN PLACE       :    318113         77925         396039    :    2605701     :   650446801      57072989     707519790   :
:-------------------------:-------------------------------------------:----------------:-------------------------------------------:
:ORIGINALLY IN PLACE      :    305795         104960        410756    :    2620385     :   684078311      59914474     743992785   :
:-------------------------:-------------------------------------------:----------------:-------------------------------------------:
====================================================================================================================================



                                                    ==================================================
                                                    :              FIPNUM REPORT REGION  5           :
                                                    :        PAV  =           244  BARSA             :
                                                    :        PORV =       2162311  RM3               :
                          :--------------- OIL  SM3 ------------------:-- WAT    SM3 --:--------------  GAS     SM3 ---------------:
                          :    LIQUID         VAPOUR        TOTAL     :     TOTAL      :     FREE        DISSOLVED       TOTAL     :
:-------------------------:-------------------------------------------:----------------:-------------------------------------------:
:CURRENTLY IN PLACE       :    1370882         2416        1373298    :     115899     :   15895880      179792890     195688771   :
:-------------------------:-------------------------------------------:----------------:-------------------------------------------:
:ORIGINALLY IN PLACE      :    1425877          0          1425877    :     115526     :       0         200792047     200792047   :
:-------------------------:-------------------------------------------:----------------:-------------------------------------------:
====================================================================================================================================



                                                    ==================================================
                                                    :              FIPNUM REPORT REGION  6           :
                                                    :        PAV  =           250  BARSA             :
                                                    :        PORV =      18743611  RM3               :
                          :--------------- OIL  SM3 ------------------:-- WAT    SM3 --:--------------  GAS     SM3 ---------------:
                          :    LIQUID         VAPOUR        TOTAL     :     TOTAL      :     FREE        DISSOLVED       TOTAL     :
:-------------------------:-------------------------------------------:----------------:-------------------------------------------:
:CURRENTLY IN PLACE       :    9165510        10396        9175906    :    5065040     :   67023257      1229968036    1296991293  :
:-------------------------:-------------------------------------------:----------------:-------------------------------------------:
:ORIGINALLY IN PLACE      :    9790608          0          9790608    :    4563345     :       0         1378713370    1378713370  :
:-------------------------:-------------------------------------------:----------------:-------------------------------------------:
====================================================================================================================================



                                                    ==================================================
                                                    :              FIPNUM REPORT REGION  7           :
                                                    :        PAV  =           271  BARSA             :
                                                    :        PORV =      36301375  RM3               :
                          :--------------- OIL  SM3 ------------------:-- WAT    SM3 --:--------------  GAS     SM3 ---------------:
                          :    LIQUID         VAPOUR        TOTAL     :     TOTAL      :     FREE        DISSOLVED       TOTAL     :
:-------------------------:-------------------------------------------:----------------:-------------------------------------------:
:CURRENTLY IN PLACE       :     14545           0           14545     :    35071139    :      15          2048149       2048164    :
:-------------------------:-------------------------------------------:----------------:-------------------------------------------:
:ORIGINALLY IN PLACE      :     14866           0           14866     :    35164945    :       0          2093495       2093495    :
:-------------------------:-------------------------------------------:----------------:-------------------------------------------:
====================================================================================================================================



                                                    ==================================================
                                                    :              FIPNUM REPORT REGION  8           :
                                                    :        PAV  =           279  BARSA             :
                                                    :        PORV =      96093206  RM3               :
                          :--------------- OIL  SM3 ------------------:-- WAT    SM3 --:--------------  GAS     SM3 ---------------:
                          :    LIQUID         VAPOUR        TOTAL     :     TOTAL      :     FREE        DISSOLVED       TOTAL     :
:-------------------------:-------------------------------------------:----------------:-------------------------------------------:
:CURRENTLY IN PLACE       :    233955          488          234442    :    92536119    :    2453008       33576393      36029400   :
:-------------------------:-------------------------------------------:----------------:-------------------------------------------:
:ORIGINALLY IN PLACE      :    229443           0           229443    :    92755031    :       0          32310146      32310146   :
:-------------------------:-------------------------------------------:----------------:-------------------------------------------:
====================================================================================================================================



                                                    ==================================================
                                                    :              FIPNUM REPORT REGION  9           :
                                                    :        PAV  =           277  BARSA             :
                                                    :        PORV =       7227224  RM3               :
                          :--------------- OIL  SM3 ------------------:-- WAT    SM3 --:--------------  GAS     SM3 ---------------:
                          :    LIQUID         VAPOUR        TOTAL     :     TOTAL      :     FREE        DISSOLVED       TOTAL     :
:-------------------------:-------------------------------------------:----------------:-------------------------------------------:
:CURRENTLY IN PLACE       :    1008942          2          1008944    :    5574792     :     10189       142078036     142088225   :
:-------------------------:-------------------------------------------:----------------:-------------------------------------------:
:ORIGINALLY IN PLACE      :    1131859          0          1131859    :    5428713     :       0         159388353     159388353   :
:-------------------------:-------------------------------------------:----------------:-------------------------------------------:
====================================================================================================================================



                                                    ==================================================
                                                    :              FIPNUM REPORT REGION 10           :
                                                    :        PAV  =           277  BARSA             :
                                                    :        PORV =      12536807  RM3               :
                          :--------------- OIL  SM3 ------------------:-- WAT    SM3 --:--------------  GAS     SM3 ---------------:
                          :    LIQUID         VAPOUR        TOTAL     :     TOTAL      :     FREE        DISSOLVED       TOTAL     :
:-------------------------:-------------------------------------------:----------------:-------------------------------------------:
:CURRENTLY IN PLACE       :    1430837          0          1430837    :    10124164    :       0         201494525     201494525   :
:-------------------------:-------------------------------------------:----------------:-------------------------------------------:
:ORIGINALLY IN PLACE      :    1552001          0          1552001    :    9992033     :       0         218552850     218552850   :
:-------------------------:-------------------------------------------:----------------:-------------------------------------------:
====================================================================================================================================



                                                    ==================================================
                                                    :              FIPNUM REPORT REGION 11           :
                                                    :        PAV  =           277  BARSA             :
                                                    :        PORV =       4955237  RM3               :
                          :--------------- OIL  SM3 ------------------:-- WAT    SM3 --:--------------  GAS     SM3 ---------------:
                          :    LIQUID         VAPOUR        TOTAL     :     TOTAL      :     FREE        DISSOLVED       TOTAL     :
:-------------------------:-------------------------------------------:----------------:-------------------------------------------:
:CURRENTLY IN PLACE       :    401417         53116         454533    :    2196691     :   450831781      71445844     522277625   :
:-------------------------:-------------------------------------------:----------------:-------------------------------------------:
:ORIGINALLY IN PLACE      :    389869         73129         462999    :    2211849     :   474227340      76387123     550614463   :
:-------------------------:-------------------------------------------:----------------:-------------------------------------------:
====================================================================================================================================



                                                    ==================================================
                                                    :              FIPNUM REPORT REGION 12           :
                                                    :        PAV  =           243  BARSA             :
                                                    :        PORV =       1468279  RM3               :
                          :--------------- OIL  SM3 ------------------:-- WAT    SM3 --:--------------  GAS     SM3 ---------------:
                          :    LIQUID         VAPOUR        TOTAL     :     TOTAL      :     FREE        DISSOLVED       TOTAL     :
:-------------------------:-------------------------------------------:----------------:-------------------------------------------:
:CURRENTLY IN PLACE       :    879149          1752         880901    :     147233     :   11549984      114815596     126365580   :
:-------------------------:-------------------------------------------:----------------:-------------------------------------------:
:ORIGINALLY IN PLACE      :    959571           0           959571    :     90784      :       0         135126820     135126820   :
:-------------------------:-------------------------------------------:----------------:-------------------------------------------:
====================================================================================================================================



                                                    ==================================================
                                                    :              FIPNUM REPORT REGION 13           :
                                                    :        PAV  =           254  BARSA             :
                                                    :        PORV =      10516749  RM3               :
                          :--------------- OIL  SM3 ------------------:-- WAT    SM3 --:--------------  GAS     SM3 ---------------:
                          :    LIQUID         VAPOUR        TOTAL     :     TOTAL      :     FREE        DISSOLVED       TOTAL     :
:-------------------------:-------------------------------------------:----------------:-------------------------------------------:
:CURRENTLY IN PLACE       :    3887230         3342        3890572    :    4653927     :   20735444      528802983     549538428   :
:-------------------------:-------------------------------------------:----------------:-------------------------------------------:
:ORIGINALLY IN PLACE      :    4514990          0          4514990    :    3919413     :       0         635800840     635800840   :
:-------------------------:-------------------------------------------:----------------:-------------------------------------------:
====================================================================================================================================



                                                    ==================================================
                                                    :              FIPNUM REPORT REGION 14           :
                                                    :        PAV  =           295  BARSA             :
                                                    :        PORV =      16630099  RM3               :
                          :--------------- OIL  SM3 ------------------:-- WAT    SM3 --:--------------  GAS     SM3 ---------------:
                          :    LIQUID         VAPOUR        TOTAL     :     TOTAL      :     FREE        DISSOLVED       TOTAL     :
:-------------------------:-------------------------------------------:----------------:-------------------------------------------:
:CURRENTLY IN PLACE       :       0             0             0       :    16086623    :       0             0             0       :
:-------------------------:-------------------------------------------:----------------:-------------------------------------------:
:ORIGINALLY IN PLACE      :       0             0             0       :    16126710    :       0             0             0       :
:-------------------------:-------------------------------------------:----------------:-------------------------------------------:
====================================================================================================================================



                                                    ==================================================
                                                    :              FIPNUM REPORT REGION 15           :
                                                    :        PAV  =           279  BARSA             :
                                                    :        PORV =      83366468  RM3               :
                          :--------------- OIL  SM3 ------------------:-- WAT    SM3 --:--------------  GAS     SM3 ---------------:
                          :    LIQUID         VAPOUR        TOTAL     :     TOTAL      :     FREE        DISSOLVED       TOTAL     :
:-------------------------:-------------------------------------------:----------------:-------------------------------------------:
:CURRENTLY IN PLACE       :     33133           74          33207     :    80532074    :    367211        4986337       5353548    :
:-------------------------:-------------------------------------------:----------------:-------------------------------------------:
:ORIGINALLY IN PLACE      :     28385           0           28385     :    80730923    :       0          3997173       3997173    :
:-------------------------:-------------------------------------------:----------------:-------------------------------------------:
====================================================================================================================================



                                                    ==================================================
                                                    :              FIPNUM REPORT REGION 16           :
                                                    :        PAV  =           270  BARSA             :
                                                    :        PORV =      39323526  RM3               :
                          :--------------- OIL  SM3 ------------------:-- WAT    SM3 --:--------------  GAS     SM3 ---------------:
                          :    LIQUID         VAPOUR        TOTAL     :     TOTAL      :     FREE        DISSOLVED       TOTAL     :
:-------------------------:-------------------------------------------:----------------:-------------------------------------------:
:CURRENTLY IN PLACE       :    2472578          0          2472578    :    34522175    :       0         348170473     348170473   :
:-------------------------:-------------------------------------------:----------------:-------------------------------------------:
:ORIGINALLY IN PLACE      :    2837752          0          2837752    :    34153583    :       0         399612274     399612274   :
:-------------------------:-------------------------------------------:----------------:-------------------------------------------:
====================================================================================================================================



                                                    ==================================================
                                                    :              FIPNUM REPORT REGION 17           :
                                                    :        PAV  =           282  BARSA             :
                                                    :        PORV =       6221182  RM3               :
                          :--------------- OIL  SM3 ------------------:-- WAT    SM3 --:--------------  GAS     SM3 ---------------:
                          :    LIQUID         VAPOUR        TOTAL     :     TOTAL      :     FREE        DISSOLVED       TOTAL     :
:-------------------------:-------------------------------------------:----------------:-------------------------------------------:
:CURRENTLY IN PLACE       :    310139           0           310139    :    5582425     :       0          43673725      43673725   :
:-------------------------:-------------------------------------------:----------------:-------------------------------------------:
:ORIGINALLY IN PLACE      :    325127           0           325127    :    5575613     :       0          45784426      45784426   :
:-------------------------:-------------------------------------------:----------------:-------------------------------------------:
====================================================================================================================================



                                                    ==================================================
                                                    :              FIPNUM REPORT REGION 18           :
                                                    :        PAV  =           278  BARSA             :
                                                    :        PORV =       2826527  RM3               :
                          :--------------- OIL  SM3 ------------------:-- WAT    SM3 --:--------------  GAS     SM3 ---------------:
                          :    LIQUID         VAPOUR        TOTAL     :     TOTAL      :     FREE        DISSOLVED       TOTAL     :
:-------------------------:-------------------------------------------:----------------:-------------------------------------------:
:CURRENTLY IN PLACE       :    497421         13976         511397    :    1451787     :   118365906      88426189     206792095   :
:-------------------------:-------------------------------------------:----------------:-------------------------------------------:
:ORIGINALLY IN PLACE      :    530578         19181         549759    :    1385854     :   124007289     103956222     227963511   :
:-------------------------:-------------------------------------------:----------------:-------------------------------------------:
====================================================================================================================================



                                                    ==================================================
                                                    :              FIPNUM REPORT REGION 19           :
                                                    :        PAV  =           256  BARSA             :
                                                    :        PORV =       2473894  RM3               :
                          :--------------- OIL  SM3 ------------------:-- WAT    SM3 --:--------------  GAS     SM3 ---------------:
                          :    LIQUID         VAPOUR        TOTAL     :     TOTAL      :     FREE        DISSOLVED       TOTAL     :
:-------------------------:-------------------------------------------:----------------:-------------------------------------------:
:CURRENTLY IN PLACE       :    912208          1575         913783    :    1068115     :    9602512      126086363     135688875   :
:-------------------------:-------------------------------------------:----------------:-------------------------------------------:
:ORIGINALLY IN PLACE      :    1344687          0          1344687    :     530941     :       0         189358833     189358833   :
:-------------------------:-------------------------------------------:----------------:-------------------------------------------:
====================================================================================================================================



                                                    ==================================================
                                                    :              FIPNUM REPORT REGION 20           :
                                                    :        PAV  =           254  BARSA             :
                                                    :        PORV =      20158270  RM3               :
                          :--------------- OIL  SM3 ------------------:-- WAT    SM3 --:--------------  GAS     SM3 ---------------:
                          :    LIQUID         VAPOUR        TOTAL     :     TOTAL      :     FREE        DISSOLVED       TOTAL     :
:-------------------------:-------------------------------------------:----------------:-------------------------------------------:
:CURRENTLY IN PLACE       :    8127858         5676        8133534    :    7973754     :   34648005      1113681419    1148329424  :
:-------------------------:-------------------------------------------:----------------:-------------------------------------------:
:ORIGINALLY IN PLACE      :    9566129          0          9566129    :    6250384     :       0         1347102264    1347102264  :
:-------------------------:-------------------------------------------:----------------:-------------------------------------------:
====================================================================================================================================



                                                    ==================================================
                                                    :              FIPNUM REPORT REGION 21           :
                                                    :        PAV  =           267  BARSA             :
                                                    :        PORV =      33496256  RM3               :
                          :--------------- OIL  SM3 ------------------:-- WAT    SM3 --:--------------  GAS     SM3 ---------------:
                          :    LIQUID         VAPOUR        TOTAL     :     TOTAL      :     FREE        DISSOLVED       TOTAL     :
:-------------------------:-------------------------------------------:----------------:-------------------------------------------:
:CURRENTLY IN PLACE       :      62             0             62      :    32372247    :       0            8779          8779     :
:-------------------------:-------------------------------------------:----------------:-------------------------------------------:
:ORIGINALLY IN PLACE      :       0             0             0       :    32463804    :       0             0             0       :
:-------------------------:-------------------------------------------:----------------:-------------------------------------------:
====================================================================================================================================




Report step 50/82 at day 546/912, date = 01-Jul-2019

Starting time step 0, stepsize 3 days, at day 546/572, date = 01-Jul-2019
Restart file written for report step 50/82, date = 01-Jul-2019 00:00:00
 Newton its= 2, linearizations= 3 (0.5sec), linear its=  3 (0.8sec)

Starting time step 1, stepsize 9 days, at day 549/572, date = 04-Jul-2019
 Newton its= 2, linearizations= 3 (0.5sec), linear its=  4 (1.0sec)

Starting time step 2, stepsize 14 days, at day 558/572, date = 13-Jul-2019
 Newton its= 2, linearizations= 3 (0.5sec), linear its=  3 (1.1sec)


Report step 51/82 at day 572/912, date = 27-Jul-2019

Starting time step 0, stepsize 5 days, at day 572/577, date = 27-Jul-2019
 Newton its= 2, linearizations= 3 (0.5sec), linear its=  3 (0.9sec)


Report step 52/82 at day 577/912, date = 01-Aug-2019

Starting time step 0, stepsize 15 days, at day 577/592, date = 01-Aug-2019
 Newton its= 2, linearizations= 3 (0.4sec), linear its=  3 (0.9sec)


Report step 53/82 at day 592/912, date = 16-Aug-2019

Starting time step 0, stepsize 8 days, at day 592/600, date = 16-Aug-2019
 Newton its= 2, linearizations= 3 (0.5sec), linear its=  3 (0.9sec)


Report step 54/82 at day 600/912, date = 24-Aug-2019

Starting time step 0, stepsize 8 days, at day 600/608, date = 24-Aug-2019
 Newton its= 2, linearizations= 3 (0.5sec), linear its=  3 (0.8sec)


Report step 55/82 at day 608/912, date = 01-Sep-2019

Starting time step 0, stepsize 5 days, at day 608/613, date = 01-Sep-2019
 Newton its= 2, linearizations= 3 (0.5sec), linear its=  3 (1.0sec)


Report step 56/82 at day 613/912, date = 06-Sep-2019

Starting time step 0, stepsize 15 days, at day 613/638, date = 06-Sep-2019
 Newton its= 3, linearizations= 4 (0.7sec), linear its=  2 (1.1sec)

Starting time step 1, stepsize 10 days, at day 628/638, date = 21-Sep-2019
 Newton its= 2, linearizations= 3 (0.3sec), linear its=  2 (0.7sec)


Report step 57/82 at day 638/912, date = 01-Oct-2019

Starting time step 0, stepsize 18 days, at day 638/656, date = 01-Oct-2019
 Newton its= 3, linearizations= 4 (0.5sec), linear its=  4 (1.2sec)


Report step 58/82 at day 656/912, date = 19-Oct-2019

Starting time step 0, stepsize 13 days, at day 656/669, date = 19-Oct-2019
 Newton its= 2, linearizations= 3 (0.4sec), linear its=  4 (1.2sec)


Report step 59/82 at day 669/912, date = 01-Nov-2019

Starting time step 0, stepsize 1 days, at day 669/670, date = 01-Nov-2019
 Newton its= 2, linearizations= 3 (0.5sec), linear its=  3 (1.3sec)


Report step 60/82 at day 670/912, date = 02-Nov-2019

Starting time step 0, stepsize 3 days, at day 670/676, date = 02-Nov-2019
 Newton its= 2, linearizations= 3 (0.5sec), linear its=  3 (1.0sec)

Starting time step 1, stepsize 3 days, at day 673/676, date = 05-Nov-2019
 Newton its= 2, linearizations= 3 (0.5sec), linear its=  3 (0.9sec)


Report step 61/82 at day 676/912, date = 08-Nov-2019

Starting time step 0, stepsize 8 days, at day 676/684, date = 08-Nov-2019
 Newton its= 2, linearizations= 3 (0.5sec), linear its=  5 (1.1sec)


Report step 62/82 at day 684/912, date = 16-Nov-2019

Starting time step 0, stepsize 13 days, at day 684/697, date = 16-Nov-2019
 Newton its= 2, linearizations= 3 (0.4sec), linear its=  5 (1.2sec)


Report step 63/82 at day 697/912, date = 29-Nov-2019

Starting time step 0, stepsize 2 days, at day 697/699, date = 29-Nov-2019
 Newton its= 2, linearizations= 3 (0.4sec), linear its=  3 (0.8sec)


Report step 64/82 at day 699/912, date = 01-Dec-2019

Starting time step 0, stepsize 6 days, at day 699/730, date = 01-Dec-2019
 Newton its= 2, linearizations= 3 (0.5sec), linear its=  4 (0.9sec)

Starting time step 1, stepsize 12.5 days, at day 705/730, date = 07-Dec-2019
 Newton its= 2, linearizations= 3 (0.5sec), linear its=  4 (1.0sec)

Starting time step 2, stepsize 12.5 days, at day 717.5/730, date = 19-Dec-2019
 Newton its= 2, linearizations= 3 (0.5sec), linear its=  4 (1.1sec)


Report step 65/82 at day 730/912, date = 01-Jan-2020

Starting time step 0, stepsize 10 days, at day 730/740, date = 01-Jan-2020
 Newton its= 2, linearizations= 3 (0.5sec), linear its=  3 (1.3sec)


Report step 66/82 at day 740/912, date = 11-Jan-2020

Starting time step 0, stepsize 20 days, at day 740/760, date = 11-Jan-2020
 Newton its= 3, linearizations= 4 (0.7sec), linear its=  5 (1.5sec)


Report step 67/82 at day 760/912, date = 31-Jan-2020

Starting time step 0, stepsize 1 days, at day 760/761, date = 31-Jan-2020
 Newton its= 2, linearizations= 3 (0.4sec), linear its=  2 (0.7sec)


Report step 68/82 at day 761/912, date = 01-Feb-2020

Starting time step 0, stepsize 3 days, at day 761/768, date = 01-Feb-2020
 Newton its= 2, linearizations= 3 (0.4sec), linear its=  3 (0.8sec)

Starting time step 1, stepsize 4 days, at day 764/768, date = 04-Feb-2020
 Newton its= 2, linearizations= 3 (0.4sec), linear its=  3 (1.0sec)


Report step 69/82 at day 768/912, date = 08-Feb-2020

Starting time step 0, stepsize 6.5 days, at day 768/781, date = 08-Feb-2020
 Newton its= 2, linearizations= 3 (0.4sec), linear its=  3 (0.8sec)

Starting time step 1, stepsize 6.5 days, at day 774.5/781, date = 14-Feb-2020
 Newton its= 2, linearizations= 3 (0.4sec), linear its=  4 (0.9sec)


Report step 70/82 at day 781/912, date = 21-Feb-2020

Starting time step 0, stepsize 9 days, at day 781/790, date = 21-Feb-2020
 Newton its= 2, linearizations= 3 (0.5sec), linear its=  4 (0.9sec)


Report step 71/82 at day 790/912, date = 01-Mar-2020

Starting time step 0, stepsize 15.5 days, at day 790/821, date = 01-Mar-2020
 Newton its= 2, linearizations= 3 (0.4sec), linear its=  4 (0.8sec)

Starting time step 1, stepsize 15.5 days, at day 805.5/821, date = 16-Mar-2020
 Newton its= 2, linearizations= 3 (0.5sec), linear its=  5 (1.2sec)


Report step 72/82 at day 821/912, date = 01-Apr-2020

Starting time step 0, stepsize 3 days, at day 821/824, date = 01-Apr-2020
 Newton its= 2, linearizations= 3 (0.4sec), linear its=  3 (0.8sec)


Report step 73/82 at day 824/912, date = 04-Apr-2020

Starting time step 0, stepsize 9 days, at day 824/844, date = 04-Apr-2020
 Newton its= 2, linearizations= 3 (0.4sec), linear its=  4 (1.1sec)

Starting time step 1, stepsize 11 days, at day 833/844, date = 13-Apr-2020
 Newton its= 2, linearizations= 3 (0.4sec), linear its=  4 (1.3sec)


Report step 74/82 at day 844/912, date = 24-Apr-2020

Starting time step 0, stepsize 7 days, at day 844/851, date = 24-Apr-2020
 Newton its= 2, linearizations= 3 (0.7sec), linear its=  2 (1.1sec)


Report step 75/82 at day 851/912, date = 01-May-2020

Starting time step 0, stepsize 1 days, at day 851/852, date = 01-May-2020
 Newton its= 2, linearizations= 3 (0.5sec), linear its=  2 (0.7sec)


Report step 76/82 at day 852/912, date = 02-May-2020

Starting time step 0, stepsize 1.5 days, at day 852/855, date = 02-May-2020
 Newton its= 2, linearizations= 3 (0.4sec), linear its=  2 (0.8sec)

Starting time step 1, stepsize 1.5 days, at day 853.5/855, date = 03-May-2020
 Newton its= 2, linearizations= 3 (0.5sec), linear its=  3 (0.9sec)


Report step 77/82 at day 855/912, date = 05-May-2020

Starting time step 0, stepsize 4.5 days, at day 855/865, date = 05-May-2020
 Newton its= 3, linearizations= 4 (0.5sec), linear its=  5 (1.5sec)

Starting time step 1, stepsize 5.5 days, at day 859.5/865, date = 09-May-2020
 Newton its= 2, linearizations= 3 (0.5sec), linear its=  4 (1.1sec)


Report step 78/82 at day 865/912, date = 15-May-2020

Starting time step 0, stepsize 17 days, at day 865/882, date = 15-May-2020
 Newton its= 3, linearizations= 4 (0.5sec), linear its=  4 (1.5sec)


Report step 79/82 at day 882/912, date = 01-Jun-2020

Starting time step 0, stepsize 26 days, at day 882/908, date = 01-Jun-2020
 Newton its= 3, linearizations= 4 (0.6sec), linear its=  4 (1.4sec)


Report step 80/82 at day 908/912, date = 27-Jun-2020

Starting time step 0, stepsize 3 days, at day 908/911, date = 27-Jun-2020
 Newton its= 2, linearizations= 3 (0.7sec), linear its=  1 (1.0sec)


Report step 81/82 at day 911/912, date = 30-Jun-2020

Starting time step 0, stepsize 1 days, at day 911/912, date = 30-Jun-2020
 Newton its= 2, linearizations= 3 (0.5sec), linear its=  2 (0.8sec)

                              **************************************************************************
  BALANCE  AT       912  DAYS *Drogon synthetic reservoir model                                          *
  REPORT   82    01 Jul 2020  *                                             Flow  version     2025.04  *
                              **************************************************************************


                                                    ==================================================
                                                    :                  FIELD TOTALS                  :
                                                    :        PAV  =           258  BARSA             :
                                                    :        PORV =     528265459  RM3               :
                                                    : Pressure is weighted by hydrocarbon pore volume:
                                                    : Pore volumes are taken at reference conditions :
                          :--------------- OIL  SM3 ------------------:-- WAT    SM3 --:--------------  GAS     SM3 ---------------:
                          :    LIQUID         VAPOUR        TOTAL     :     TOTAL      :     FREE        DISSOLVED       TOTAL     :
:-------------------------:-------------------------------------------:----------------:-------------------------------------------:
:CURRENTLY IN PLACE       :   36840787        186857       37027644   :   452474790    :  1478392665     5067073115    6545465781  :
:-------------------------:-------------------------------------------:----------------:-------------------------------------------:
:ORIGINALLY IN PLACE      :   45436068        197270       45633338   :   443134656    :  1282312940     6465885290    7748198230  :
====================================================================================================================================



                                                    ==================================================
                                                    :              FIPNUM REPORT REGION  1           :
                                                    :        PAV  =           278  BARSA             :
                                                    :        PORV =      89898543  RM3               :
                          :--------------- OIL  SM3 ------------------:-- WAT    SM3 --:--------------  GAS     SM3 ---------------:
                          :    LIQUID         VAPOUR        TOTAL     :     TOTAL      :     FREE        DISSOLVED       TOTAL     :
:-------------------------:-------------------------------------------:----------------:-------------------------------------------:
:CURRENTLY IN PLACE       :    576981          4841         581822    :    85949989    :   24521867       84383175     108905042   :
:-------------------------:-------------------------------------------:----------------:-------------------------------------------:
:ORIGINALLY IN PLACE      :    575487           0           575487    :    86270005    :       0          81040075      81040075   :
:-------------------------:-------------------------------------------:----------------:-------------------------------------------:
====================================================================================================================================



                                                    ==================================================
                                                    :              FIPNUM REPORT REGION  2           :
                                                    :        PAV  =           256  BARSA             :
                                                    :        PORV =      20521379  RM3               :
                          :--------------- OIL  SM3 ------------------:-- WAT    SM3 --:--------------  GAS     SM3 ---------------:
                          :    LIQUID         VAPOUR        TOTAL     :     TOTAL      :     FREE        DISSOLVED       TOTAL     :
:-------------------------:-------------------------------------------:----------------:-------------------------------------------:
:CURRENTLY IN PLACE       :    5193621         5563        5199184    :    12408323    :   35627551      710271205     745898756   :
:-------------------------:-------------------------------------------:----------------:-------------------------------------------:
:ORIGINALLY IN PLACE      :    6495331          0          6495331    :    10866074    :       0         914672462     914672462   :
:-------------------------:-------------------------------------------:----------------:-------------------------------------------:
====================================================================================================================================



                                                    ==================================================
                                                    :              FIPNUM REPORT REGION  3           :
                                                    :        PAV  =           268  BARSA             :
                                                    :        PORV =      17199983  RM3               :
                          :--------------- OIL  SM3 ------------------:-- WAT    SM3 --:--------------  GAS     SM3 ---------------:
                          :    LIQUID         VAPOUR        TOTAL     :     TOTAL      :     FREE        DISSOLVED       TOTAL     :
:-------------------------:-------------------------------------------:----------------:-------------------------------------------:
:CURRENTLY IN PLACE       :    2451526         3775        2455300    :    13093017    :   20818341      346924143     367742484   :
:-------------------------:-------------------------------------------:----------------:-------------------------------------------:
:ORIGINALLY IN PLACE      :    3417711          0          3417711    :    11918744    :       0         481282043     481282043   :
:-------------------------:-------------------------------------------:----------------:-------------------------------------------:
====================================================================================================================================



                                                    ==================================================
                                                    :              FIPNUM REPORT REGION  4           :
                                                    :        PAV  =           278  BARSA             :
                                                    :        PORV =       6144533  RM3               :
                          :--------------- OIL  SM3 ------------------:-- WAT    SM3 --:--------------  GAS     SM3 ---------------:
                          :    LIQUID         VAPOUR        TOTAL     :     TOTAL      :     FREE        DISSOLVED       TOTAL     :
:-------------------------:-------------------------------------------:----------------:-------------------------------------------:
:CURRENTLY IN PLACE       :    318026         76367         394393    :    2628374     :   644074158      56867461     700941619   :
:-------------------------:-------------------------------------------:----------------:-------------------------------------------:
:ORIGINALLY IN PLACE      :    305795         104960        410756    :    2620385     :   684078311      59914474     743992785   :
:-------------------------:-------------------------------------------:----------------:-------------------------------------------:
====================================================================================================================================



                                                    ==================================================
                                                    :              FIPNUM REPORT REGION  5           :
                                                    :        PAV  =           241  BARSA             :
                                                    :        PORV =       2162311  RM3               :
                          :--------------- OIL  SM3 ------------------:-- WAT    SM3 --:--------------  GAS     SM3 ---------------:
                          :    LIQUID         VAPOUR        TOTAL     :     TOTAL      :     FREE        DISSOLVED       TOTAL     :
:-------------------------:-------------------------------------------:----------------:-------------------------------------------:
:CURRENTLY IN PLACE       :    1350643         2866        1353509    :     131506     :   19125590      175062150     194187740   :
:-------------------------:-------------------------------------------:----------------:-------------------------------------------:
:ORIGINALLY IN PLACE      :    1425877          0          1425877    :     115526     :       0         200792047     200792047   :
:-------------------------:-------------------------------------------:----------------:-------------------------------------------:
====================================================================================================================================



                                                    ==================================================
                                                    :              FIPNUM REPORT REGION  6           :
                                                    :        PAV  =           247  BARSA             :
                                                    :        PORV =      18743611  RM3               :
                          :--------------- OIL  SM3 ------------------:-- WAT    SM3 --:--------------  GAS     SM3 ---------------:
                          :    LIQUID         VAPOUR        TOTAL     :     TOTAL      :     FREE        DISSOLVED       TOTAL     :
:-------------------------:-------------------------------------------:----------------:-------------------------------------------:
:CURRENTLY IN PLACE       :    8749205        13731        8762936    :    5554459     :   90857813      1157072811    1247930624  :
:-------------------------:-------------------------------------------:----------------:-------------------------------------------:
:ORIGINALLY IN PLACE      :    9790608          0          9790608    :    4563345     :       0         1378713370    1378713370  :
:-------------------------:-------------------------------------------:----------------:-------------------------------------------:
====================================================================================================================================



                                                    ==================================================
                                                    :              FIPNUM REPORT REGION  7           :
                                                    :        PAV  =           270  BARSA             :
                                                    :        PORV =      36301375  RM3               :
                          :--------------- OIL  SM3 ------------------:-- WAT    SM3 --:--------------  GAS     SM3 ---------------:
                          :    LIQUID         VAPOUR        TOTAL     :     TOTAL      :     FREE        DISSOLVED       TOTAL     :
:-------------------------:-------------------------------------------:----------------:-------------------------------------------:
:CURRENTLY IN PLACE       :     14228           0           14228     :    35068929    :      89          2003445       2003533    :
:-------------------------:-------------------------------------------:----------------:-------------------------------------------:
:ORIGINALLY IN PLACE      :     14866           0           14866     :    35164945    :       0          2093495       2093495    :
:-------------------------:-------------------------------------------:----------------:-------------------------------------------:
====================================================================================================================================



                                                    ==================================================
                                                    :              FIPNUM REPORT REGION  8           :
                                                    :        PAV  =           279  BARSA             :
                                                    :        PORV =      96093206  RM3               :
                          :--------------- OIL  SM3 ------------------:-- WAT    SM3 --:--------------  GAS     SM3 ---------------:
                          :    LIQUID         VAPOUR        TOTAL     :     TOTAL      :     FREE        DISSOLVED       TOTAL     :
:-------------------------:-------------------------------------------:----------------:-------------------------------------------:
:CURRENTLY IN PLACE       :    234062          419          234482    :    92536418    :    2115430       33596791      35712221   :
:-------------------------:-------------------------------------------:----------------:-------------------------------------------:
:ORIGINALLY IN PLACE      :    229443           0           229443    :    92755031    :       0          32310146      32310146   :
:-------------------------:-------------------------------------------:----------------:-------------------------------------------:
====================================================================================================================================



                                                    ==================================================
                                                    :              FIPNUM REPORT REGION  9           :
                                                    :        PAV  =           277  BARSA             :
                                                    :        PORV =       7227224  RM3               :
                          :--------------- OIL  SM3 ------------------:-- WAT    SM3 --:--------------  GAS     SM3 ---------------:
                          :    LIQUID         VAPOUR        TOTAL     :     TOTAL      :     FREE        DISSOLVED       TOTAL     :
:-------------------------:-------------------------------------------:----------------:-------------------------------------------:
:CURRENTLY IN PLACE       :    913468           4           913473    :    5707873     :     25991       128634578     128660569   :
:-------------------------:-------------------------------------------:----------------:-------------------------------------------:
:ORIGINALLY IN PLACE      :    1131859          0          1131859    :    5428713     :       0         159388353     159388353   :
:-------------------------:-------------------------------------------:----------------:-------------------------------------------:
====================================================================================================================================



                                                    ==================================================
                                                    :              FIPNUM REPORT REGION 10           :
                                                    :        PAV  =           277  BARSA             :
                                                    :        PORV =      12536807  RM3               :
                          :--------------- OIL  SM3 ------------------:-- WAT    SM3 --:--------------  GAS     SM3 ---------------:
                          :    LIQUID         VAPOUR        TOTAL     :     TOTAL      :     FREE        DISSOLVED       TOTAL     :
:-------------------------:-------------------------------------------:----------------:-------------------------------------------:
:CURRENTLY IN PLACE       :    1365691          0          1365691    :    10214377    :       0         192319501     192319501   :
:-------------------------:-------------------------------------------:----------------:-------------------------------------------:
:ORIGINALLY IN PLACE      :    1552001          0          1552001    :    9992033     :       0         218552850     218552850   :
:-------------------------:-------------------------------------------:----------------:-------------------------------------------:
====================================================================================================================================



                                                    ==================================================
                                                    :              FIPNUM REPORT REGION 11           :
                                                    :        PAV  =           277  BARSA             :
                                                    :        PORV =       4955237  RM3               :
                          :--------------- OIL  SM3 ------------------:-- WAT    SM3 --:--------------  GAS     SM3 ---------------:
                          :    LIQUID         VAPOUR        TOTAL     :     TOTAL      :     FREE        DISSOLVED       TOTAL     :
:-------------------------:-------------------------------------------:----------------:-------------------------------------------:
:CURRENTLY IN PLACE       :    405087         52678         457766    :    2204775     :   447618185      72065953     519684139   :
:-------------------------:-------------------------------------------:----------------:-------------------------------------------:
:ORIGINALLY IN PLACE      :    389869         73129         462999    :    2211849     :   474227340      76387123     550614463   :
:-------------------------:-------------------------------------------:----------------:-------------------------------------------:
====================================================================================================================================



                                                    ==================================================
                                                    :              FIPNUM REPORT REGION 12           :
                                                    :        PAV  =           240  BARSA             :
                                                    :        PORV =       1468279  RM3               :
                          :--------------- OIL  SM3 ------------------:-- WAT    SM3 --:--------------  GAS     SM3 ---------------:
                          :    LIQUID         VAPOUR        TOTAL     :     TOTAL      :     FREE        DISSOLVED       TOTAL     :
:-------------------------:-------------------------------------------:----------------:-------------------------------------------:
:CURRENTLY IN PLACE       :    794842          1940         796783    :     257789     :   13034146      102596768     115630913   :
:-------------------------:-------------------------------------------:----------------:-------------------------------------------:
:ORIGINALLY IN PLACE      :    959571           0           959571    :     90784      :       0         135126820     135126820   :
:-------------------------:-------------------------------------------:----------------:-------------------------------------------:
====================================================================================================================================



                                                    ==================================================
                                                    :              FIPNUM REPORT REGION 13           :
                                                    :        PAV  =           254  BARSA             :
                                                    :        PORV =      10516749  RM3               :
                          :--------------- OIL  SM3 ------------------:-- WAT    SM3 --:--------------  GAS     SM3 ---------------:
                          :    LIQUID         VAPOUR        TOTAL     :     TOTAL      :     FREE        DISSOLVED       TOTAL     :
:-------------------------:-------------------------------------------:----------------:-------------------------------------------:
:CURRENTLY IN PLACE       :    3472809         3501        3476310    :    5224647     :   21648840      472776817     494425657   :
:-------------------------:-------------------------------------------:----------------:-------------------------------------------:
:ORIGINALLY IN PLACE      :    4514990          0          4514990    :    3919413     :       0         635800840     635800840   :
:-------------------------:-------------------------------------------:----------------:-------------------------------------------:
====================================================================================================================================



                                                    ==================================================
                                                    :              FIPNUM REPORT REGION 14           :
                                                    :        PAV  =           294  BARSA             :
                                                    :        PORV =      16630099  RM3               :
                          :--------------- OIL  SM3 ------------------:-- WAT    SM3 --:--------------  GAS     SM3 ---------------:
                          :    LIQUID         VAPOUR        TOTAL     :     TOTAL      :     FREE        DISSOLVED       TOTAL     :
:-------------------------:-------------------------------------------:----------------:-------------------------------------------:
:CURRENTLY IN PLACE       :       0             0             0       :    16085477    :       0             0             0       :
:-------------------------:-------------------------------------------:----------------:-------------------------------------------:
:ORIGINALLY IN PLACE      :       0             0             0       :    16126710    :       0             0             0       :
:-------------------------:-------------------------------------------:----------------:-------------------------------------------:
====================================================================================================================================



                                                    ==================================================
                                                    :              FIPNUM REPORT REGION 15           :
                                                    :        PAV  =           279  BARSA             :
                                                    :        PORV =      83366468  RM3               :
                          :--------------- OIL  SM3 ------------------:-- WAT    SM3 --:--------------  GAS     SM3 ---------------:
                          :    LIQUID         VAPOUR        TOTAL     :     TOTAL      :     FREE        DISSOLVED       TOTAL     :
:-------------------------:-------------------------------------------:----------------:-------------------------------------------:
:CURRENTLY IN PLACE       :     30293           66          30360     :    80537054    :    331678        4553378       4885057    :
:-------------------------:-------------------------------------------:----------------:-------------------------------------------:
:ORIGINALLY IN PLACE      :     28385           0           28385     :    80730923    :       0          3997173       3997173    :
:-------------------------:-------------------------------------------:----------------:-------------------------------------------:
====================================================================================================================================



                                                    ==================================================
                                                    :              FIPNUM REPORT REGION 16           :
                                                    :        PAV  =           270  BARSA             :
                                                    :        PORV =      39323526  RM3               :
                          :--------------- OIL  SM3 ------------------:-- WAT    SM3 --:--------------  GAS     SM3 ---------------:
                          :    LIQUID         VAPOUR        TOTAL     :     TOTAL      :     FREE        DISSOLVED       TOTAL     :
:-------------------------:-------------------------------------------:----------------:-------------------------------------------:
:CURRENTLY IN PLACE       :    2117439          0          2117439    :    35018382    :       0         298159848     298159848   :
:-------------------------:-------------------------------------------:----------------:-------------------------------------------:
:ORIGINALLY IN PLACE      :    2837752          0          2837752    :    34153583    :       0         399612274     399612274   :
:-------------------------:-------------------------------------------:----------------:-------------------------------------------:
====================================================================================================================================



                                                    ==================================================
                                                    :              FIPNUM REPORT REGION 17           :
                                                    :        PAV  =           282  BARSA             :
                                                    :        PORV =       6221182  RM3               :
                          :--------------- OIL  SM3 ------------------:-- WAT    SM3 --:--------------  GAS     SM3 ---------------:
                          :    LIQUID         VAPOUR        TOTAL     :     TOTAL      :     FREE        DISSOLVED       TOTAL     :
:-------------------------:-------------------------------------------:----------------:-------------------------------------------:
:CURRENTLY IN PLACE       :    302133           0           302133    :    5593360     :       0          42546351      42546351   :
:-------------------------:-------------------------------------------:----------------:-------------------------------------------:
:ORIGINALLY IN PLACE      :    325127           0           325127    :    5575613     :       0          45784426      45784426   :
:-------------------------:-------------------------------------------:----------------:-------------------------------------------:
====================================================================================================================================



                                                    ==================================================
                                                    :              FIPNUM REPORT REGION 18           :
                                                    :        PAV  =           277  BARSA             :
                                                    :        PORV =       2826527  RM3               :
                          :--------------- OIL  SM3 ------------------:-- WAT    SM3 --:--------------  GAS     SM3 ---------------:
                          :    LIQUID         VAPOUR        TOTAL     :     TOTAL      :     FREE        DISSOLVED       TOTAL     :
:-------------------------:-------------------------------------------:----------------:-------------------------------------------:
:CURRENTLY IN PLACE       :    495412         12440         507852    :    1511931     :   105389887      87975746     193365633   :
:-------------------------:-------------------------------------------:----------------:-------------------------------------------:
:ORIGINALLY IN PLACE      :    530578         19181         549759    :    1385854     :   124007289     103956222     227963511   :
:-------------------------:-------------------------------------------:----------------:-------------------------------------------:
====================================================================================================================================



                                                    ==================================================
                                                    :              FIPNUM REPORT REGION 19           :
                                                    :        PAV  =           257  BARSA             :
                                                    :        PORV =       2473894  RM3               :
                          :--------------- OIL  SM3 ------------------:-- WAT    SM3 --:--------------  GAS     SM3 ---------------:
                          :    LIQUID         VAPOUR        TOTAL     :     TOTAL      :     FREE        DISSOLVED       TOTAL     :
:-------------------------:-------------------------------------------:----------------:-------------------------------------------:
:CURRENTLY IN PLACE       :    822093          1742         823835    :    1188485     :   10629771      113729491     124359263   :
:-------------------------:-------------------------------------------:----------------:-------------------------------------------:
:ORIGINALLY IN PLACE      :    1344687          0          1344687    :     530941     :       0         189358833     189358833   :
:-------------------------:-------------------------------------------:----------------:-------------------------------------------:
====================================================================================================================================



                                                    ==================================================
                                                    :              FIPNUM REPORT REGION 20           :
                                                    :        PAV  =           253  BARSA             :
                                                    :        PORV =      20158270  RM3               :
                          :--------------- OIL  SM3 ------------------:-- WAT    SM3 --:--------------  GAS     SM3 ---------------:
                          :    LIQUID         VAPOUR        TOTAL     :     TOTAL      :     FREE        DISSOLVED       TOTAL     :
:-------------------------:-------------------------------------------:----------------:-------------------------------------------:
:CURRENTLY IN PLACE       :    7233165         6922        7240087    :    9189690     :   42573326      985524725     1028098052  :
:-------------------------:-------------------------------------------:----------------:-------------------------------------------:
:ORIGINALLY IN PLACE      :    9566129          0          9566129    :    6250384     :       0         1347102264    1347102264  :
:-------------------------:-------------------------------------------:----------------:-------------------------------------------:
====================================================================================================================================



                                                    ==================================================
                                                    :              FIPNUM REPORT REGION 21           :
                                                    :        PAV  =           266  BARSA             :
                                                    :        PORV =      33496256  RM3               :
                          :--------------- OIL  SM3 ------------------:-- WAT    SM3 --:--------------  GAS     SM3 ---------------:
                          :    LIQUID         VAPOUR        TOTAL     :     TOTAL      :     FREE        DISSOLVED       TOTAL     :
:-------------------------:-------------------------------------------:----------------:-------------------------------------------:
:CURRENTLY IN PLACE       :      62             0             62      :    32369933    :       0            8779          8779     :
:-------------------------:-------------------------------------------:----------------:-------------------------------------------:
:ORIGINALLY IN PLACE      :       0             0             0       :    32463804    :       0             0             0       :
:-------------------------:-------------------------------------------:----------------:-------------------------------------------:
====================================================================================================================================



Restart file written for report step 82/82, date = 01-Jul-2020 00:00:00


================    End of simulation     ===============

Number of MPI processes:         1
Threads per MPI process:         2
Setup time:                      3.83 s
  Deck input:                    1.49 s
Number of timesteps:           114
Simulation time:               308.81 s
  Assembly time:                60.31 s (Wasted: 0.0 s; 0.0%)
    Well assembly:               1.17 s (Wasted: 0.0 s; 0.0%)
  Linear solve time:           138.26 s (Wasted: 0.0 s; 0.0%)
    Linear setup:               49.66 s (Wasted: 0.0 s; 0.0%)
  Props/update time:            32.55 s (Wasted: 0.0 s; 0.0%)
  Pre/post step:                73.25 s (Wasted: 0.0 s; 0.0%)
  Output write time:             0.56 s
Overall Linearizations:        394      (Wasted:     0; 0.0%)
Overall Newton Iterations:     280      (Wasted:     0; 0.0%)
Overall Linear Iterations:     463      (Wasted:     0; 0.0%)



Error summary:
Warnings          238
Info              819
Errors            0
Bugs              0
Debug             0
Problems          0

