


 ########  #          ######   #           #
 #         #         #      #   #         # 
 #####     #         #      #    #   #   #  
 #         #         #      #     # # # #   
 #         #######    ######       #   #    

Flow is a simulator for fully implicit three-phase black-oil flow, and is part of OPM.
For more information visit: https://opm-project.org 

Flow Version     =  2025.04 (Ubuntu 24.04.2 LTS: 2025.04-1~noble)
Machine name     =  bgo-1714.ad.norceresearch.no (Number of logical cores: 16, Memory size: 15654.92 MB) 
Operating system =  Linux x86_64 (Kernel: 6.8.0-79-generic, #79-Ubuntu SMP PREEMPT_DYNAMIC Tue Aug 12 14:42:46 UTC 2025 )
Build time       =  
User             =  mani
Simulation started on 15-09-2025 at 09:43:32 hrs
Using 1 MPI processes with 2 OMP threads on each 
Parameters used by Flow:
# [known parameters which were specified at run-time]
EclDeckFileName="DROGON.DATA" # default: ""
# [parameters which were specified at compile-time]
AcceleratorMode="none"
ActionParsingStrictness="normal"
AddCorners="0"
AllowDistributedWells="0"
AllowSplittingInactiveWells="1"
AlternativeWellRateInit="1"
CheckGroupConstraintsInnerWellIterations="1"
CheckSatfuncConsistency="0"
ContinueOnConvergenceError="0"
ConvergenceMonitoring="0"
ConvergenceMonitoringCutOff="6"
ConvergenceMonitoringDecayFactor="0.75"
CprReuseInterval="30"
CprReuseSetup="4"
DbhpMaxRel="1"
DebugEmitCellPartition="0"
DpMaxRel="0.3"
DsMax="0.2"
DwellFractionMax="0.2"
EclOutputDoublePrecision="0"
EclOutputInterval="-1"
EdgeWeightsMethod="1"
EnableAdaptiveTimeStepping="1"
EnableAsyncEclOutput="1"
EnableAsyncVtkOutput="1"
EnableDriftCompensation="0"
EnableDryRun="auto"
EnableEclOutput="1"
EnableEsmry="0"
EnableGravity="1"
EnableGridAdaptation="0"
EnableIntensiveQuantityCache="1"
EnableLoggingFalloutWarning="0"
EnableOpmRstFile="0"
EnableStorageCache="1"
EnableTerminalOutput="1"
EnableThermodynamicHints="0"
EnableTuning="0"
EnableVtkOutput="0"
EnableWellOperabilityCheck="1"
EnableWellOperabilityCheckIter="0"
EnableWriteAllSolutions="0"
EndTime="1e+100"
ExplicitRockCompaction="0"
ExternalPartition=""
ForceDisableFluidInPlaceOutput="0"
ForceDisableResvFluidInPlaceOutput="0"
FullTimeStepInitially="0"
GpuDeviceId="0"
IgnoreKeywords=""
IluFillinLevel="0"
IluRedblack="0"
IluRelaxation="0.9"
IluReorderSpheres="0"
ImbalanceTol="1.1"
InitialTimeStepInDays="1"
InitialTimeStepSize="86400"
InjMultDampMult="0.9"
InjMultMinDampFactor="0.05"
InjMultOscThreshold="0.1"
InputSkipMode="100"
LinearSolver="cprw"
LinearSolverIgnoreConvergenceFailure="0"
LinearSolverMaxIter="200"
LinearSolverPrintJsonDefinition="1"
LinearSolverReduction="0.01"
LinearSolverRestart="40"
LinearSolverVerbosity="0"
LoadFile=""
LoadStep="-1"
LocalDomainsOrderingMeasure="maxpressure"
LocalDomainsPartitionWellNeighborLevels="1"
LocalDomainsPartitioningImbalance="1.03"
LocalDomainsPartitioningMethod="zoltan"
LocalSolveApproach="gauss-seidel"
LocalToleranceScalingCnv="0.1"
LocalToleranceScalingMb="1"
LocalWellSolveControlSwitching="1"
MatrixAddWellContributions="0"
MaxInnerIterMsWells="100"
MaxInnerIterWells="50"
MaxLocalSolveIterations="20"
MaxNewtonIterationsWithInnerWellIterations="8"
MaxPressureChangeMsWells="1e+06"
MaxResidualAllowed="1e+07"
MaxSinglePrecisionDays="20"
MaxTemperatureChange="5"
MaxTimeStepDivisions="10"
MaxTimeStepSize="inf"
MaxWelleqIter="30"
MaximumNumberOfGroupSwitches="3"
MaximumNumberOfWellSwitches="3"
MaximumWaterSaturation="1"
MetisParams="default"
MiluVariant="ILU"
MinStrictCnvIter="-1"
MinStrictMbIter="-1"
MinTimeStepBasedOnNewtonIterations="0"
MinTimeStepBeforeShuttingProblematicWellsInDays="0.01"
MinTimeStepSize="0"
NetworkMaxOuterIterations="10"
NetworkMaxPressureUpdateInBars="5"
NetworkMaxStrictOuterIterations="10"
NetworkMaxSubIterations="20"
NetworkPressureUpdateDampingFactor="0.1"
NewtonMaxError="1e+100"
NewtonMaxIterations="20"
NewtonMaxRelax="0.5"
NewtonMinIterations="2"
NewtonRelaxationType="dampen"
NewtonTargetIterations="10"
NewtonTolerance="0.01"
NewtonVerbose="1"
NewtonWriteConvergence="0"
NlddLocalLinearSolver="ilu0"
NlddLocalLinearSolverMaxIter="200"
NlddLocalLinearSolverReduction="0.01"
NlddNumInitialNewtonIter="1"
NonlinearSolver="newton"
NumLocalDomains="0"
NumOverlap="1"
NumPressurePointsEquil="2000"
NumSatfuncConsistencySamplePoints="5"
NupcolGroupRateTolerance="0.001"
OpenclIluParallel="1"
OpenclPlatformId="0"
OutputDir=""
OutputExtraConvergenceInfo="none"
OutputInterval="1"
OutputMode="all"
OwnerCellsFirst="1"
ParameterFile=""
ParsingStrictness="normal"
PartitionMethod="3"
PreSolveNetwork="1"
PredeterminedTimeStepsFile=""
PressureMax="1e+99"
PressureMin="-1e+99"
PressureScale="1"
PriVarOscilationThreshold="1e-05"
PrintParameters="2"
ProjectSaturations="0"
RegularizationFactorWells="100"
RelaxedLinearSolverReduction="0.01"
RelaxedMaxPvFraction="0.03"
RelaxedPressureTolMsw="10000"
RelaxedWellFlowTol="0.001"
RestartTime="-1e+35"
RestartWritingInterval="16777215"
SaveFile=""
SaveStep=""
ScaleLinearSystem="0"
SchedRestart="0"
SerialPartitioning="0"
ShutUnsolvableWells="1"
Slave="0"
SolveWelleqInitially="1"
SolverContinueOnConvergenceFailure="0"
SolverGrowthFactor="2"
SolverMaxGrowth="3"
SolverMaxRestarts="10"
SolverMaxTimeStepInDays="365"
SolverMinTimeStep="1e-12"
SolverRestartFactor="0.33"
SolverVerbosity="1"
StrictInnerIterWells="40"
StrictOuterIterWells="6"
TemperatureMax="1e+09"
TemperatureMin="0"
ThreadsPerProcess="2"
TimeStepAfterEventInDays="-1"
TimeStepControl="pid+newtoniteration"
TimeStepControlDecayDampingFactor="1"
TimeStepControlDecayRate="0.75"
TimeStepControlFileName="timesteps"
TimeStepControlGrowthDampingFactor="3.2"
TimeStepControlGrowthRate="1.25"
TimeStepControlSafetyFactor="0.8"
TimeStepControlTargetIterations="30"
TimeStepControlTargetNewtonIterations="8"
TimeStepControlTolerance="0.1"
TimeStepVerbosity="1"
ToleranceCnv="0.01"
ToleranceCnvEnergy="0.01"
ToleranceCnvEnergyRelaxed="1"
ToleranceCnvRelaxed="1"
ToleranceEnergyBalance="1e-07"
ToleranceEnergyBalanceRelaxed="1e-06"
ToleranceMb="1e-07"
ToleranceMbRelaxed="1e-06"
TolerancePressureMsWells="1000"
ToleranceWellControl="1e-07"
ToleranceWells="0.0001"
UpdateEquationsScaling="0"
UseAverageDensityMsWells="0"
UseGmres="0"
UseImplicitIpr="1"
UseMultisegmentWell="1"
UseUpdateStabilization="1"
VtkWriteAverageMolarMasses="0"
VtkWriteDensities="1"
VtkWriteDiffusionCoefficients="0"
VtkWriteDofIndex="0"
VtkWriteEffectiveDiffusionCoefficients="0"
VtkWriteExtrusionFactor="0"
VtkWriteFilterVelocities="0"
VtkWriteFugacities="0"
VtkWriteFugacityCoeffs="0"
VtkWriteGasDissolutionFactor="0"
VtkWriteGasFormationVolumeFactor="0"
VtkWriteGasSaturationPressure="0"
VtkWriteIntrinsicPermeabilities="0"
VtkWriteMassFractions="0"
VtkWriteMobilities="0"
VtkWriteMolarities="0"
VtkWriteMoleFractions="1"
VtkWriteOilFormationVolumeFactor="0"
VtkWriteOilSaturationPressure="0"
VtkWriteOilVaporizationFactor="0"
VtkWritePorosity="1"
VtkWritePotentialGradients="0"
VtkWritePressures="1"
VtkWritePrimaryVars="0"
VtkWritePrimaryVarsMeaning="0"
VtkWriteProcessRank="0"
VtkWriteRelativePermeabilities="1"
VtkWriteSaturatedGasOilVaporizationFactor="0"
VtkWriteSaturatedOilGasDissolutionFactor="0"
VtkWriteSaturationRatios="0"
VtkWriteSaturations="1"
VtkWriteTemperature="1"
VtkWriteTortuosities="0"
VtkWriteTotalMassFractions="0"
VtkWriteTotalMoleFractions="0"
VtkWriteTracerConcentration="0"
VtkWriteViscosities="0"
VtkWriteWaterFormationVolumeFactor="0"
WaterOnlyThreshold="1"
ZoltanImbalanceTol="1.1"
ZoltanParams="graph"
ZoltanPhgEdgeSizeThreshold="0.35"

Reading deck file 'DROGON.DATA'
    0 Reading RUNSPEC  in DROGON.DATA line 18
    1 Reading TITLE    in DROGON.DATA line 22
    2 Reading START    in DROGON.DATA line 26
    3 Reading OIL      in DROGON.DATA line 30
    4 Reading GAS      in DROGON.DATA line 31
    5 Reading WATER    in DROGON.DATA line 32
    6 Reading DISGAS   in DROGON.DATA line 33
    7 Reading VAPOIL   in DROGON.DATA line 34
    8 Reading METRIC   in DROGON.DATA line 37
    9 Reading EQLOPTS  in DROGON.DATA line 40
   10 Reading TRACERS  in DROGON.DATA line 45
   11 Reading DIMENS   in /home/AD.NORCERESEARCH.NO/mani/Documents/CSSR/MultiObjectiveWorkflow/include/runspec/drogon.dimens line 9
   12 Reading TABDIMS  in /home/AD.NORCERESEARCH.NO/mani/Documents/CSSR/MultiObjectiveWorkflow/include/runspec/drogon.tabdims line 9
   13 Reading EQLDIMS  in /home/AD.NORCERESEARCH.NO/mani/Documents/CSSR/MultiObjectiveWorkflow/include/runspec/drogon.eqldims line 9
   14 Reading REGDIMS  in /home/AD.NORCERESEARCH.NO/mani/Documents/CSSR/MultiObjectiveWorkflow/include/runspec/drogon.regdims line 9
   15 Reading GRIDOPTS in /home/AD.NORCERESEARCH.NO/mani/Documents/CSSR/MultiObjectiveWorkflow/include/runspec/drogon.gridopts line 9
   16 Reading FAULTDIM in DROGON.DATA line 69
   17 Reading WELLDIMS in DROGON.DATA line 77
   18 Reading WSEGDIMS in DROGON.DATA line 85
   19 Reading UNIFIN   in DROGON.DATA line 91
   20 Reading UNIFOUT  in DROGON.DATA line 92
   21 Reading NOINSPEC in DROGON.DATA line 95
   22 Reading NORSSPEC in DROGON.DATA line 98
   23 Reading MESSAGES in DROGON.DATA line 104
   24 Reading GRID     in DROGON.DATA line 109
   25 Reading NOECHO   in DROGON.DATA line 111
   26 Reading NEWTRAN  in DROGON.DATA line 113
   27 Reading GRIDFILE in DROGON.DATA line 115
   28 Reading INIT     in DROGON.DATA line 118
   29 Reading PINCH    in DROGON.DATA line 121
   30 Reading MINPV    in DROGON.DATA line 124
   31 Reading MAPAXES  in /home/AD.NORCERESEARCH.NO/mani/Documents/CSSR/MultiObjectiveWorkflow/include/grid/drogon.grid line 9
   32 Reading SPECGRID in /home/AD.NORCERESEARCH.NO/mani/Documents/CSSR/MultiObjectiveWorkflow/include/grid/drogon.grid line 13
   33 Reading COORD    in /home/AD.NORCERESEARCH.NO/mani/Documents/CSSR/MultiObjectiveWorkflow/include/grid/drogon.grid line 16
   34 Reading ZCORN    in /home/AD.NORCERESEARCH.NO/mani/Documents/CSSR/MultiObjectiveWorkflow/include/grid/drogon.grid line 5236
   35 Reading ACTNUM   in /home/AD.NORCERESEARCH.NO/mani/Documents/CSSR/MultiObjectiveWorkflow/include/grid/drogon.grid line 213435
   36 Reading FAULTS   in /home/AD.NORCERESEARCH.NO/mani/Documents/CSSR/MultiObjectiveWorkflow/include/grid/drogon.faults line 17
   37 Reading PORO     in /home/AD.NORCERESEARCH.NO/mani/Documents/CSSR/MultiObjectiveWorkflow/Drogon_43/drogon.poro line 1
   38 Reading PERMX    in /home/AD.NORCERESEARCH.NO/mani/Documents/CSSR/MultiObjectiveWorkflow/Drogon_43/drogon.permx line 1
   39 Reading PERMY    in /home/AD.NORCERESEARCH.NO/mani/Documents/CSSR/MultiObjectiveWorkflow/Drogon_43/drogon.permy line 1
   40 Reading PERMZ    in /home/AD.NORCERESEARCH.NO/mani/Documents/CSSR/MultiObjectiveWorkflow/Drogon_43/drogon.permz line 1
   41 Reading MULTNUM  in /home/AD.NORCERESEARCH.NO/mani/Documents/CSSR/MultiObjectiveWorkflow/include/grid/drogon.multnum line 17
   42 Reading MULTREGT in /home/AD.NORCERESEARCH.NO/mani/Documents/CSSR/MultiObjectiveWorkflow/include/grid/drogon.multregt line 8
   43 Reading EDIT     in DROGON.DATA line 155
   44 Reading MULTIPLY in /home/AD.NORCERESEARCH.NO/mani/Documents/CSSR/MultiObjectiveWorkflow/include/edit/drogon.trans line 17
   45 Reading EDITNNC  in /home/AD.NORCERESEARCH.NO/mani/Documents/CSSR/MultiObjectiveWorkflow/include/edit/drogon.trans line 381
   46 Reading PROPS    in DROGON.DATA line 163
   47 Reading FILLEPS  in DROGON.DATA line 166
   48 Reading SWOF     in /home/AD.NORCERESEARCH.NO/mani/Documents/CSSR/MultiObjectiveWorkflow/include/props/drogon.sattab line 8
   49 Reading SGOF     in /home/AD.NORCERESEARCH.NO/mani/Documents/CSSR/MultiObjectiveWorkflow/include/props/drogon.sattab line 618
   50 Reading ROCKOPTS in /home/AD.NORCERESEARCH.NO/mani/Documents/CSSR/MultiObjectiveWorkflow/include/props/drogon.pvt line 11
   51 Reading ROCK     in /home/AD.NORCERESEARCH.NO/mani/Documents/CSSR/MultiObjectiveWorkflow/include/props/drogon.pvt line 14
   52 Reading PVTW     in /home/AD.NORCERESEARCH.NO/mani/Documents/CSSR/MultiObjectiveWorkflow/include/props/drogon.pvt line 19
   53 Reading DENSITY  in /home/AD.NORCERESEARCH.NO/mani/Documents/CSSR/MultiObjectiveWorkflow/include/props/drogon.pvt line 23
   54 Reading PVTO     in /home/AD.NORCERESEARCH.NO/mani/Documents/CSSR/MultiObjectiveWorkflow/include/props/drogon.pvt line 28
   55 Reading PVTG     in /home/AD.NORCERESEARCH.NO/mani/Documents/CSSR/MultiObjectiveWorkflow/include/props/drogon.pvt line 385
   56 Reading TRACER   in DROGON.DATA line 178
   57 Reading EXTRAPMS in DROGON.DATA line 183
   58 Reading REGIONS  in DROGON.DATA line 187
   59 Reading EQLNUM   in /home/AD.NORCERESEARCH.NO/mani/Documents/CSSR/MultiObjectiveWorkflow/include/regions/drogon.eqlnum line 9
   60 Reading FIPNUM   in /home/AD.NORCERESEARCH.NO/mani/Documents/CSSR/MultiObjectiveWorkflow/include/regions/drogon.fipnum line 9
   61 Reading FIPZON   in /home/AD.NORCERESEARCH.NO/mani/Documents/CSSR/MultiObjectiveWorkflow/include/regions/drogon.fipzon line 17
   62 Reading PVTNUM   in /home/AD.NORCERESEARCH.NO/mani/Documents/CSSR/MultiObjectiveWorkflow/include/regions/drogon.pvtnum line 9
   63 Reading SOLUTION in DROGON.DATA line 207
   64 Reading EQUIL    in /home/AD.NORCERESEARCH.NO/mani/Documents/CSSR/MultiObjectiveWorkflow/include/solution/drogon.equil line 8
   65 Reading RSVD     in /home/AD.NORCERESEARCH.NO/mani/Documents/CSSR/MultiObjectiveWorkflow/include/solution/drogon.rxvd line 8
   66 Reading RVVD     in /home/AD.NORCERESEARCH.NO/mani/Documents/CSSR/MultiObjectiveWorkflow/include/solution/drogon.rxvd line 24
   67 Reading THPRES   in /home/AD.NORCERESEARCH.NO/mani/Documents/CSSR/MultiObjectiveWorkflow/include/solution/drogon.thpres line 9
   68 Reading TVDPFWT1 in DROGON.DATA line 219
   69 Reading TVDPFWT2 in DROGON.DATA line 224
   70 Reading RPTSOL   in DROGON.DATA line 228
   71 Reading RPTRST   in DROGON.DATA line 233
   72 Reading SUMMARY  in DROGON.DATA line 238
   73 Reading SUMTHIN  in DROGON.DATA line 243
   74 Reading FOPR     in /home/AD.NORCERESEARCH.NO/mani/Documents/CSSR/MultiObjectiveWorkflow/include/summary/drogon.summary line 14
   75 Reading FOPRH    in /home/AD.NORCERESEARCH.NO/mani/Documents/CSSR/MultiObjectiveWorkflow/include/summary/drogon.summary line 15
   76 Reading FGPR     in /home/AD.NORCERESEARCH.NO/mani/Documents/CSSR/MultiObjectiveWorkflow/include/summary/drogon.summary line 16
   77 Reading FGPRH    in /home/AD.NORCERESEARCH.NO/mani/Documents/CSSR/MultiObjectiveWorkflow/include/summary/drogon.summary line 17
   78 Reading FWPR     in /home/AD.NORCERESEARCH.NO/mani/Documents/CSSR/MultiObjectiveWorkflow/include/summary/drogon.summary line 18
   79 Reading FWPRH    in /home/AD.NORCERESEARCH.NO/mani/Documents/CSSR/MultiObjectiveWorkflow/include/summary/drogon.summary line 19
   80 Reading FLPR     in /home/AD.NORCERESEARCH.NO/mani/Documents/CSSR/MultiObjectiveWorkflow/include/summary/drogon.summary line 20
   81 Reading FLPRH    in /home/AD.NORCERESEARCH.NO/mani/Documents/CSSR/MultiObjectiveWorkflow/include/summary/drogon.summary line 21
   82 Reading FVPR     in /home/AD.NORCERESEARCH.NO/mani/Documents/CSSR/MultiObjectiveWorkflow/include/summary/drogon.summary line 22
   83 Reading FOPRF    in /home/AD.NORCERESEARCH.NO/mani/Documents/CSSR/MultiObjectiveWorkflow/include/summary/drogon.summary line 23
   84 Reading FOPRS    in /home/AD.NORCERESEARCH.NO/mani/Documents/CSSR/MultiObjectiveWorkflow/include/summary/drogon.summary line 24
   85 Reading FGSR     in /home/AD.NORCERESEARCH.NO/mani/Documents/CSSR/MultiObjectiveWorkflow/include/summary/drogon.summary line 25
   86 Reading FGPRF    in /home/AD.NORCERESEARCH.NO/mani/Documents/CSSR/MultiObjectiveWorkflow/include/summary/drogon.summary line 26
   87 Reading FGPRS    in /home/AD.NORCERESEARCH.NO/mani/Documents/CSSR/MultiObjectiveWorkflow/include/summary/drogon.summary line 27
   88 Reading FOPP     in /home/AD.NORCERESEARCH.NO/mani/Documents/CSSR/MultiObjectiveWorkflow/include/summary/drogon.summary line 31
   89 Reading FWPP     in /home/AD.NORCERESEARCH.NO/mani/Documents/CSSR/MultiObjectiveWorkflow/include/summary/drogon.summary line 32
   90 Reading FGPP     in /home/AD.NORCERESEARCH.NO/mani/Documents/CSSR/MultiObjectiveWorkflow/include/summary/drogon.summary line 33
   91 Reading FMWPR    in /home/AD.NORCERESEARCH.NO/mani/Documents/CSSR/MultiObjectiveWorkflow/include/summary/drogon.summary line 37
   92 Reading FMWIN    in /home/AD.NORCERESEARCH.NO/mani/Documents/CSSR/MultiObjectiveWorkflow/include/summary/drogon.summary line 38
   93 Reading FVIR     in /home/AD.NORCERESEARCH.NO/mani/Documents/CSSR/MultiObjectiveWorkflow/include/summary/drogon.summary line 40
   94 Reading FWIR     in /home/AD.NORCERESEARCH.NO/mani/Documents/CSSR/MultiObjectiveWorkflow/include/summary/drogon.summary line 41
   95 Reading FWIRH    in /home/AD.NORCERESEARCH.NO/mani/Documents/CSSR/MultiObjectiveWorkflow/include/summary/drogon.summary line 42
   96 Reading FGIR     in /home/AD.NORCERESEARCH.NO/mani/Documents/CSSR/MultiObjectiveWorkflow/include/summary/drogon.summary line 43
   97 Reading FGIRH    in /home/AD.NORCERESEARCH.NO/mani/Documents/CSSR/MultiObjectiveWorkflow/include/summary/drogon.summary line 44
   98 Reading FGLIR    in /home/AD.NORCERESEARCH.NO/mani/Documents/CSSR/MultiObjectiveWorkflow/include/summary/drogon.summary line 46
   99 Reading FMCTP    in /home/AD.NORCERESEARCH.NO/mani/Documents/CSSR/MultiObjectiveWorkflow/include/summary/drogon.summary line 50
  100 Reading FVPT     in /home/AD.NORCERESEARCH.NO/mani/Documents/CSSR/MultiObjectiveWorkflow/include/summary/drogon.summary line 55
  101 Reading FOPT     in /home/AD.NORCERESEARCH.NO/mani/Documents/CSSR/MultiObjectiveWorkflow/include/summary/drogon.summary line 56
  102 Reading FOPTH    in /home/AD.NORCERESEARCH.NO/mani/Documents/CSSR/MultiObjectiveWorkflow/include/summary/drogon.summary line 57
  103 Reading FWPT     in /home/AD.NORCERESEARCH.NO/mani/Documents/CSSR/MultiObjectiveWorkflow/include/summary/drogon.summary line 58
  104 Reading FWPTH    in /home/AD.NORCERESEARCH.NO/mani/Documents/CSSR/MultiObjectiveWorkflow/include/summary/drogon.summary line 59
  105 Reading FGPT     in /home/AD.NORCERESEARCH.NO/mani/Documents/CSSR/MultiObjectiveWorkflow/include/summary/drogon.summary line 60
  106 Reading FGPTH    in /home/AD.NORCERESEARCH.NO/mani/Documents/CSSR/MultiObjectiveWorkflow/include/summary/drogon.summary line 61
  107 Reading FWIT     in /home/AD.NORCERESEARCH.NO/mani/Documents/CSSR/MultiObjectiveWorkflow/include/summary/drogon.summary line 62
  108 Reading FWITH    in /home/AD.NORCERESEARCH.NO/mani/Documents/CSSR/MultiObjectiveWorkflow/include/summary/drogon.summary line 63
  109 Reading FGIT     in /home/AD.NORCERESEARCH.NO/mani/Documents/CSSR/MultiObjectiveWorkflow/include/summary/drogon.summary line 64
  110 Reading FGITH    in /home/AD.NORCERESEARCH.NO/mani/Documents/CSSR/MultiObjectiveWorkflow/include/summary/drogon.summary line 65
  111 Reading FOPTF    in /home/AD.NORCERESEARCH.NO/mani/Documents/CSSR/MultiObjectiveWorkflow/include/summary/drogon.summary line 66
  112 Reading FOPTS    in /home/AD.NORCERESEARCH.NO/mani/Documents/CSSR/MultiObjectiveWorkflow/include/summary/drogon.summary line 67
  113 Reading FWIP     in /home/AD.NORCERESEARCH.NO/mani/Documents/CSSR/MultiObjectiveWorkflow/include/summary/drogon.summary line 71
  114 Reading FOIP     in /home/AD.NORCERESEARCH.NO/mani/Documents/CSSR/MultiObjectiveWorkflow/include/summary/drogon.summary line 72
  115 Reading FGIP     in /home/AD.NORCERESEARCH.NO/mani/Documents/CSSR/MultiObjectiveWorkflow/include/summary/drogon.summary line 73
  116 Reading FWCT     in /home/AD.NORCERESEARCH.NO/mani/Documents/CSSR/MultiObjectiveWorkflow/include/summary/drogon.summary line 75
  117 Reading FWCTH    in /home/AD.NORCERESEARCH.NO/mani/Documents/CSSR/MultiObjectiveWorkflow/include/summary/drogon.summary line 76
  118 Reading FGOR     in /home/AD.NORCERESEARCH.NO/mani/Documents/CSSR/MultiObjectiveWorkflow/include/summary/drogon.summary line 77
  119 Reading FGORH    in /home/AD.NORCERESEARCH.NO/mani/Documents/CSSR/MultiObjectiveWorkflow/include/summary/drogon.summary line 78
  120 Reading FGLR     in /home/AD.NORCERESEARCH.NO/mani/Documents/CSSR/MultiObjectiveWorkflow/include/summary/drogon.summary line 79
  121 Reading FWGR     in /home/AD.NORCERESEARCH.NO/mani/Documents/CSSR/MultiObjectiveWorkflow/include/summary/drogon.summary line 80
  122 Reading FPR      in /home/AD.NORCERESEARCH.NO/mani/Documents/CSSR/MultiObjectiveWorkflow/include/summary/drogon.summary line 82
  123 Reading RPR      in /home/AD.NORCERESEARCH.NO/mani/Documents/CSSR/MultiObjectiveWorkflow/include/summary/drogon.summary line 84
  124 Reading ROIP     in /home/AD.NORCERESEARCH.NO/mani/Documents/CSSR/MultiObjectiveWorkflow/include/summary/drogon.summary line 86
  125 Reading ROE      in /home/AD.NORCERESEARCH.NO/mani/Documents/CSSR/MultiObjectiveWorkflow/include/summary/drogon.summary line 88
  126 Reading ROIPL    in /home/AD.NORCERESEARCH.NO/mani/Documents/CSSR/MultiObjectiveWorkflow/include/summary/drogon.summary line 90
  127 Reading ROIPG    in /home/AD.NORCERESEARCH.NO/mani/Documents/CSSR/MultiObjectiveWorkflow/include/summary/drogon.summary line 92
  128 Reading RGIP     in /home/AD.NORCERESEARCH.NO/mani/Documents/CSSR/MultiObjectiveWorkflow/include/summary/drogon.summary line 94
  129 Reading RGIPL    in /home/AD.NORCERESEARCH.NO/mani/Documents/CSSR/MultiObjectiveWorkflow/include/summary/drogon.summary line 96
  130 Reading RGIPG    in /home/AD.NORCERESEARCH.NO/mani/Documents/CSSR/MultiObjectiveWorkflow/include/summary/drogon.summary line 98
  131 Reading RGPR     in /home/AD.NORCERESEARCH.NO/mani/Documents/CSSR/MultiObjectiveWorkflow/include/summary/drogon.summary line 100
  132 Reading RGPT     in /home/AD.NORCERESEARCH.NO/mani/Documents/CSSR/MultiObjectiveWorkflow/include/summary/drogon.summary line 102
  133 Reading GMWPR    in /home/AD.NORCERESEARCH.NO/mani/Documents/CSSR/MultiObjectiveWorkflow/include/summary/drogon.summary line 110
  134 Reading GGLIR    in /home/AD.NORCERESEARCH.NO/mani/Documents/CSSR/MultiObjectiveWorkflow/include/summary/drogon.summary line 113
  135 Reading GOPR     in /home/AD.NORCERESEARCH.NO/mani/Documents/CSSR/MultiObjectiveWorkflow/include/summary/drogon.summary line 115
  136 Reading GOPRH    in /home/AD.NORCERESEARCH.NO/mani/Documents/CSSR/MultiObjectiveWorkflow/include/summary/drogon.summary line 117
  137 Reading GGPR     in /home/AD.NORCERESEARCH.NO/mani/Documents/CSSR/MultiObjectiveWorkflow/include/summary/drogon.summary line 119
  138 Reading GGPRH    in /home/AD.NORCERESEARCH.NO/mani/Documents/CSSR/MultiObjectiveWorkflow/include/summary/drogon.summary line 121
  139 Reading GWPR     in /home/AD.NORCERESEARCH.NO/mani/Documents/CSSR/MultiObjectiveWorkflow/include/summary/drogon.summary line 123
  140 Reading GWPRH    in /home/AD.NORCERESEARCH.NO/mani/Documents/CSSR/MultiObjectiveWorkflow/include/summary/drogon.summary line 125
  141 Reading GVPR     in /home/AD.NORCERESEARCH.NO/mani/Documents/CSSR/MultiObjectiveWorkflow/include/summary/drogon.summary line 127
  142 Reading GLPR     in /home/AD.NORCERESEARCH.NO/mani/Documents/CSSR/MultiObjectiveWorkflow/include/summary/drogon.summary line 129
  143 Reading GOPRF    in /home/AD.NORCERESEARCH.NO/mani/Documents/CSSR/MultiObjectiveWorkflow/include/summary/drogon.summary line 131
  144 Reading GOPRS    in /home/AD.NORCERESEARCH.NO/mani/Documents/CSSR/MultiObjectiveWorkflow/include/summary/drogon.summary line 133
  145 Reading GGPRF    in /home/AD.NORCERESEARCH.NO/mani/Documents/CSSR/MultiObjectiveWorkflow/include/summary/drogon.summary line 135
  146 Reading GGPRS    in /home/AD.NORCERESEARCH.NO/mani/Documents/CSSR/MultiObjectiveWorkflow/include/summary/drogon.summary line 137
  147 Reading GWCT     in /home/AD.NORCERESEARCH.NO/mani/Documents/CSSR/MultiObjectiveWorkflow/include/summary/drogon.summary line 139
  148 Reading GWCTH    in /home/AD.NORCERESEARCH.NO/mani/Documents/CSSR/MultiObjectiveWorkflow/include/summary/drogon.summary line 141
  149 Reading GGOR     in /home/AD.NORCERESEARCH.NO/mani/Documents/CSSR/MultiObjectiveWorkflow/include/summary/drogon.summary line 143
  150 Reading GGORH    in /home/AD.NORCERESEARCH.NO/mani/Documents/CSSR/MultiObjectiveWorkflow/include/summary/drogon.summary line 145
  151 Reading GWGR     in /home/AD.NORCERESEARCH.NO/mani/Documents/CSSR/MultiObjectiveWorkflow/include/summary/drogon.summary line 147
  152 Reading GGLR     in /home/AD.NORCERESEARCH.NO/mani/Documents/CSSR/MultiObjectiveWorkflow/include/summary/drogon.summary line 149
  153 Reading GOPT     in /home/AD.NORCERESEARCH.NO/mani/Documents/CSSR/MultiObjectiveWorkflow/include/summary/drogon.summary line 151
  154 Reading GOPTH    in /home/AD.NORCERESEARCH.NO/mani/Documents/CSSR/MultiObjectiveWorkflow/include/summary/drogon.summary line 153
  155 Reading GGPT     in /home/AD.NORCERESEARCH.NO/mani/Documents/CSSR/MultiObjectiveWorkflow/include/summary/drogon.summary line 155
  156 Reading GGPTH    in /home/AD.NORCERESEARCH.NO/mani/Documents/CSSR/MultiObjectiveWorkflow/include/summary/drogon.summary line 157
  157 Reading GWPT     in /home/AD.NORCERESEARCH.NO/mani/Documents/CSSR/MultiObjectiveWorkflow/include/summary/drogon.summary line 159
  158 Reading GWPTH    in /home/AD.NORCERESEARCH.NO/mani/Documents/CSSR/MultiObjectiveWorkflow/include/summary/drogon.summary line 161
  159 Reading GVPT     in /home/AD.NORCERESEARCH.NO/mani/Documents/CSSR/MultiObjectiveWorkflow/include/summary/drogon.summary line 163
  160 Reading GLPT     in /home/AD.NORCERESEARCH.NO/mani/Documents/CSSR/MultiObjectiveWorkflow/include/summary/drogon.summary line 165
  161 Reading GOPTF    in /home/AD.NORCERESEARCH.NO/mani/Documents/CSSR/MultiObjectiveWorkflow/include/summary/drogon.summary line 167
  162 Reading GOPTS    in /home/AD.NORCERESEARCH.NO/mani/Documents/CSSR/MultiObjectiveWorkflow/include/summary/drogon.summary line 169
  163 Reading GGPTF    in /home/AD.NORCERESEARCH.NO/mani/Documents/CSSR/MultiObjectiveWorkflow/include/summary/drogon.summary line 171
  164 Reading GGPTS    in /home/AD.NORCERESEARCH.NO/mani/Documents/CSSR/MultiObjectiveWorkflow/include/summary/drogon.summary line 173
  165 Reading GWIR     in /home/AD.NORCERESEARCH.NO/mani/Documents/CSSR/MultiObjectiveWorkflow/include/summary/drogon.summary line 175
  166 Reading GVIR     in /home/AD.NORCERESEARCH.NO/mani/Documents/CSSR/MultiObjectiveWorkflow/include/summary/drogon.summary line 177
  167 Reading GWIRH    in /home/AD.NORCERESEARCH.NO/mani/Documents/CSSR/MultiObjectiveWorkflow/include/summary/drogon.summary line 179
  168 Reading GGIR     in /home/AD.NORCERESEARCH.NO/mani/Documents/CSSR/MultiObjectiveWorkflow/include/summary/drogon.summary line 181
  169 Reading GGIRH    in /home/AD.NORCERESEARCH.NO/mani/Documents/CSSR/MultiObjectiveWorkflow/include/summary/drogon.summary line 183
  170 Reading GOPP     in /home/AD.NORCERESEARCH.NO/mani/Documents/CSSR/MultiObjectiveWorkflow/include/summary/drogon.summary line 186
  171 Reading GGPP     in /home/AD.NORCERESEARCH.NO/mani/Documents/CSSR/MultiObjectiveWorkflow/include/summary/drogon.summary line 188
  172 Reading GWPP     in /home/AD.NORCERESEARCH.NO/mani/Documents/CSSR/MultiObjectiveWorkflow/include/summary/drogon.summary line 190
  173 Reading GMCTP    in /home/AD.NORCERESEARCH.NO/mani/Documents/CSSR/MultiObjectiveWorkflow/include/summary/drogon.summary line 195
  174 Reading WOPR     in /home/AD.NORCERESEARCH.NO/mani/Documents/CSSR/MultiObjectiveWorkflow/include/summary/drogon.summary line 199
  175 Reading WOPRH    in /home/AD.NORCERESEARCH.NO/mani/Documents/CSSR/MultiObjectiveWorkflow/include/summary/drogon.summary line 201
  176 Reading WGPR     in /home/AD.NORCERESEARCH.NO/mani/Documents/CSSR/MultiObjectiveWorkflow/include/summary/drogon.summary line 203
  177 Reading WGPRH    in /home/AD.NORCERESEARCH.NO/mani/Documents/CSSR/MultiObjectiveWorkflow/include/summary/drogon.summary line 205
  178 Reading WWPR     in /home/AD.NORCERESEARCH.NO/mani/Documents/CSSR/MultiObjectiveWorkflow/include/summary/drogon.summary line 207
  179 Reading WWPRH    in /home/AD.NORCERESEARCH.NO/mani/Documents/CSSR/MultiObjectiveWorkflow/include/summary/drogon.summary line 209
  180 Reading WLPR     in /home/AD.NORCERESEARCH.NO/mani/Documents/CSSR/MultiObjectiveWorkflow/include/summary/drogon.summary line 211
  181 Reading WLPRH    in /home/AD.NORCERESEARCH.NO/mani/Documents/CSSR/MultiObjectiveWorkflow/include/summary/drogon.summary line 213
  182 Reading WOPT     in /home/AD.NORCERESEARCH.NO/mani/Documents/CSSR/MultiObjectiveWorkflow/include/summary/drogon.summary line 216
  183 Reading WWPT     in /home/AD.NORCERESEARCH.NO/mani/Documents/CSSR/MultiObjectiveWorkflow/include/summary/drogon.summary line 218
  184 Reading WGPT     in /home/AD.NORCERESEARCH.NO/mani/Documents/CSSR/MultiObjectiveWorkflow/include/summary/drogon.summary line 220
  185 Reading WOPTH    in /home/AD.NORCERESEARCH.NO/mani/Documents/CSSR/MultiObjectiveWorkflow/include/summary/drogon.summary line 222
  186 Reading WWPTH    in /home/AD.NORCERESEARCH.NO/mani/Documents/CSSR/MultiObjectiveWorkflow/include/summary/drogon.summary line 224
  187 Reading WGPTH    in /home/AD.NORCERESEARCH.NO/mani/Documents/CSSR/MultiObjectiveWorkflow/include/summary/drogon.summary line 226
  188 Reading WWCT     in /home/AD.NORCERESEARCH.NO/mani/Documents/CSSR/MultiObjectiveWorkflow/include/summary/drogon.summary line 229
  189 Reading WWCTH    in /home/AD.NORCERESEARCH.NO/mani/Documents/CSSR/MultiObjectiveWorkflow/include/summary/drogon.summary line 231
  190 Reading WGOR     in /home/AD.NORCERESEARCH.NO/mani/Documents/CSSR/MultiObjectiveWorkflow/include/summary/drogon.summary line 233
  191 Reading WGORH    in /home/AD.NORCERESEARCH.NO/mani/Documents/CSSR/MultiObjectiveWorkflow/include/summary/drogon.summary line 235
  192 Reading WWIR     in /home/AD.NORCERESEARCH.NO/mani/Documents/CSSR/MultiObjectiveWorkflow/include/summary/drogon.summary line 237
  193 Reading WWIRH    in /home/AD.NORCERESEARCH.NO/mani/Documents/CSSR/MultiObjectiveWorkflow/include/summary/drogon.summary line 239
  194 Reading WGIR     in /home/AD.NORCERESEARCH.NO/mani/Documents/CSSR/MultiObjectiveWorkflow/include/summary/drogon.summary line 241
  195 Reading WGIRH    in /home/AD.NORCERESEARCH.NO/mani/Documents/CSSR/MultiObjectiveWorkflow/include/summary/drogon.summary line 243
  196 Reading WWIT     in /home/AD.NORCERESEARCH.NO/mani/Documents/CSSR/MultiObjectiveWorkflow/include/summary/drogon.summary line 245
  197 Reading WWITH    in /home/AD.NORCERESEARCH.NO/mani/Documents/CSSR/MultiObjectiveWorkflow/include/summary/drogon.summary line 247
  198 Reading WGIT     in /home/AD.NORCERESEARCH.NO/mani/Documents/CSSR/MultiObjectiveWorkflow/include/summary/drogon.summary line 249
  199 Reading WGITH    in /home/AD.NORCERESEARCH.NO/mani/Documents/CSSR/MultiObjectiveWorkflow/include/summary/drogon.summary line 251
  200 Reading WBHP     in /home/AD.NORCERESEARCH.NO/mani/Documents/CSSR/MultiObjectiveWorkflow/include/summary/drogon.summary line 254
  201 Reading WTHP     in /home/AD.NORCERESEARCH.NO/mani/Documents/CSSR/MultiObjectiveWorkflow/include/summary/drogon.summary line 256
  202 Reading WPI      in /home/AD.NORCERESEARCH.NO/mani/Documents/CSSR/MultiObjectiveWorkflow/include/summary/drogon.summary line 258
  203 Reading WVPR     in /home/AD.NORCERESEARCH.NO/mani/Documents/CSSR/MultiObjectiveWorkflow/include/summary/drogon.summary line 260
  204 Reading WBP      in /home/AD.NORCERESEARCH.NO/mani/Documents/CSSR/MultiObjectiveWorkflow/include/summary/drogon.summary line 262
  205 Reading WBP4     in /home/AD.NORCERESEARCH.NO/mani/Documents/CSSR/MultiObjectiveWorkflow/include/summary/drogon.summary line 264
  206 Reading WBP9     in /home/AD.NORCERESEARCH.NO/mani/Documents/CSSR/MultiObjectiveWorkflow/include/summary/drogon.summary line 266
  207 Reading WMCTL    in /home/AD.NORCERESEARCH.NO/mani/Documents/CSSR/MultiObjectiveWorkflow/include/summary/drogon.summary line 268
  208 Reading WGLIR    in /home/AD.NORCERESEARCH.NO/mani/Documents/CSSR/MultiObjectiveWorkflow/include/summary/drogon.summary line 271
  209 Reading WOGLR    in /home/AD.NORCERESEARCH.NO/mani/Documents/CSSR/MultiObjectiveWorkflow/include/summary/drogon.summary line 276
  210 Reading WTPRWT1  in /home/AD.NORCERESEARCH.NO/mani/Documents/CSSR/MultiObjectiveWorkflow/include/summary/drogon.summary line 282
  211 Reading WTPRWT2  in /home/AD.NORCERESEARCH.NO/mani/Documents/CSSR/MultiObjectiveWorkflow/include/summary/drogon.summary line 284
  212 Reading WTPTWT1  in /home/AD.NORCERESEARCH.NO/mani/Documents/CSSR/MultiObjectiveWorkflow/include/summary/drogon.summary line 287
  213 Reading WTPTWT2  in /home/AD.NORCERESEARCH.NO/mani/Documents/CSSR/MultiObjectiveWorkflow/include/summary/drogon.summary line 289
  214 Reading WTPCWT1  in /home/AD.NORCERESEARCH.NO/mani/Documents/CSSR/MultiObjectiveWorkflow/include/summary/drogon.summary line 292
  215 Reading WTPCWT2  in /home/AD.NORCERESEARCH.NO/mani/Documents/CSSR/MultiObjectiveWorkflow/include/summary/drogon.summary line 294
  216 Reading WTIRWT1  in /home/AD.NORCERESEARCH.NO/mani/Documents/CSSR/MultiObjectiveWorkflow/include/summary/drogon.summary line 297
  217 Reading WTIRWT2  in /home/AD.NORCERESEARCH.NO/mani/Documents/CSSR/MultiObjectiveWorkflow/include/summary/drogon.summary line 299
  218 Reading WTITWT1  in /home/AD.NORCERESEARCH.NO/mani/Documents/CSSR/MultiObjectiveWorkflow/include/summary/drogon.summary line 302
  219 Reading WTITWT2  in /home/AD.NORCERESEARCH.NO/mani/Documents/CSSR/MultiObjectiveWorkflow/include/summary/drogon.summary line 304
  220 Reading WTICWT1  in /home/AD.NORCERESEARCH.NO/mani/Documents/CSSR/MultiObjectiveWorkflow/include/summary/drogon.summary line 307
  221 Reading WTICWT2  in /home/AD.NORCERESEARCH.NO/mani/Documents/CSSR/MultiObjectiveWorkflow/include/summary/drogon.summary line 309
  222 Reading TCPU     in /home/AD.NORCERESEARCH.NO/mani/Documents/CSSR/MultiObjectiveWorkflow/include/summary/drogon.summary line 321
  223 Reading TCPUDAY  in /home/AD.NORCERESEARCH.NO/mani/Documents/CSSR/MultiObjectiveWorkflow/include/summary/drogon.summary line 322
  224 Reading SCHEDULE in DROGON.DATA line 251
  225 Reading WELSPECS in /home/AD.NORCERESEARCH.NO/mani/Documents/CSSR/MultiObjectiveWorkflow/include/schedule/drogon_hist.sch line 16
  226 Reading COMPORD  in /home/AD.NORCERESEARCH.NO/mani/Documents/CSSR/MultiObjectiveWorkflow/include/schedule/drogon_hist.sch line 25
  227 Reading GRUPTREE in /home/AD.NORCERESEARCH.NO/mani/Documents/CSSR/MultiObjectiveWorkflow/include/schedule/drogon_hist.sch line 33
  228 Reading COMPDAT  in /home/AD.NORCERESEARCH.NO/mani/Documents/CSSR/MultiObjectiveWorkflow/include/schedule/drogon_hist.sch line 39
  229 Reading WCONHIST in /home/AD.NORCERESEARCH.NO/mani/Documents/CSSR/MultiObjectiveWorkflow/include/schedule/drogon_hist.sch line 163
  230 Reading WRFTPLT  in /home/AD.NORCERESEARCH.NO/mani/Documents/CSSR/MultiObjectiveWorkflow/include/schedule/drogon_hist.sch line 172
  231 Reading TUNING   in /home/AD.NORCERESEARCH.NO/mani/Documents/CSSR/MultiObjectiveWorkflow/include/schedule/drogon_hist.sch line 181
  232 Reading RPTRST   in /home/AD.NORCERESEARCH.NO/mani/Documents/CSSR/MultiObjectiveWorkflow/include/schedule/drogon_hist.sch line 189
  233 Reading DATES    in /home/AD.NORCERESEARCH.NO/mani/Documents/CSSR/MultiObjectiveWorkflow/include/schedule/drogon_hist.sch line 192
  234 Reading WELSPECS in /home/AD.NORCERESEARCH.NO/mani/Documents/CSSR/MultiObjectiveWorkflow/include/schedule/drogon_hist.sch line 196
  235 Reading COMPORD  in /home/AD.NORCERESEARCH.NO/mani/Documents/CSSR/MultiObjectiveWorkflow/include/schedule/drogon_hist.sch line 201
  236 Reading COMPDAT  in /home/AD.NORCERESEARCH.NO/mani/Documents/CSSR/MultiObjectiveWorkflow/include/schedule/drogon_hist.sch line 205
  237 Reading WCONHIST in /home/AD.NORCERESEARCH.NO/mani/Documents/CSSR/MultiObjectiveWorkflow/include/schedule/drogon_hist.sch line 232
  238 Reading WELTARG  in /home/AD.NORCERESEARCH.NO/mani/Documents/CSSR/MultiObjectiveWorkflow/include/schedule/drogon_hist.sch line 237
  239 Reading DATES    in /home/AD.NORCERESEARCH.NO/mani/Documents/CSSR/MultiObjectiveWorkflow/include/schedule/drogon_hist.sch line 241
  240 Reading WCONHIST in /home/AD.NORCERESEARCH.NO/mani/Documents/CSSR/MultiObjectiveWorkflow/include/schedule/drogon_hist.sch line 245
  241 Reading DATES    in /home/AD.NORCERESEARCH.NO/mani/Documents/CSSR/MultiObjectiveWorkflow/include/schedule/drogon_hist.sch line 250
  242 Reading WCONHIST in /home/AD.NORCERESEARCH.NO/mani/Documents/CSSR/MultiObjectiveWorkflow/include/schedule/drogon_hist.sch line 254
  243 Reading WRFTPLT  in /home/AD.NORCERESEARCH.NO/mani/Documents/CSSR/MultiObjectiveWorkflow/include/schedule/drogon_hist.sch line 259
  244 Reading DATES    in /home/AD.NORCERESEARCH.NO/mani/Documents/CSSR/MultiObjectiveWorkflow/include/schedule/drogon_hist.sch line 264
  245 Reading WELSPECS in /home/AD.NORCERESEARCH.NO/mani/Documents/CSSR/MultiObjectiveWorkflow/include/schedule/drogon_hist.sch line 268
  246 Reading COMPORD  in /home/AD.NORCERESEARCH.NO/mani/Documents/CSSR/MultiObjectiveWorkflow/include/schedule/drogon_hist.sch line 273
  247 Reading COMPDAT  in /home/AD.NORCERESEARCH.NO/mani/Documents/CSSR/MultiObjectiveWorkflow/include/schedule/drogon_hist.sch line 277
  248 Reading WCONHIST in /home/AD.NORCERESEARCH.NO/mani/Documents/CSSR/MultiObjectiveWorkflow/include/schedule/drogon_hist.sch line 291
  249 Reading WELTARG  in /home/AD.NORCERESEARCH.NO/mani/Documents/CSSR/MultiObjectiveWorkflow/include/schedule/drogon_hist.sch line 297
  250 Reading DATES    in /home/AD.NORCERESEARCH.NO/mani/Documents/CSSR/MultiObjectiveWorkflow/include/schedule/drogon_hist.sch line 301
  251 Reading WCONHIST in /home/AD.NORCERESEARCH.NO/mani/Documents/CSSR/MultiObjectiveWorkflow/include/schedule/drogon_hist.sch line 305
  252 Reading DATES    in /home/AD.NORCERESEARCH.NO/mani/Documents/CSSR/MultiObjectiveWorkflow/include/schedule/drogon_hist.sch line 311
  253 Reading WCONHIST in /home/AD.NORCERESEARCH.NO/mani/Documents/CSSR/MultiObjectiveWorkflow/include/schedule/drogon_hist.sch line 315
  254 Reading DATES    in /home/AD.NORCERESEARCH.NO/mani/Documents/CSSR/MultiObjectiveWorkflow/include/schedule/drogon_hist.sch line 321
  255 Reading WCONHIST in /home/AD.NORCERESEARCH.NO/mani/Documents/CSSR/MultiObjectiveWorkflow/include/schedule/drogon_hist.sch line 325
  256 Reading WRFTPLT  in /home/AD.NORCERESEARCH.NO/mani/Documents/CSSR/MultiObjectiveWorkflow/include/schedule/drogon_hist.sch line 331
  257 Reading DATES    in /home/AD.NORCERESEARCH.NO/mani/Documents/CSSR/MultiObjectiveWorkflow/include/schedule/drogon_hist.sch line 336
  258 Reading WCONHIST in /home/AD.NORCERESEARCH.NO/mani/Documents/CSSR/MultiObjectiveWorkflow/include/schedule/drogon_hist.sch line 340
  259 Reading DATES    in /home/AD.NORCERESEARCH.NO/mani/Documents/CSSR/MultiObjectiveWorkflow/include/schedule/drogon_hist.sch line 346
  260 Reading WELSPECS in /home/AD.NORCERESEARCH.NO/mani/Documents/CSSR/MultiObjectiveWorkflow/include/schedule/drogon_hist.sch line 350
  261 Reading COMPORD  in /home/AD.NORCERESEARCH.NO/mani/Documents/CSSR/MultiObjectiveWorkflow/include/schedule/drogon_hist.sch line 355
  262 Reading COMPDAT  in /home/AD.NORCERESEARCH.NO/mani/Documents/CSSR/MultiObjectiveWorkflow/include/schedule/drogon_hist.sch line 359
  263 Reading WCONHIST in /home/AD.NORCERESEARCH.NO/mani/Documents/CSSR/MultiObjectiveWorkflow/include/schedule/drogon_hist.sch line 389
  264 Reading WCONINJH in /home/AD.NORCERESEARCH.NO/mani/Documents/CSSR/MultiObjectiveWorkflow/include/schedule/drogon_hist.sch line 395
  265 Reading DATES    in /home/AD.NORCERESEARCH.NO/mani/Documents/CSSR/MultiObjectiveWorkflow/include/schedule/drogon_hist.sch line 400
  266 Reading WCONHIST in /home/AD.NORCERESEARCH.NO/mani/Documents/CSSR/MultiObjectiveWorkflow/include/schedule/drogon_hist.sch line 404
  267 Reading DATES    in /home/AD.NORCERESEARCH.NO/mani/Documents/CSSR/MultiObjectiveWorkflow/include/schedule/drogon_hist.sch line 410
  268 Reading WCONHIST in /home/AD.NORCERESEARCH.NO/mani/Documents/CSSR/MultiObjectiveWorkflow/include/schedule/drogon_hist.sch line 414
  269 Reading DATES    in /home/AD.NORCERESEARCH.NO/mani/Documents/CSSR/MultiObjectiveWorkflow/include/schedule/drogon_hist.sch line 420
  270 Reading WTRACER  in /home/AD.NORCERESEARCH.NO/mani/Documents/CSSR/MultiObjectiveWorkflow/include/schedule/drogon_hist.sch line 425
  271 Reading WCONHIST in /home/AD.NORCERESEARCH.NO/mani/Documents/CSSR/MultiObjectiveWorkflow/include/schedule/drogon_hist.sch line 430
  272 Reading DATES    in /home/AD.NORCERESEARCH.NO/mani/Documents/CSSR/MultiObjectiveWorkflow/include/schedule/drogon_hist.sch line 436
  273 Reading WTRACER  in /home/AD.NORCERESEARCH.NO/mani/Documents/CSSR/MultiObjectiveWorkflow/include/schedule/drogon_hist.sch line 440
  274 Reading WCONHIST in /home/AD.NORCERESEARCH.NO/mani/Documents/CSSR/MultiObjectiveWorkflow/include/schedule/drogon_hist.sch line 445
  275 Reading DATES    in /home/AD.NORCERESEARCH.NO/mani/Documents/CSSR/MultiObjectiveWorkflow/include/schedule/drogon_hist.sch line 451
  276 Reading WCONHIST in /home/AD.NORCERESEARCH.NO/mani/Documents/CSSR/MultiObjectiveWorkflow/include/schedule/drogon_hist.sch line 455
  277 Reading DATES    in /home/AD.NORCERESEARCH.NO/mani/Documents/CSSR/MultiObjectiveWorkflow/include/schedule/drogon_hist.sch line 461
  278 Reading WCONHIST in /home/AD.NORCERESEARCH.NO/mani/Documents/CSSR/MultiObjectiveWorkflow/include/schedule/drogon_hist.sch line 465
  279 Reading RPTSCHED in /home/AD.NORCERESEARCH.NO/mani/Documents/CSSR/MultiObjectiveWorkflow/include/schedule/drogon_hist.sch line 471
  280 Reading RPTRST   in /home/AD.NORCERESEARCH.NO/mani/Documents/CSSR/MultiObjectiveWorkflow/include/schedule/drogon_hist.sch line 474
  281 Reading DATES    in /home/AD.NORCERESEARCH.NO/mani/Documents/CSSR/MultiObjectiveWorkflow/include/schedule/drogon_hist.sch line 477
  282 Reading WCONHIST in /home/AD.NORCERESEARCH.NO/mani/Documents/CSSR/MultiObjectiveWorkflow/include/schedule/drogon_hist.sch line 481
  283 Reading RPTSCHED in /home/AD.NORCERESEARCH.NO/mani/Documents/CSSR/MultiObjectiveWorkflow/include/schedule/drogon_hist.sch line 487
  284 Reading RPTRST   in /home/AD.NORCERESEARCH.NO/mani/Documents/CSSR/MultiObjectiveWorkflow/include/schedule/drogon_hist.sch line 490
  285 Reading DATES    in /home/AD.NORCERESEARCH.NO/mani/Documents/CSSR/MultiObjectiveWorkflow/include/schedule/drogon_hist.sch line 493
  286 Reading WCONHIST in /home/AD.NORCERESEARCH.NO/mani/Documents/CSSR/MultiObjectiveWorkflow/include/schedule/drogon_hist.sch line 497
  287 Reading WRFTPLT  in /home/AD.NORCERESEARCH.NO/mani/Documents/CSSR/MultiObjectiveWorkflow/include/schedule/drogon_hist.sch line 503
  288 Reading DATES    in /home/AD.NORCERESEARCH.NO/mani/Documents/CSSR/MultiObjectiveWorkflow/include/schedule/drogon_hist.sch line 508
  289 Reading WELSPECS in /home/AD.NORCERESEARCH.NO/mani/Documents/CSSR/MultiObjectiveWorkflow/include/schedule/drogon_hist.sch line 512
  290 Reading COMPORD  in /home/AD.NORCERESEARCH.NO/mani/Documents/CSSR/MultiObjectiveWorkflow/include/schedule/drogon_hist.sch line 517
  291 Reading COMPDAT  in /home/AD.NORCERESEARCH.NO/mani/Documents/CSSR/MultiObjectiveWorkflow/include/schedule/drogon_hist.sch line 521
  292 Reading WCONHIST in /home/AD.NORCERESEARCH.NO/mani/Documents/CSSR/MultiObjectiveWorkflow/include/schedule/drogon_hist.sch line 549
  293 Reading WELTARG  in /home/AD.NORCERESEARCH.NO/mani/Documents/CSSR/MultiObjectiveWorkflow/include/schedule/drogon_hist.sch line 556
  294 Reading DATES    in /home/AD.NORCERESEARCH.NO/mani/Documents/CSSR/MultiObjectiveWorkflow/include/schedule/drogon_hist.sch line 560
  295 Reading WCONHIST in /home/AD.NORCERESEARCH.NO/mani/Documents/CSSR/MultiObjectiveWorkflow/include/schedule/drogon_hist.sch line 564
  296 Reading DATES    in /home/AD.NORCERESEARCH.NO/mani/Documents/CSSR/MultiObjectiveWorkflow/include/schedule/drogon_hist.sch line 571
  297 Reading WCONHIST in /home/AD.NORCERESEARCH.NO/mani/Documents/CSSR/MultiObjectiveWorkflow/include/schedule/drogon_hist.sch line 575
  298 Reading DATES    in /home/AD.NORCERESEARCH.NO/mani/Documents/CSSR/MultiObjectiveWorkflow/include/schedule/drogon_hist.sch line 582
  299 Reading WCONHIST in /home/AD.NORCERESEARCH.NO/mani/Documents/CSSR/MultiObjectiveWorkflow/include/schedule/drogon_hist.sch line 586
  300 Reading DATES    in /home/AD.NORCERESEARCH.NO/mani/Documents/CSSR/MultiObjectiveWorkflow/include/schedule/drogon_hist.sch line 593
  301 Reading WCONHIST in /home/AD.NORCERESEARCH.NO/mani/Documents/CSSR/MultiObjectiveWorkflow/include/schedule/drogon_hist.sch line 597
  302 Reading WRFTPLT  in /home/AD.NORCERESEARCH.NO/mani/Documents/CSSR/MultiObjectiveWorkflow/include/schedule/drogon_hist.sch line 604
  303 Reading DATES    in /home/AD.NORCERESEARCH.NO/mani/Documents/CSSR/MultiObjectiveWorkflow/include/schedule/drogon_hist.sch line 609
  304 Reading WCONHIST in /home/AD.NORCERESEARCH.NO/mani/Documents/CSSR/MultiObjectiveWorkflow/include/schedule/drogon_hist.sch line 613
  305 Reading DATES    in /home/AD.NORCERESEARCH.NO/mani/Documents/CSSR/MultiObjectiveWorkflow/include/schedule/drogon_hist.sch line 620
  306 Reading WELSPECS in /home/AD.NORCERESEARCH.NO/mani/Documents/CSSR/MultiObjectiveWorkflow/include/schedule/drogon_hist.sch line 624
  307 Reading COMPORD  in /home/AD.NORCERESEARCH.NO/mani/Documents/CSSR/MultiObjectiveWorkflow/include/schedule/drogon_hist.sch line 629
  308 Reading COMPDAT  in /home/AD.NORCERESEARCH.NO/mani/Documents/CSSR/MultiObjectiveWorkflow/include/schedule/drogon_hist.sch line 633
  309 Reading WELSEGS  in /home/AD.NORCERESEARCH.NO/mani/Documents/CSSR/MultiObjectiveWorkflow/include/schedule/drogon_hist.sch line 659
  310 Reading WSEGVALV in /home/AD.NORCERESEARCH.NO/mani/Documents/CSSR/MultiObjectiveWorkflow/include/schedule/drogon_hist.sch line 704
  311 Reading COMPSEGS in /home/AD.NORCERESEARCH.NO/mani/Documents/CSSR/MultiObjectiveWorkflow/include/schedule/drogon_hist.sch line 728
  312 Reading WCONHIST in /home/AD.NORCERESEARCH.NO/mani/Documents/CSSR/MultiObjectiveWorkflow/include/schedule/drogon_hist.sch line 753
  313 Reading WELTARG  in /home/AD.NORCERESEARCH.NO/mani/Documents/CSSR/MultiObjectiveWorkflow/include/schedule/drogon_hist.sch line 761
  314 Reading DATES    in /home/AD.NORCERESEARCH.NO/mani/Documents/CSSR/MultiObjectiveWorkflow/include/schedule/drogon_hist.sch line 765
  315 Reading WCONHIST in /home/AD.NORCERESEARCH.NO/mani/Documents/CSSR/MultiObjectiveWorkflow/include/schedule/drogon_hist.sch line 769
  316 Reading DATES    in /home/AD.NORCERESEARCH.NO/mani/Documents/CSSR/MultiObjectiveWorkflow/include/schedule/drogon_hist.sch line 777
  317 Reading WCONHIST in /home/AD.NORCERESEARCH.NO/mani/Documents/CSSR/MultiObjectiveWorkflow/include/schedule/drogon_hist.sch line 781
  318 Reading DATES    in /home/AD.NORCERESEARCH.NO/mani/Documents/CSSR/MultiObjectiveWorkflow/include/schedule/drogon_hist.sch line 789
  319 Reading WCONHIST in /home/AD.NORCERESEARCH.NO/mani/Documents/CSSR/MultiObjectiveWorkflow/include/schedule/drogon_hist.sch line 793
  320 Reading DATES    in /home/AD.NORCERESEARCH.NO/mani/Documents/CSSR/MultiObjectiveWorkflow/include/schedule/drogon_hist.sch line 801
  321 Reading WCONHIST in /home/AD.NORCERESEARCH.NO/mani/Documents/CSSR/MultiObjectiveWorkflow/include/schedule/drogon_hist.sch line 805
  322 Reading WRFTPLT  in /home/AD.NORCERESEARCH.NO/mani/Documents/CSSR/MultiObjectiveWorkflow/include/schedule/drogon_hist.sch line 813
  323 Reading DATES    in /home/AD.NORCERESEARCH.NO/mani/Documents/CSSR/MultiObjectiveWorkflow/include/schedule/drogon_hist.sch line 818
  324 Reading WELSPECS in /home/AD.NORCERESEARCH.NO/mani/Documents/CSSR/MultiObjectiveWorkflow/include/schedule/drogon_hist.sch line 822
  325 Reading COMPORD  in /home/AD.NORCERESEARCH.NO/mani/Documents/CSSR/MultiObjectiveWorkflow/include/schedule/drogon_hist.sch line 827
  326 Reading COMPDAT  in /home/AD.NORCERESEARCH.NO/mani/Documents/CSSR/MultiObjectiveWorkflow/include/schedule/drogon_hist.sch line 831
  327 Reading WCONHIST in /home/AD.NORCERESEARCH.NO/mani/Documents/CSSR/MultiObjectiveWorkflow/include/schedule/drogon_hist.sch line 860
  328 Reading WCONINJH in /home/AD.NORCERESEARCH.NO/mani/Documents/CSSR/MultiObjectiveWorkflow/include/schedule/drogon_hist.sch line 868
  329 Reading DATES    in /home/AD.NORCERESEARCH.NO/mani/Documents/CSSR/MultiObjectiveWorkflow/include/schedule/drogon_hist.sch line 873
  330 Reading WCONHIST in /home/AD.NORCERESEARCH.NO/mani/Documents/CSSR/MultiObjectiveWorkflow/include/schedule/drogon_hist.sch line 877
  331 Reading DATES    in /home/AD.NORCERESEARCH.NO/mani/Documents/CSSR/MultiObjectiveWorkflow/include/schedule/drogon_hist.sch line 885
  332 Reading WCONHIST in /home/AD.NORCERESEARCH.NO/mani/Documents/CSSR/MultiObjectiveWorkflow/include/schedule/drogon_hist.sch line 889
  333 Reading DATES    in /home/AD.NORCERESEARCH.NO/mani/Documents/CSSR/MultiObjectiveWorkflow/include/schedule/drogon_hist.sch line 897
  334 Reading WCONHIST in /home/AD.NORCERESEARCH.NO/mani/Documents/CSSR/MultiObjectiveWorkflow/include/schedule/drogon_hist.sch line 901
  335 Reading DATES    in /home/AD.NORCERESEARCH.NO/mani/Documents/CSSR/MultiObjectiveWorkflow/include/schedule/drogon_hist.sch line 909
  336 Reading WTRACER  in /home/AD.NORCERESEARCH.NO/mani/Documents/CSSR/MultiObjectiveWorkflow/include/schedule/drogon_hist.sch line 914
  337 Reading WCONHIST in /home/AD.NORCERESEARCH.NO/mani/Documents/CSSR/MultiObjectiveWorkflow/include/schedule/drogon_hist.sch line 919
  338 Reading DATES    in /home/AD.NORCERESEARCH.NO/mani/Documents/CSSR/MultiObjectiveWorkflow/include/schedule/drogon_hist.sch line 927
  339 Reading WTRACER  in /home/AD.NORCERESEARCH.NO/mani/Documents/CSSR/MultiObjectiveWorkflow/include/schedule/drogon_hist.sch line 931
  340 Reading WCONHIST in /home/AD.NORCERESEARCH.NO/mani/Documents/CSSR/MultiObjectiveWorkflow/include/schedule/drogon_hist.sch line 936
  341 Reading DATES    in /home/AD.NORCERESEARCH.NO/mani/Documents/CSSR/MultiObjectiveWorkflow/include/schedule/drogon_hist.sch line 944
  342 Reading WCONHIST in /home/AD.NORCERESEARCH.NO/mani/Documents/CSSR/MultiObjectiveWorkflow/include/schedule/drogon_hist.sch line 948
  343 Reading DATES    in /home/AD.NORCERESEARCH.NO/mani/Documents/CSSR/MultiObjectiveWorkflow/include/schedule/drogon_hist.sch line 956
  344 Reading WCONHIST in /home/AD.NORCERESEARCH.NO/mani/Documents/CSSR/MultiObjectiveWorkflow/include/schedule/drogon_hist.sch line 960
  345 Reading DATES    in /home/AD.NORCERESEARCH.NO/mani/Documents/CSSR/MultiObjectiveWorkflow/include/schedule/drogon_hist.sch line 968
  346 Reading WCONHIST in /home/AD.NORCERESEARCH.NO/mani/Documents/CSSR/MultiObjectiveWorkflow/include/schedule/drogon_hist.sch line 972
  347 Reading DATES    in /home/AD.NORCERESEARCH.NO/mani/Documents/CSSR/MultiObjectiveWorkflow/include/schedule/drogon_hist.sch line 980
  348 Reading WCONHIST in /home/AD.NORCERESEARCH.NO/mani/Documents/CSSR/MultiObjectiveWorkflow/include/schedule/drogon_hist.sch line 984
  349 Reading DATES    in /home/AD.NORCERESEARCH.NO/mani/Documents/CSSR/MultiObjectiveWorkflow/include/schedule/drogon_hist.sch line 992
  350 Reading WCONHIST in /home/AD.NORCERESEARCH.NO/mani/Documents/CSSR/MultiObjectiveWorkflow/include/schedule/drogon_hist.sch line 996
  351 Reading DATES    in /home/AD.NORCERESEARCH.NO/mani/Documents/CSSR/MultiObjectiveWorkflow/include/schedule/drogon_hist.sch line 1004
  352 Reading WCONHIST in /home/AD.NORCERESEARCH.NO/mani/Documents/CSSR/MultiObjectiveWorkflow/include/schedule/drogon_hist.sch line 1008
  353 Reading DATES    in /home/AD.NORCERESEARCH.NO/mani/Documents/CSSR/MultiObjectiveWorkflow/include/schedule/drogon_hist.sch line 1016
  354 Reading WCONHIST in /home/AD.NORCERESEARCH.NO/mani/Documents/CSSR/MultiObjectiveWorkflow/include/schedule/drogon_hist.sch line 1020
  355 Reading DATES    in /home/AD.NORCERESEARCH.NO/mani/Documents/CSSR/MultiObjectiveWorkflow/include/schedule/drogon_hist.sch line 1028
  356 Reading WCONHIST in /home/AD.NORCERESEARCH.NO/mani/Documents/CSSR/MultiObjectiveWorkflow/include/schedule/drogon_hist.sch line 1032
  357 Reading DATES    in /home/AD.NORCERESEARCH.NO/mani/Documents/CSSR/MultiObjectiveWorkflow/include/schedule/drogon_hist.sch line 1040
  358 Reading WCONHIST in /home/AD.NORCERESEARCH.NO/mani/Documents/CSSR/MultiObjectiveWorkflow/include/schedule/drogon_hist.sch line 1044
  359 Reading WCONINJH in /home/AD.NORCERESEARCH.NO/mani/Documents/CSSR/MultiObjectiveWorkflow/include/schedule/drogon_hist.sch line 1052
  360 Reading DATES    in /home/AD.NORCERESEARCH.NO/mani/Documents/CSSR/MultiObjectiveWorkflow/include/schedule/drogon_hist.sch line 1058
  361 Reading DATES    in /home/AD.NORCERESEARCH.NO/mani/Documents/CSSR/MultiObjectiveWorkflow/include/schedule/drogon_hist.sch line 1062
  362 Reading WCONHIST in /home/AD.NORCERESEARCH.NO/mani/Documents/CSSR/MultiObjectiveWorkflow/include/schedule/drogon_hist.sch line 1066
  363 Reading WCONINJH in /home/AD.NORCERESEARCH.NO/mani/Documents/CSSR/MultiObjectiveWorkflow/include/schedule/drogon_hist.sch line 1074
  364 Reading DATES    in /home/AD.NORCERESEARCH.NO/mani/Documents/CSSR/MultiObjectiveWorkflow/include/schedule/drogon_hist.sch line 1080
  365 Reading WCONHIST in /home/AD.NORCERESEARCH.NO/mani/Documents/CSSR/MultiObjectiveWorkflow/include/schedule/drogon_hist.sch line 1084
  366 Reading DATES    in /home/AD.NORCERESEARCH.NO/mani/Documents/CSSR/MultiObjectiveWorkflow/include/schedule/drogon_hist.sch line 1092
  367 Reading WCONHIST in /home/AD.NORCERESEARCH.NO/mani/Documents/CSSR/MultiObjectiveWorkflow/include/schedule/drogon_hist.sch line 1096
  368 Reading DATES    in /home/AD.NORCERESEARCH.NO/mani/Documents/CSSR/MultiObjectiveWorkflow/include/schedule/drogon_hist.sch line 1104
  369 Reading WCONHIST in /home/AD.NORCERESEARCH.NO/mani/Documents/CSSR/MultiObjectiveWorkflow/include/schedule/drogon_hist.sch line 1108
  370 Reading DATES    in /home/AD.NORCERESEARCH.NO/mani/Documents/CSSR/MultiObjectiveWorkflow/include/schedule/drogon_hist.sch line 1116
  371 Reading WCONHIST in /home/AD.NORCERESEARCH.NO/mani/Documents/CSSR/MultiObjectiveWorkflow/include/schedule/drogon_hist.sch line 1120
  372 Reading RPTSCHED in /home/AD.NORCERESEARCH.NO/mani/Documents/CSSR/MultiObjectiveWorkflow/include/schedule/drogon_hist.sch line 1128
  373 Reading RPTRST   in /home/AD.NORCERESEARCH.NO/mani/Documents/CSSR/MultiObjectiveWorkflow/include/schedule/drogon_hist.sch line 1131
  374 Reading DATES    in /home/AD.NORCERESEARCH.NO/mani/Documents/CSSR/MultiObjectiveWorkflow/include/schedule/drogon_hist.sch line 1134
  375 Reading WCONHIST in /home/AD.NORCERESEARCH.NO/mani/Documents/CSSR/MultiObjectiveWorkflow/include/schedule/drogon_hist.sch line 1138
  376 Reading RPTSCHED in /home/AD.NORCERESEARCH.NO/mani/Documents/CSSR/MultiObjectiveWorkflow/include/schedule/drogon_hist.sch line 1146
  377 Reading RPTRST   in /home/AD.NORCERESEARCH.NO/mani/Documents/CSSR/MultiObjectiveWorkflow/include/schedule/drogon_hist.sch line 1149
  378 Reading DATES    in /home/AD.NORCERESEARCH.NO/mani/Documents/CSSR/MultiObjectiveWorkflow/include/schedule/drogon_hist.sch line 1152
  379 Reading WCONHIST in /home/AD.NORCERESEARCH.NO/mani/Documents/CSSR/MultiObjectiveWorkflow/include/schedule/drogon_hist.sch line 1156
  380 Reading DATES    in /home/AD.NORCERESEARCH.NO/mani/Documents/CSSR/MultiObjectiveWorkflow/include/schedule/drogon_hist.sch line 1164
  381 Reading WCONHIST in /home/AD.NORCERESEARCH.NO/mani/Documents/CSSR/MultiObjectiveWorkflow/include/schedule/drogon_hist.sch line 1168
  382 Reading DATES    in /home/AD.NORCERESEARCH.NO/mani/Documents/CSSR/MultiObjectiveWorkflow/include/schedule/drogon_hist.sch line 1176
  383 Reading WCONHIST in /home/AD.NORCERESEARCH.NO/mani/Documents/CSSR/MultiObjectiveWorkflow/include/schedule/drogon_hist.sch line 1180
  384 Reading DATES    in /home/AD.NORCERESEARCH.NO/mani/Documents/CSSR/MultiObjectiveWorkflow/include/schedule/drogon_hist.sch line 1188
  385 Reading WCONHIST in /home/AD.NORCERESEARCH.NO/mani/Documents/CSSR/MultiObjectiveWorkflow/include/schedule/drogon_hist.sch line 1192
  386 Reading DATES    in /home/AD.NORCERESEARCH.NO/mani/Documents/CSSR/MultiObjectiveWorkflow/include/schedule/drogon_hist.sch line 1200
  387 Reading WCONHIST in /home/AD.NORCERESEARCH.NO/mani/Documents/CSSR/MultiObjectiveWorkflow/include/schedule/drogon_hist.sch line 1204
  388 Reading DATES    in /home/AD.NORCERESEARCH.NO/mani/Documents/CSSR/MultiObjectiveWorkflow/include/schedule/drogon_hist.sch line 1212
  389 Reading WCONHIST in /home/AD.NORCERESEARCH.NO/mani/Documents/CSSR/MultiObjectiveWorkflow/include/schedule/drogon_hist.sch line 1216
  390 Reading DATES    in /home/AD.NORCERESEARCH.NO/mani/Documents/CSSR/MultiObjectiveWorkflow/include/schedule/drogon_hist.sch line 1224
  391 Reading WCONHIST in /home/AD.NORCERESEARCH.NO/mani/Documents/CSSR/MultiObjectiveWorkflow/include/schedule/drogon_hist.sch line 1228
  392 Reading DATES    in /home/AD.NORCERESEARCH.NO/mani/Documents/CSSR/MultiObjectiveWorkflow/include/schedule/drogon_hist.sch line 1236
  393 Reading WCONHIST in /home/AD.NORCERESEARCH.NO/mani/Documents/CSSR/MultiObjectiveWorkflow/include/schedule/drogon_hist.sch line 1240
  394 Reading DATES    in /home/AD.NORCERESEARCH.NO/mani/Documents/CSSR/MultiObjectiveWorkflow/include/schedule/drogon_hist.sch line 1248
  395 Reading WCONHIST in /home/AD.NORCERESEARCH.NO/mani/Documents/CSSR/MultiObjectiveWorkflow/include/schedule/drogon_hist.sch line 1252
  396 Reading WCONINJH in /home/AD.NORCERESEARCH.NO/mani/Documents/CSSR/MultiObjectiveWorkflow/include/schedule/drogon_hist.sch line 1260
  397 Reading DATES    in /home/AD.NORCERESEARCH.NO/mani/Documents/CSSR/MultiObjectiveWorkflow/include/schedule/drogon_hist.sch line 1266
  398 Reading WCONHIST in /home/AD.NORCERESEARCH.NO/mani/Documents/CSSR/MultiObjectiveWorkflow/include/schedule/drogon_hist.sch line 1270
  399 Reading WCONINJH in /home/AD.NORCERESEARCH.NO/mani/Documents/CSSR/MultiObjectiveWorkflow/include/schedule/drogon_hist.sch line 1278
  400 Reading DATES    in /home/AD.NORCERESEARCH.NO/mani/Documents/CSSR/MultiObjectiveWorkflow/include/schedule/drogon_hist.sch line 1284
  401 Reading WCONHIST in /home/AD.NORCERESEARCH.NO/mani/Documents/CSSR/MultiObjectiveWorkflow/include/schedule/drogon_hist.sch line 1288
  402 Reading DATES    in /home/AD.NORCERESEARCH.NO/mani/Documents/CSSR/MultiObjectiveWorkflow/include/schedule/drogon_hist.sch line 1296
  403 Reading WCONHIST in /home/AD.NORCERESEARCH.NO/mani/Documents/CSSR/MultiObjectiveWorkflow/include/schedule/drogon_hist.sch line 1300
  404 Reading DATES    in /home/AD.NORCERESEARCH.NO/mani/Documents/CSSR/MultiObjectiveWorkflow/include/schedule/drogon_hist.sch line 1308
  405 Reading WCONHIST in /home/AD.NORCERESEARCH.NO/mani/Documents/CSSR/MultiObjectiveWorkflow/include/schedule/drogon_hist.sch line 1312
  406 Reading DATES    in /home/AD.NORCERESEARCH.NO/mani/Documents/CSSR/MultiObjectiveWorkflow/include/schedule/drogon_hist.sch line 1320
  407 Reading WCONHIST in /home/AD.NORCERESEARCH.NO/mani/Documents/CSSR/MultiObjectiveWorkflow/include/schedule/drogon_hist.sch line 1324
  408 Reading DATES    in /home/AD.NORCERESEARCH.NO/mani/Documents/CSSR/MultiObjectiveWorkflow/include/schedule/drogon_hist.sch line 1332
  409 Reading WCONHIST in /home/AD.NORCERESEARCH.NO/mani/Documents/CSSR/MultiObjectiveWorkflow/include/schedule/drogon_hist.sch line 1336
  410 Reading DATES    in /home/AD.NORCERESEARCH.NO/mani/Documents/CSSR/MultiObjectiveWorkflow/include/schedule/drogon_hist.sch line 1344
  411 Reading WCONHIST in /home/AD.NORCERESEARCH.NO/mani/Documents/CSSR/MultiObjectiveWorkflow/include/schedule/drogon_hist.sch line 1348
  412 Reading DATES    in /home/AD.NORCERESEARCH.NO/mani/Documents/CSSR/MultiObjectiveWorkflow/include/schedule/drogon_hist.sch line 1356
  413 Reading WCONHIST in /home/AD.NORCERESEARCH.NO/mani/Documents/CSSR/MultiObjectiveWorkflow/include/schedule/drogon_hist.sch line 1360
  414 Reading DATES    in /home/AD.NORCERESEARCH.NO/mani/Documents/CSSR/MultiObjectiveWorkflow/include/schedule/drogon_hist.sch line 1368
  415 Reading WCONHIST in /home/AD.NORCERESEARCH.NO/mani/Documents/CSSR/MultiObjectiveWorkflow/include/schedule/drogon_hist.sch line 1372
  416 Reading DATES    in /home/AD.NORCERESEARCH.NO/mani/Documents/CSSR/MultiObjectiveWorkflow/include/schedule/drogon_hist.sch line 1380
  417 Reading WCONHIST in /home/AD.NORCERESEARCH.NO/mani/Documents/CSSR/MultiObjectiveWorkflow/include/schedule/drogon_hist.sch line 1384
  418 Reading DATES    in /home/AD.NORCERESEARCH.NO/mani/Documents/CSSR/MultiObjectiveWorkflow/include/schedule/drogon_hist.sch line 1392
  419 Reading WCONHIST in /home/AD.NORCERESEARCH.NO/mani/Documents/CSSR/MultiObjectiveWorkflow/include/schedule/drogon_hist.sch line 1396
  420 Reading DATES    in /home/AD.NORCERESEARCH.NO/mani/Documents/CSSR/MultiObjectiveWorkflow/include/schedule/drogon_hist.sch line 1404
  421 Reading WCONHIST in /home/AD.NORCERESEARCH.NO/mani/Documents/CSSR/MultiObjectiveWorkflow/include/schedule/drogon_hist.sch line 1408
  422 Reading DATES    in /home/AD.NORCERESEARCH.NO/mani/Documents/CSSR/MultiObjectiveWorkflow/include/schedule/drogon_hist.sch line 1416
  423 Reading WCONHIST in /home/AD.NORCERESEARCH.NO/mani/Documents/CSSR/MultiObjectiveWorkflow/include/schedule/drogon_hist.sch line 1420
  424 Reading DATES    in /home/AD.NORCERESEARCH.NO/mani/Documents/CSSR/MultiObjectiveWorkflow/include/schedule/drogon_hist.sch line 1428
  425 Reading WCONHIST in /home/AD.NORCERESEARCH.NO/mani/Documents/CSSR/MultiObjectiveWorkflow/include/schedule/drogon_hist.sch line 1432
  426 Reading DATES    in /home/AD.NORCERESEARCH.NO/mani/Documents/CSSR/MultiObjectiveWorkflow/include/schedule/drogon_hist.sch line 1440
  427 Reading WCONHIST in /home/AD.NORCERESEARCH.NO/mani/Documents/CSSR/MultiObjectiveWorkflow/include/schedule/drogon_hist.sch line 1444
  428 Reading DATES    in /home/AD.NORCERESEARCH.NO/mani/Documents/CSSR/MultiObjectiveWorkflow/include/schedule/drogon_hist.sch line 1452
  429 Reading WCONHIST in /home/AD.NORCERESEARCH.NO/mani/Documents/CSSR/MultiObjectiveWorkflow/include/schedule/drogon_hist.sch line 1456
  430 Reading WCONINJH in /home/AD.NORCERESEARCH.NO/mani/Documents/CSSR/MultiObjectiveWorkflow/include/schedule/drogon_hist.sch line 1464
  431 Reading DATES    in /home/AD.NORCERESEARCH.NO/mani/Documents/CSSR/MultiObjectiveWorkflow/include/schedule/drogon_hist.sch line 1470
  432 Reading DATES    in /home/AD.NORCERESEARCH.NO/mani/Documents/CSSR/MultiObjectiveWorkflow/include/schedule/drogon_hist.sch line 1474
  433 Reading WCONHIST in /home/AD.NORCERESEARCH.NO/mani/Documents/CSSR/MultiObjectiveWorkflow/include/schedule/drogon_hist.sch line 1478
  434 Reading WCONINJH in /home/AD.NORCERESEARCH.NO/mani/Documents/CSSR/MultiObjectiveWorkflow/include/schedule/drogon_hist.sch line 1486
  435 Reading DATES    in /home/AD.NORCERESEARCH.NO/mani/Documents/CSSR/MultiObjectiveWorkflow/include/schedule/drogon_hist.sch line 1492
  436 Reading WCONHIST in /home/AD.NORCERESEARCH.NO/mani/Documents/CSSR/MultiObjectiveWorkflow/include/schedule/drogon_hist.sch line 1496
  437 Reading DATES    in /home/AD.NORCERESEARCH.NO/mani/Documents/CSSR/MultiObjectiveWorkflow/include/schedule/drogon_hist.sch line 1504
  438 Reading WCONHIST in /home/AD.NORCERESEARCH.NO/mani/Documents/CSSR/MultiObjectiveWorkflow/include/schedule/drogon_hist.sch line 1508
  439 Reading DATES    in /home/AD.NORCERESEARCH.NO/mani/Documents/CSSR/MultiObjectiveWorkflow/include/schedule/drogon_hist.sch line 1516
  440 Reading WCONHIST in /home/AD.NORCERESEARCH.NO/mani/Documents/CSSR/MultiObjectiveWorkflow/include/schedule/drogon_hist.sch line 1520
  441 Reading DATES    in /home/AD.NORCERESEARCH.NO/mani/Documents/CSSR/MultiObjectiveWorkflow/include/schedule/drogon_hist.sch line 1528
  442 Reading WCONHIST in /home/AD.NORCERESEARCH.NO/mani/Documents/CSSR/MultiObjectiveWorkflow/include/schedule/drogon_hist.sch line 1532
  443 Reading RPTSCHED in /home/AD.NORCERESEARCH.NO/mani/Documents/CSSR/MultiObjectiveWorkflow/include/schedule/drogon_hist.sch line 1540
  444 Reading RPTRST   in /home/AD.NORCERESEARCH.NO/mani/Documents/CSSR/MultiObjectiveWorkflow/include/schedule/drogon_hist.sch line 1543
  445 Reading DATES    in /home/AD.NORCERESEARCH.NO/mani/Documents/CSSR/MultiObjectiveWorkflow/include/schedule/drogon_hist.sch line 1546

Warning: Unsupported keywords or keyword items:

  NOINSPEC: keyword not supported
  In file: DROGON.DATA, line 95

  NORSSPEC: keyword not supported
  In file: DROGON.DATA, line 98

  MESSAGES: invalid value '1000000' for item 9
  In file: DROGON.DATA, line 104
  MESSAGES(STOPWARN): option is not supported

  MESSAGES: invalid value '7000' for item 10
  In file: DROGON.DATA, line 104
  MESSAGES(STOPPROB): option is not supported

  MESSAGES: invalid value '0' for item 11
  In file: DROGON.DATA, line 104
  MESSAGES(STOPERRS): option is not supported

  NOECHO: keyword not supported
  In file: DROGON.DATA, line 111

  EXTRAPMS: keyword not supported
  In file: DROGON.DATA, line 183

  RPTSOL: keyword not supported
  In file: DROGON.DATA, line 228

Creating corner-point grid from keywords COORD, ZCORN and others

Initializing tracers from TRACER in DROGON.DATA line 178
Non-default tracer unit [g] from TRACER in DROGON.DATA line 178
Loading tracer concentration from TVDPFWT1 in DROGON.DATA line 219
Non-default tracer unit [g] from TRACER in DROGON.DATA line 178
Reporting limit reached for Tracer tables - see PRT file for additional messages
Loading tracer concentration from TVDPFWT2 in DROGON.DATA line 224
3 fluid phases are active

Loading faults from FAULTS in /home/AD.NORCERESEARCH.NO/mani/Documents/CSSR/MultiObjectiveWorkflow/include/grid/drogon.faults line 17

Warning: Error in keyword RPTSOL, unrecognized mnemonic THPRES
In DROGON.DATA line 228.

Processing dynamic information from
DROGON.DATA line 251
Initializing report step 0/82 at 2018-01-01 0 DAYS line 251
Reading from: /home/AD.NORCERESEARCH.NO/mani/Documents/CSSR/MultiObjectiveWorkflow/include/schedule/drogon_hist.sch line 16
Processing keyword WELSPECS at line 16
Processing keyword COMPORD at line 25
Processing keyword GRUPTREE at line 33
Processing keyword COMPDAT at line 39

Warning: Problem with COMPDATX keyword
In /home/AD.NORCERESEARCH.NO/mani/Documents/CSSR/MultiObjectiveWorkflow/include/schedule/drogon_hist.sch line 39
The cell (22,30,12) in well R_A2 is not active and the connection will be ignored

Warning: Problem with COMPDATX keyword
In /home/AD.NORCERESEARCH.NO/mani/Documents/CSSR/MultiObjectiveWorkflow/include/schedule/drogon_hist.sch line 39
The cell (22,29,19) in well R_A2 is not active and the connection will be ignored

Warning: Problem with COMPDATX keyword
In /home/AD.NORCERESEARCH.NO/mani/Documents/CSSR/MultiObjectiveWorkflow/include/schedule/drogon_hist.sch line 39
The cell (17,42,18) in well R_A6 is not active and the connection will be ignored
Processing keyword WCONHIST at line 163
Processing keyword WRFTPLT at line 172
Processing keyword TUNING at line 181
Processing keyword RPTRST at line 189
Complete report step 1 (4 DAYS) at 2018-01-05 (0 DAYS)

Initializing report step 2/82 at 2018-01-05 (0 DAYS) line 192
Processing keyword WELSPECS at line 196
Processing keyword COMPORD at line 201
Processing keyword COMPDAT at line 205

Warning: Problem with COMPDATX keyword
In /home/AD.NORCERESEARCH.NO/mani/Documents/CSSR/MultiObjectiveWorkflow/include/schedule/drogon_hist.sch line 205
The cell (32,33,15) in well A1 is not active and the connection will be ignored
Processing keyword WCONHIST at line 232
Processing keyword WELTARG at line 237
Complete report step 2 (27 DAYS) at 2018-02-01 (4 DAYS)

Initializing report step 3/82 at 2018-02-01 (4 DAYS) line 241
Processing keyword WCONHIST at line 245
Complete report step 3 (28 DAYS) at 2018-03-01 (31 DAYS)

Initializing report step 4/82 at 2018-03-01 (31 DAYS) line 250
Processing keyword WCONHIST at line 254
Processing keyword WRFTPLT at line 259
Complete report step 4 (9 DAYS) at 2018-03-10 (59 DAYS)

Initializing report step 5/82 at 2018-03-10 (59 DAYS) line 264
Processing keyword WELSPECS at line 268
Processing keyword COMPORD at line 273
Processing keyword COMPDAT at line 277
Processing keyword WCONHIST at line 291
Processing keyword WELTARG at line 297
Complete report step 5 (20 DAYS) at 2018-03-30 (68 DAYS)
Report limit reached, see PRT-file for remaining Schedule initialization.

Initializing report step 6/82 at 2018-03-30 (68 DAYS) line 301
Processing keyword WCONHIST at line 305
Complete report step 6 (2 DAYS) at 2018-04-01 (88 DAYS)

Initializing report step 7/82 at 2018-04-01 (88 DAYS) line 311
Processing keyword WCONHIST at line 315
Complete report step 7 (27 DAYS) at 2018-04-28 (90 DAYS)

Initializing report step 8/82 at 2018-04-28 (90 DAYS) line 321
Processing keyword WCONHIST at line 325
Processing keyword WRFTPLT at line 331
Complete report step 8 (3 DAYS) at 2018-05-01 (117 DAYS)

Initializing report step 9/82 at 2018-05-01 (117 DAYS) line 336
Processing keyword WCONHIST at line 340
Complete report step 9 (7 DAYS) at 2018-05-08 (120 DAYS)

Initializing report step 10/82 at 2018-05-08 (120 DAYS) line 346
Processing keyword WELSPECS at line 350
Processing keyword COMPORD at line 355
Processing keyword COMPDAT at line 359
Processing keyword WCONHIST at line 389
Processing keyword WCONINJH at line 395
Complete report step 10 (24 DAYS) at 2018-06-01 (127 DAYS)

Initializing report step 11/82 at 2018-06-01 (127 DAYS) line 400
Processing keyword WCONHIST at line 404
Complete report step 11 (1 DAYS) at 2018-06-02 (151 DAYS)

Initializing report step 12/82 at 2018-06-02 (151 DAYS) line 410
Processing keyword WCONHIST at line 414
Complete report step 12 (6 DAYS) at 2018-06-08 (152 DAYS)

Initializing report step 13/82 at 2018-06-08 (152 DAYS) line 420
Processing keyword WTRACER at line 425
Processing keyword WCONHIST at line 430
Complete report step 13 (1 DAYS) at 2018-06-09 (158 DAYS)

Initializing report step 14/82 at 2018-06-09 (158 DAYS) line 436
Processing keyword WTRACER at line 440
Processing keyword WCONHIST at line 445
Complete report step 14 (13 DAYS) at 2018-06-22 (159 DAYS)

Initializing report step 15/82 at 2018-06-22 (159 DAYS) line 451
Processing keyword WCONHIST at line 455
Complete report step 15 (8 DAYS) at 2018-06-30 (172 DAYS)

Initializing report step 16/82 at 2018-06-30 (172 DAYS) line 461
Processing keyword WCONHIST at line 465
Processing keyword RPTSCHED at line 471
Processing keyword RPTRST at line 474
Complete report step 16 (1 DAYS) at 2018-07-01 (180 DAYS)

Initializing report step 17/82 at 2018-07-01 (180 DAYS) line 477
Processing keyword WCONHIST at line 481
Processing keyword RPTSCHED at line 487
Processing keyword RPTRST at line 490
Complete report step 17 (2 DAYS) at 2018-07-03 (181 DAYS)

Initializing report step 18/82 at 2018-07-03 (181 DAYS) line 493
Processing keyword WCONHIST at line 497
Processing keyword WRFTPLT at line 503
Complete report step 18 (10 DAYS) at 2018-07-13 (183 DAYS)

Initializing report step 19/82 at 2018-07-13 (183 DAYS) line 508
Processing keyword WELSPECS at line 512
Processing keyword COMPORD at line 517
Processing keyword COMPDAT at line 521
Processing keyword WCONHIST at line 549
Processing keyword WELTARG at line 556
Complete report step 19 (19 DAYS) at 2018-08-01 (193 DAYS)

Initializing report step 20/82 at 2018-08-01 (193 DAYS) line 560
Processing keyword WCONHIST at line 564
Complete report step 20 (24 DAYS) at 2018-08-25 (212 DAYS)

Initializing report step 21/82 at 2018-08-25 (212 DAYS) line 571
Processing keyword WCONHIST at line 575
Complete report step 21 (7 DAYS) at 2018-09-01 (236 DAYS)

Initializing report step 22/82 at 2018-09-01 (236 DAYS) line 582
Processing keyword WCONHIST at line 586
Complete report step 22 (11 DAYS) at 2018-09-12 (243 DAYS)

Initializing report step 23/82 at 2018-09-12 (243 DAYS) line 593
Processing keyword WCONHIST at line 597
Processing keyword WRFTPLT at line 604
Complete report step 23 (2 DAYS) at 2018-09-14 (254 DAYS)

Initializing report step 24/82 at 2018-09-14 (254 DAYS) line 609
Processing keyword WCONHIST at line 613
Complete report step 24 (8 DAYS) at 2018-09-22 (256 DAYS)

Initializing report step 25/82 at 2018-09-22 (256 DAYS) line 620
Processing keyword WELSPECS at line 624
Processing keyword COMPORD at line 629
Processing keyword COMPDAT at line 633
Processing keyword WELSEGS at line 659
Processing keyword WSEGVALV at line 704
Processing keyword COMPSEGS at line 728
Processing keyword WCONHIST at line 753
Processing keyword WELTARG at line 761
Complete report step 25 (9 DAYS) at 2018-10-01 (264 DAYS)

Initializing report step 26/82 at 2018-10-01 (264 DAYS) line 765
Processing keyword WCONHIST at line 769
Complete report step 26 (4 DAYS) at 2018-10-05 (273 DAYS)

Initializing report step 27/82 at 2018-10-05 (273 DAYS) line 777
Processing keyword WCONHIST at line 781
Complete report step 27 (27 DAYS) at 2018-11-01 (277 DAYS)

Initializing report step 28/82 at 2018-11-01 (277 DAYS) line 789
Processing keyword WCONHIST at line 793
Complete report step 28 (6 DAYS) at 2018-11-07 (304 DAYS)

Initializing report step 29/82 at 2018-11-07 (304 DAYS) line 801
Processing keyword WCONHIST at line 805
Processing keyword WRFTPLT at line 813
Complete report step 29 (10 DAYS) at 2018-11-17 (310 DAYS)

Initializing report step 30/82 at 2018-11-17 (310 DAYS) line 818
Processing keyword WELSPECS at line 822
Processing keyword COMPORD at line 827
Processing keyword COMPDAT at line 831

Warning: Problem with COMPDATX keyword
In /home/AD.NORCERESEARCH.NO/mani/Documents/CSSR/MultiObjectiveWorkflow/include/schedule/drogon_hist.sch line 831
The cell (17,42,18) in well A6 is not active and the connection will be ignored
Processing keyword WCONHIST at line 860
Processing keyword WCONINJH at line 868
Complete report step 30 (14 DAYS) at 2018-12-01 (320 DAYS)

Initializing report step 31/82 at 2018-12-01 (320 DAYS) line 873
Processing keyword WCONHIST at line 877
Complete report step 31 (6 DAYS) at 2018-12-07 (334 DAYS)

Initializing report step 32/82 at 2018-12-07 (334 DAYS) line 885
Processing keyword WCONHIST at line 889
Complete report step 32 (8 DAYS) at 2018-12-15 (340 DAYS)

Initializing report step 33/82 at 2018-12-15 (340 DAYS) line 897
Processing keyword WCONHIST at line 901
Complete report step 33 (2 DAYS) at 2018-12-17 (348 DAYS)

Initializing report step 34/82 at 2018-12-17 (348 DAYS) line 909
Processing keyword WTRACER at line 914
Processing keyword WCONHIST at line 919
Complete report step 34 (1 DAYS) at 2018-12-18 (350 DAYS)

Initializing report step 35/82 at 2018-12-18 (350 DAYS) line 927
Processing keyword WTRACER at line 931
Processing keyword WCONHIST at line 936
Complete report step 35 (10 DAYS) at 2018-12-28 (351 DAYS)

Initializing report step 36/82 at 2018-12-28 (351 DAYS) line 944
Processing keyword WCONHIST at line 948
Complete report step 36 (4 DAYS) at 2019-01-01 (361 DAYS)

Initializing report step 37/82 at 2019-01-01 (361 DAYS) line 956
Processing keyword WCONHIST at line 960
Complete report step 37 (31 DAYS) at 2019-02-01 (365 DAYS)

Initializing report step 38/82 at 2019-02-01 (365 DAYS) line 968
Processing keyword WCONHIST at line 972
Complete report step 38 (8 DAYS) at 2019-02-09 (396 DAYS)

Initializing report step 39/82 at 2019-02-09 (396 DAYS) line 980
Processing keyword WCONHIST at line 984
Complete report step 39 (20 DAYS) at 2019-03-01 (404 DAYS)

Initializing report step 40/82 at 2019-03-01 (404 DAYS) line 992
Processing keyword WCONHIST at line 996
Complete report step 40 (8 DAYS) at 2019-03-09 (424 DAYS)

Initializing report step 41/82 at 2019-03-09 (424 DAYS) line 1004
Processing keyword WCONHIST at line 1008
Complete report step 41 (13 DAYS) at 2019-03-22 (432 DAYS)

Initializing report step 42/82 at 2019-03-22 (432 DAYS) line 1016
Processing keyword WCONHIST at line 1020
Complete report step 42 (10 DAYS) at 2019-04-01 (445 DAYS)

Initializing report step 43/82 at 2019-04-01 (445 DAYS) line 1028
Processing keyword WCONHIST at line 1032
Complete report step 43 (30 DAYS) at 2019-05-01 (455 DAYS)

Initializing report step 44/82 at 2019-05-01 (455 DAYS) line 1040
Processing keyword WCONHIST at line 1044
Processing keyword WCONINJH at line 1052
Complete report step 44 (3 DAYS) at 2019-05-04 (485 DAYS)

Initializing report step 45/82 at 2019-05-04 (485 DAYS) line 1058
Complete report step 45 (1 DAYS) at 2019-05-05 (488 DAYS)

Initializing report step 46/82 at 2019-05-05 (488 DAYS) line 1062
Processing keyword WCONHIST at line 1066
Processing keyword WCONINJH at line 1074
Complete report step 46 (19 DAYS) at 2019-05-24 (489 DAYS)

Initializing report step 47/82 at 2019-05-24 (489 DAYS) line 1080
Processing keyword WCONHIST at line 1084
Complete report step 47 (8 DAYS) at 2019-06-01 (508 DAYS)

Initializing report step 48/82 at 2019-06-01 (508 DAYS) line 1092
Processing keyword WCONHIST at line 1096
Complete report step 48 (13 DAYS) at 2019-06-14 (516 DAYS)

Initializing report step 49/82 at 2019-06-14 (516 DAYS) line 1104
Processing keyword WCONHIST at line 1108
Complete report step 49 (16 DAYS) at 2019-06-30 (529 DAYS)

Initializing report step 50/82 at 2019-06-30 (529 DAYS) line 1116
Processing keyword WCONHIST at line 1120
Processing keyword RPTSCHED at line 1128
Processing keyword RPTRST at line 1131
Complete report step 50 (1 DAYS) at 2019-07-01 (545 DAYS)

Initializing report step 51/82 at 2019-07-01 (545 DAYS) line 1134
Processing keyword WCONHIST at line 1138
Processing keyword RPTSCHED at line 1146
Processing keyword RPTRST at line 1149
Complete report step 51 (26 DAYS) at 2019-07-27 (546 DAYS)

Initializing report step 52/82 at 2019-07-27 (546 DAYS) line 1152
Processing keyword WCONHIST at line 1156
Complete report step 52 (5 DAYS) at 2019-08-01 (572 DAYS)

Initializing report step 53/82 at 2019-08-01 (572 DAYS) line 1164
Processing keyword WCONHIST at line 1168
Complete report step 53 (15 DAYS) at 2019-08-16 (577 DAYS)

Initializing report step 54/82 at 2019-08-16 (577 DAYS) line 1176
Processing keyword WCONHIST at line 1180
Complete report step 54 (8 DAYS) at 2019-08-24 (592 DAYS)

Initializing report step 55/82 at 2019-08-24 (592 DAYS) line 1188
Processing keyword WCONHIST at line 1192
Complete report step 55 (8 DAYS) at 2019-09-01 (600 DAYS)

Initializing report step 56/82 at 2019-09-01 (600 DAYS) line 1200
Processing keyword WCONHIST at line 1204
Complete report step 56 (5 DAYS) at 2019-09-06 (608 DAYS)

Initializing report step 57/82 at 2019-09-06 (608 DAYS) line 1212
Processing keyword WCONHIST at line 1216
Complete report step 57 (25 DAYS) at 2019-10-01 (613 DAYS)

Initializing report step 58/82 at 2019-10-01 (613 DAYS) line 1224
Processing keyword WCONHIST at line 1228
Complete report step 58 (18 DAYS) at 2019-10-19 (638 DAYS)

Initializing report step 59/82 at 2019-10-19 (638 DAYS) line 1236
Processing keyword WCONHIST at line 1240
Complete report step 59 (13 DAYS) at 2019-11-01 (656 DAYS)

Initializing report step 60/82 at 2019-11-01 (656 DAYS) line 1248
Processing keyword WCONHIST at line 1252
Processing keyword WCONINJH at line 1260
Complete report step 60 (1 DAYS) at 2019-11-02 (669 DAYS)

Initializing report step 61/82 at 2019-11-02 (669 DAYS) line 1266
Processing keyword WCONHIST at line 1270
Processing keyword WCONINJH at line 1278
Complete report step 61 (6 DAYS) at 2019-11-08 (670 DAYS)

Initializing report step 62/82 at 2019-11-08 (670 DAYS) line 1284
Processing keyword WCONHIST at line 1288
Complete report step 62 (8 DAYS) at 2019-11-16 (676 DAYS)

Initializing report step 63/82 at 2019-11-16 (676 DAYS) line 1296
Processing keyword WCONHIST at line 1300
Complete report step 63 (13 DAYS) at 2019-11-29 (684 DAYS)

Initializing report step 64/82 at 2019-11-29 (684 DAYS) line 1308
Processing keyword WCONHIST at line 1312
Complete report step 64 (2 DAYS) at 2019-12-01 (697 DAYS)

Initializing report step 65/82 at 2019-12-01 (697 DAYS) line 1320
Processing keyword WCONHIST at line 1324
Complete report step 65 (31 DAYS) at 2020-01-01 (699 DAYS)

Initializing report step 66/82 at 2020-01-01 (699 DAYS) line 1332
Processing keyword WCONHIST at line 1336
Complete report step 66 (10 DAYS) at 2020-01-11 (730 DAYS)

Initializing report step 67/82 at 2020-01-11 (730 DAYS) line 1344
Processing keyword WCONHIST at line 1348
Complete report step 67 (20 DAYS) at 2020-01-31 (740 DAYS)

Initializing report step 68/82 at 2020-01-31 (740 DAYS) line 1356
Processing keyword WCONHIST at line 1360
Complete report step 68 (1 DAYS) at 2020-02-01 (760 DAYS)

Initializing report step 69/82 at 2020-02-01 (760 DAYS) line 1368
Processing keyword WCONHIST at line 1372
Complete report step 69 (7 DAYS) at 2020-02-08 (761 DAYS)

Initializing report step 70/82 at 2020-02-08 (761 DAYS) line 1380
Processing keyword WCONHIST at line 1384
Complete report step 70 (13 DAYS) at 2020-02-21 (768 DAYS)

Initializing report step 71/82 at 2020-02-21 (768 DAYS) line 1392
Processing keyword WCONHIST at line 1396
Complete report step 71 (9 DAYS) at 2020-03-01 (781 DAYS)

Initializing report step 72/82 at 2020-03-01 (781 DAYS) line 1404
Processing keyword WCONHIST at line 1408
Complete report step 72 (31 DAYS) at 2020-04-01 (790 DAYS)

Initializing report step 73/82 at 2020-04-01 (790 DAYS) line 1416
Processing keyword WCONHIST at line 1420
Complete report step 73 (3 DAYS) at 2020-04-04 (821 DAYS)

Initializing report step 74/82 at 2020-04-04 (821 DAYS) line 1428
Processing keyword WCONHIST at line 1432
Complete report step 74 (20 DAYS) at 2020-04-24 (824 DAYS)

Initializing report step 75/82 at 2020-04-24 (824 DAYS) line 1440
Processing keyword WCONHIST at line 1444
Complete report step 75 (7 DAYS) at 2020-05-01 (844 DAYS)

Initializing report step 76/82 at 2020-05-01 (844 DAYS) line 1452
Processing keyword WCONHIST at line 1456
Processing keyword WCONINJH at line 1464
Complete report step 76 (1 DAYS) at 2020-05-02 (851 DAYS)

Initializing report step 77/82 at 2020-05-02 (851 DAYS) line 1470
Complete report step 77 (3 DAYS) at 2020-05-05 (852 DAYS)

Initializing report step 78/82 at 2020-05-05 (852 DAYS) line 1474
Processing keyword WCONHIST at line 1478
Processing keyword WCONINJH at line 1486
Complete report step 78 (10 DAYS) at 2020-05-15 (855 DAYS)

Initializing report step 79/82 at 2020-05-15 (855 DAYS) line 1492
Processing keyword WCONHIST at line 1496
Complete report step 79 (17 DAYS) at 2020-06-01 (865 DAYS)

Initializing report step 80/82 at 2020-06-01 (865 DAYS) line 1504
Processing keyword WCONHIST at line 1508
Complete report step 80 (26 DAYS) at 2020-06-27 (882 DAYS)

Initializing report step 81/82 at 2020-06-27 (882 DAYS) line 1516
Processing keyword WCONHIST at line 1520
Complete report step 81 (3 DAYS) at 2020-06-30 (908 DAYS)

Initializing report step 82/82 at 2020-06-30 (908 DAYS) line 1528
Processing keyword WCONHIST at line 1532
Processing keyword RPTSCHED at line 1540
Processing keyword RPTRST at line 1543
Complete report step 82 (1 DAYS) at 2020-07-01 (911 DAYS)


Warning: Request for missing group GMWIN in GMWPR
In /home/AD.NORCERESEARCH.NO/mani/Documents/CSSR/MultiObjectiveWorkflow/include/summary/drogon.summary line 110

Processing grid
1982 pinch-out connections generated
Total number of active cells: 70402 / total pore volume: 529109719 RM3
Removed 22 cells with a pore volume of 0 RM3 (0.000 %) due to MINPV/MINPVV

Property tree for linear solvers:
{
    "maxiter": "20",
    "tol": "0.0050000000000000001",
    "verbosity": "0",
    "solver": "bicgstab",
    "preconditioner": {
        "type": "cprw",
        "use_well_weights": "false",
        "add_wells": "true",
        "weight_type": "trueimpes",
        "pre_smooth": "0",
        "post_smooth": "1",
        "finesmoother": {
            "type": "ParOverILU0",
            "relaxation": "1"
        },
        "verbosity": "0",
        "coarsesolver": {
            "maxiter": "1",
            "tol": "0.10000000000000001",
            "solver": "loopsolver",
            "verbosity": "0",
            "preconditioner": {
                "type": "amg",
                "alpha": "0.33333333333300003",
                "relaxation": "1",
                "iterations": "1",
                "coarsenTarget": "1200",
                "pre_smooth": "1",
                "post_smooth": "1",
                "beta": "0",
                "smoother": "ILU0",
                "verbosity": "0",
                "maxlevel": "15",
                "skip_isolated": "0",
                "accumulate": "1",
                "prolongationdamping": "1",
                "maxdistance": "2",
                "maxconnectivity": "15",
                "maxaggsize": "6",
                "minaggsize": "4"
            }
        }
    }
}


===============Saturation Functions Diagnostics===============

System: Black-oil system.
Relative permeability input format: Saturation Family I.
Number of saturation regions: 12


Warning: Unhandled summary keyword FGSR
In /home/AD.NORCERESEARCH.NO/mani/Documents/CSSR/MultiObjectiveWorkflow/include/summary/drogon.summary line 25

Warning: Unhandled summary keyword FWGR
In /home/AD.NORCERESEARCH.NO/mani/Documents/CSSR/MultiObjectiveWorkflow/include/summary/drogon.summary line 80

Warning: Unhandled summary keyword ROE
In /home/AD.NORCERESEARCH.NO/mani/Documents/CSSR/MultiObjectiveWorkflow/include/summary/drogon.summary line 88

Warning: Unhandled summary keyword GWGR
In /home/AD.NORCERESEARCH.NO/mani/Documents/CSSR/MultiObjectiveWorkflow/include/summary/drogon.summary line 147

Warning: Unhandled summary keyword WOGLR
In /home/AD.NORCERESEARCH.NO/mani/Documents/CSSR/MultiObjectiveWorkflow/include/summary/drogon.summary line 276

Warning: Problem with EDITNNC keyword
In /home/AD.NORCERESEARCH.NO/mani/Documents/CSSR/MultiObjectiveWorkflow/include/edit/drogon.trans line 381 
No NNC defined for connection (34,8,1) -> (33,8,13)

Warning: Problem with EDITNNC keyword
In /home/AD.NORCERESEARCH.NO/mani/Documents/CSSR/MultiObjectiveWorkflow/include/edit/drogon.trans line 381 
No NNC defined for connection (21,12,1) -> (22,12,11)

Warning: Problem with EDITNNC keyword
In /home/AD.NORCERESEARCH.NO/mani/Documents/CSSR/MultiObjectiveWorkflow/include/edit/drogon.trans line 381 
No NNC defined for connection (17,23,1) -> (18,23,9)

Warning: Problem with EDITNNC keyword
In /home/AD.NORCERESEARCH.NO/mani/Documents/CSSR/MultiObjectiveWorkflow/include/edit/drogon.trans line 381 
No NNC defined for connection (17,23,1) -> (18,23,10)

Warning: Problem with EDITNNC keyword
In /home/AD.NORCERESEARCH.NO/mani/Documents/CSSR/MultiObjectiveWorkflow/include/edit/drogon.trans line 381 
No NNC defined for connection (20,26,1) -> (20,25,22)

Warning: Problem with EDITNNC keyword
In /home/AD.NORCERESEARCH.NO/mani/Documents/CSSR/MultiObjectiveWorkflow/include/edit/drogon.trans line 381 
No NNC defined for connection (27,26,1) -> (28,26,16)

Warning: Problem with EDITNNC keyword
In /home/AD.NORCERESEARCH.NO/mani/Documents/CSSR/MultiObjectiveWorkflow/include/edit/drogon.trans line 381 
No NNC defined for connection (35,28,1) -> (34,28,17)

Warning: Problem with EDITNNC keyword
In /home/AD.NORCERESEARCH.NO/mani/Documents/CSSR/MultiObjectiveWorkflow/include/edit/drogon.trans line 381 
No NNC defined for connection (18,29,1) -> (17,29,20)

Warning: Problem with EDITNNC keyword
In /home/AD.NORCERESEARCH.NO/mani/Documents/CSSR/MultiObjectiveWorkflow/include/edit/drogon.trans line 381 
No NNC defined for connection (27,36,1) -> (27,37,16)

Warning: Problem with EDITNNC keyword
In /home/AD.NORCERESEARCH.NO/mani/Documents/CSSR/MultiObjectiveWorkflow/include/edit/drogon.trans line 381 
No NNC defined for connection (27,36,1) -> (27,37,19)

Warning: Problem with EDITNNC keyword
In /home/AD.NORCERESEARCH.NO/mani/Documents/CSSR/MultiObjectiveWorkflow/include/edit/drogon.trans line 381 
No NNC defined for connection (26,37,1) -> (27,37,16)

Warning: Problem with EDITNNC keyword
In /home/AD.NORCERESEARCH.NO/mani/Documents/CSSR/MultiObjectiveWorkflow/include/edit/drogon.trans line 381 
No NNC defined for connection (26,38,1) -> (27,38,19)

Warning: Problem with EDITNNC keyword
In /home/AD.NORCERESEARCH.NO/mani/Documents/CSSR/MultiObjectiveWorkflow/include/edit/drogon.trans line 381 
No NNC defined for connection (27,43,1) -> (28,43,17)

Warning: Problem with EDITNNC keyword
In /home/AD.NORCERESEARCH.NO/mani/Documents/CSSR/MultiObjectiveWorkflow/include/edit/drogon.trans line 381 
No NNC defined for connection (27,44,1) -> (28,44,13)

Warning: Problem with EDITNNC keyword
In /home/AD.NORCERESEARCH.NO/mani/Documents/CSSR/MultiObjectiveWorkflow/include/edit/drogon.trans line 381 
No NNC defined for connection (28,45,1) -> (29,45,11)

Warning: Problem with EDITNNC keyword
In /home/AD.NORCERESEARCH.NO/mani/Documents/CSSR/MultiObjectiveWorkflow/include/edit/drogon.trans line 381 
No NNC defined for connection (28,45,1) -> (28,44,13)

Warning: Problem with EDITNNC keyword
In /home/AD.NORCERESEARCH.NO/mani/Documents/CSSR/MultiObjectiveWorkflow/include/edit/drogon.trans line 381 
No NNC defined for connection (29,46,1) -> (29,45,11)

Warning: Problem with EDITNNC keyword
In /home/AD.NORCERESEARCH.NO/mani/Documents/CSSR/MultiObjectiveWorkflow/include/edit/drogon.trans line 381 
No NNC defined for connection (40,53,1) -> (40,52,11)

Warning: Problem with EDITNNC keyword
In /home/AD.NORCERESEARCH.NO/mani/Documents/CSSR/MultiObjectiveWorkflow/include/edit/drogon.trans line 381 
No NNC defined for connection (36,67,1) -> (37,67,11)

Warning: Problem with EDITNNC keyword
In /home/AD.NORCERESEARCH.NO/mani/Documents/CSSR/MultiObjectiveWorkflow/include/edit/drogon.trans line 381 
No NNC defined for connection (34,8,2) -> (33,8,13)

Warning: Problem with EDITNNC keyword
In /home/AD.NORCERESEARCH.NO/mani/Documents/CSSR/MultiObjectiveWorkflow/include/edit/drogon.trans line 381 
No NNC defined for connection (21,12,2) -> (22,12,11)

Warning: Problem with EDITNNC keyword
In /home/AD.NORCERESEARCH.NO/mani/Documents/CSSR/MultiObjectiveWorkflow/include/edit/drogon.trans line 381 
No NNC defined for connection (17,23,2) -> (18,23,9)

Warning: Problem with EDITNNC keyword
In /home/AD.NORCERESEARCH.NO/mani/Documents/CSSR/MultiObjectiveWorkflow/include/edit/drogon.trans line 381 
No NNC defined for connection (17,23,2) -> (18,23,10)

Warning: Problem with EDITNNC keyword
In /home/AD.NORCERESEARCH.NO/mani/Documents/CSSR/MultiObjectiveWorkflow/include/edit/drogon.trans line 381 
No NNC defined for connection (20,26,2) -> (20,25,22)

Warning: Problem with EDITNNC keyword
In /home/AD.NORCERESEARCH.NO/mani/Documents/CSSR/MultiObjectiveWorkflow/include/edit/drogon.trans line 381 
No NNC defined for connection (27,27,2) -> (28,27,19)

Warning: Problem with EDITNNC keyword
In /home/AD.NORCERESEARCH.NO/mani/Documents/CSSR/MultiObjectiveWorkflow/include/edit/drogon.trans line 381 
No NNC defined for connection (18,29,2) -> (17,29,20)

Warning: Problem with EDITNNC keyword
In /home/AD.NORCERESEARCH.NO/mani/Documents/CSSR/MultiObjectiveWorkflow/include/edit/drogon.trans line 381 
No NNC defined for connection (27,36,2) -> (27,37,16)

Warning: Problem with EDITNNC keyword
In /home/AD.NORCERESEARCH.NO/mani/Documents/CSSR/MultiObjectiveWorkflow/include/edit/drogon.trans line 381 
No NNC defined for connection (27,36,2) -> (27,37,19)

Warning: Problem with EDITNNC keyword
In /home/AD.NORCERESEARCH.NO/mani/Documents/CSSR/MultiObjectiveWorkflow/include/edit/drogon.trans line 381 
No NNC defined for connection (26,37,2) -> (27,37,16)

Warning: Problem with EDITNNC keyword
In /home/AD.NORCERESEARCH.NO/mani/Documents/CSSR/MultiObjectiveWorkflow/include/edit/drogon.trans line 381 
No NNC defined for connection (26,37,2) -> (27,37,19)

Warning: Problem with EDITNNC keyword
In /home/AD.NORCERESEARCH.NO/mani/Documents/CSSR/MultiObjectiveWorkflow/include/edit/drogon.trans line 381 
No NNC defined for connection (26,38,2) -> (27,38,19)

Warning: Problem with EDITNNC keyword
In /home/AD.NORCERESEARCH.NO/mani/Documents/CSSR/MultiObjectiveWorkflow/include/edit/drogon.trans line 381 
No NNC defined for connection (27,43,2) -> (28,43,17)

Warning: Problem with EDITNNC keyword
In /home/AD.NORCERESEARCH.NO/mani/Documents/CSSR/MultiObjectiveWorkflow/include/edit/drogon.trans line 381 
No NNC defined for connection (27,44,2) -> (28,44,13)

Warning: Problem with EDITNNC keyword
In /home/AD.NORCERESEARCH.NO/mani/Documents/CSSR/MultiObjectiveWorkflow/include/edit/drogon.trans line 381 
No NNC defined for connection (28,45,2) -> (29,45,11)

Warning: Problem with EDITNNC keyword
In /home/AD.NORCERESEARCH.NO/mani/Documents/CSSR/MultiObjectiveWorkflow/include/edit/drogon.trans line 381 
No NNC defined for connection (28,45,2) -> (28,44,13)

Warning: Problem with EDITNNC keyword
In /home/AD.NORCERESEARCH.NO/mani/Documents/CSSR/MultiObjectiveWorkflow/include/edit/drogon.trans line 381 
No NNC defined for connection (29,46,2) -> (29,45,11)

Warning: Problem with EDITNNC keyword
In /home/AD.NORCERESEARCH.NO/mani/Documents/CSSR/MultiObjectiveWorkflow/include/edit/drogon.trans line 381 
No NNC defined for connection (40,53,2) -> (40,52,11)

Warning: Problem with EDITNNC keyword
In /home/AD.NORCERESEARCH.NO/mani/Documents/CSSR/MultiObjectiveWorkflow/include/edit/drogon.trans line 381 
No NNC defined for connection (36,67,2) -> (37,67,11)

Warning: Problem with EDITNNC keyword
In /home/AD.NORCERESEARCH.NO/mani/Documents/CSSR/MultiObjectiveWorkflow/include/edit/drogon.trans line 381 
No NNC defined for connection (34,8,3) -> (33,8,13)

Warning: Problem with EDITNNC keyword
In /home/AD.NORCERESEARCH.NO/mani/Documents/CSSR/MultiObjectiveWorkflow/include/edit/drogon.trans line 381 
No NNC defined for connection (22,11,3) -> (22,12,11)

Warning: Problem with EDITNNC keyword
In /home/AD.NORCERESEARCH.NO/mani/Documents/CSSR/MultiObjectiveWorkflow/include/edit/drogon.trans line 381 
No NNC defined for connection (21,12,3) -> (22,12,11)

Warning: Problem with EDITNNC keyword
In /home/AD.NORCERESEARCH.NO/mani/Documents/CSSR/MultiObjectiveWorkflow/include/edit/drogon.trans line 381 
No NNC defined for connection (17,23,3) -> (18,23,9)

Warning: Problem with EDITNNC keyword
In /home/AD.NORCERESEARCH.NO/mani/Documents/CSSR/MultiObjectiveWorkflow/include/edit/drogon.trans line 381 
No NNC defined for connection (17,23,3) -> (18,23,10)

Warning: Problem with EDITNNC keyword
In /home/AD.NORCERESEARCH.NO/mani/Documents/CSSR/MultiObjectiveWorkflow/include/edit/drogon.trans line 381 
No NNC defined for connection (21,25,3) -> (20,25,22)

Warning: Problem with EDITNNC keyword
In /home/AD.NORCERESEARCH.NO/mani/Documents/CSSR/MultiObjectiveWorkflow/include/edit/drogon.trans line 381 
No NNC defined for connection (20,26,3) -> (20,25,22)

Warning: Problem with EDITNNC keyword
In /home/AD.NORCERESEARCH.NO/mani/Documents/CSSR/MultiObjectiveWorkflow/include/edit/drogon.trans line 381 
No NNC defined for connection (18,29,3) -> (17,29,20)

Warning: Problem with EDITNNC keyword
In /home/AD.NORCERESEARCH.NO/mani/Documents/CSSR/MultiObjectiveWorkflow/include/edit/drogon.trans line 381 
No NNC defined for connection (27,36,3) -> (27,37,19)

Warning: Problem with EDITNNC keyword
In /home/AD.NORCERESEARCH.NO/mani/Documents/CSSR/MultiObjectiveWorkflow/include/edit/drogon.trans line 381 
No NNC defined for connection (26,37,3) -> (27,37,19)

Warning: Problem with EDITNNC keyword
In /home/AD.NORCERESEARCH.NO/mani/Documents/CSSR/MultiObjectiveWorkflow/include/edit/drogon.trans line 381 
No NNC defined for connection (26,40,3) -> (27,40,29)

Warning: Problem with EDITNNC keyword
In /home/AD.NORCERESEARCH.NO/mani/Documents/CSSR/MultiObjectiveWorkflow/include/edit/drogon.trans line 381 
No NNC defined for connection (26,40,3) -> (27,40,30)

Warning: Problem with EDITNNC keyword
In /home/AD.NORCERESEARCH.NO/mani/Documents/CSSR/MultiObjectiveWorkflow/include/edit/drogon.trans line 381 
No NNC defined for connection (26,40,3) -> (27,40,31)

Warning: Problem with EDITNNC keyword
In /home/AD.NORCERESEARCH.NO/mani/Documents/CSSR/MultiObjectiveWorkflow/include/edit/drogon.trans line 381 
No NNC defined for connection (27,43,3) -> (28,43,17)

Warning: Problem with EDITNNC keyword
In /home/AD.NORCERESEARCH.NO/mani/Documents/CSSR/MultiObjectiveWorkflow/include/edit/drogon.trans line 381 
No NNC defined for connection (29,46,3) -> (29,45,11)

Warning: Problem with EDITNNC keyword
In /home/AD.NORCERESEARCH.NO/mani/Documents/CSSR/MultiObjectiveWorkflow/include/edit/drogon.trans line 381 
No NNC defined for connection (40,53,3) -> (40,52,11)

Warning: Problem with EDITNNC keyword
In /home/AD.NORCERESEARCH.NO/mani/Documents/CSSR/MultiObjectiveWorkflow/include/edit/drogon.trans line 381 
No NNC defined for connection (40,53,3) -> (41,53,11)

Warning: Problem with EDITNNC keyword
In /home/AD.NORCERESEARCH.NO/mani/Documents/CSSR/MultiObjectiveWorkflow/include/edit/drogon.trans line 381 
No NNC defined for connection (36,67,3) -> (37,67,11)

Warning: Problem with EDITNNC keyword
In /home/AD.NORCERESEARCH.NO/mani/Documents/CSSR/MultiObjectiveWorkflow/include/edit/drogon.trans line 381 
No NNC defined for connection (34,7,4) -> (33,7,13)

Warning: Problem with EDITNNC keyword
In /home/AD.NORCERESEARCH.NO/mani/Documents/CSSR/MultiObjectiveWorkflow/include/edit/drogon.trans line 381 
No NNC defined for connection (34,8,4) -> (33,8,13)

Warning: Problem with EDITNNC keyword
In /home/AD.NORCERESEARCH.NO/mani/Documents/CSSR/MultiObjectiveWorkflow/include/edit/drogon.trans line 381 
No NNC defined for connection (22,11,4) -> (22,12,11)

Warning: Problem with EDITNNC keyword
In /home/AD.NORCERESEARCH.NO/mani/Documents/CSSR/MultiObjectiveWorkflow/include/edit/drogon.trans line 381 
No NNC defined for connection (21,12,4) -> (22,12,11)

Warning: Problem with EDITNNC keyword
In /home/AD.NORCERESEARCH.NO/mani/Documents/CSSR/MultiObjectiveWorkflow/include/edit/drogon.trans line 381 
No NNC defined for connection (17,23,4) -> (18,23,9)

Warning: Problem with EDITNNC keyword
In /home/AD.NORCERESEARCH.NO/mani/Documents/CSSR/MultiObjectiveWorkflow/include/edit/drogon.trans line 381 
No NNC defined for connection (17,23,4) -> (18,23,10)

Warning: Problem with EDITNNC keyword
In /home/AD.NORCERESEARCH.NO/mani/Documents/CSSR/MultiObjectiveWorkflow/include/edit/drogon.trans line 381 
No NNC defined for connection (17,24,4) -> (18,24,8)

Warning: Problem with EDITNNC keyword
In /home/AD.NORCERESEARCH.NO/mani/Documents/CSSR/MultiObjectiveWorkflow/include/edit/drogon.trans line 381 
No NNC defined for connection (21,25,4) -> (20,25,22)

Warning: Problem with EDITNNC keyword
In /home/AD.NORCERESEARCH.NO/mani/Documents/CSSR/MultiObjectiveWorkflow/include/edit/drogon.trans line 381 
No NNC defined for connection (20,26,4) -> (20,25,22)

Warning: Problem with EDITNNC keyword
In /home/AD.NORCERESEARCH.NO/mani/Documents/CSSR/MultiObjectiveWorkflow/include/edit/drogon.trans line 381 
No NNC defined for connection (18,29,4) -> (17,29,20)

Warning: Problem with EDITNNC keyword
In /home/AD.NORCERESEARCH.NO/mani/Documents/CSSR/MultiObjectiveWorkflow/include/edit/drogon.trans line 381 
No NNC defined for connection (27,36,4) -> (27,37,19)

Warning: Problem with EDITNNC keyword
In /home/AD.NORCERESEARCH.NO/mani/Documents/CSSR/MultiObjectiveWorkflow/include/edit/drogon.trans line 381 
No NNC defined for connection (26,37,4) -> (27,37,19)

Warning: Problem with EDITNNC keyword
In /home/AD.NORCERESEARCH.NO/mani/Documents/CSSR/MultiObjectiveWorkflow/include/edit/drogon.trans line 381 
No NNC defined for connection (40,53,4) -> (40,52,11)

Warning: Problem with EDITNNC keyword
In /home/AD.NORCERESEARCH.NO/mani/Documents/CSSR/MultiObjectiveWorkflow/include/edit/drogon.trans line 381 
No NNC defined for connection (40,53,4) -> (41,53,11)

Warning: Problem with EDITNNC keyword
In /home/AD.NORCERESEARCH.NO/mani/Documents/CSSR/MultiObjectiveWorkflow/include/edit/drogon.trans line 381 
No NNC defined for connection (36,67,4) -> (37,67,11)

Warning: Problem with EDITNNC keyword
In /home/AD.NORCERESEARCH.NO/mani/Documents/CSSR/MultiObjectiveWorkflow/include/edit/drogon.trans line 381 
No NNC defined for connection (34,7,5) -> (33,7,13)

Warning: Problem with EDITNNC keyword
In /home/AD.NORCERESEARCH.NO/mani/Documents/CSSR/MultiObjectiveWorkflow/include/edit/drogon.trans line 381 
No NNC defined for connection (34,8,5) -> (33,8,13)

Warning: Problem with EDITNNC keyword
In /home/AD.NORCERESEARCH.NO/mani/Documents/CSSR/MultiObjectiveWorkflow/include/edit/drogon.trans line 381 
No NNC defined for connection (22,11,5) -> (22,12,11)

Warning: Problem with EDITNNC keyword
In /home/AD.NORCERESEARCH.NO/mani/Documents/CSSR/MultiObjectiveWorkflow/include/edit/drogon.trans line 381 
No NNC defined for connection (27,15,5) -> (26,15,16)

Warning: Problem with EDITNNC keyword
In /home/AD.NORCERESEARCH.NO/mani/Documents/CSSR/MultiObjectiveWorkflow/include/edit/drogon.trans line 381 
No NNC defined for connection (17,23,5) -> (18,23,9)

Warning: Problem with EDITNNC keyword
In /home/AD.NORCERESEARCH.NO/mani/Documents/CSSR/MultiObjectiveWorkflow/include/edit/drogon.trans line 381 
No NNC defined for connection (17,23,5) -> (18,23,10)

Warning: Problem with EDITNNC keyword
In /home/AD.NORCERESEARCH.NO/mani/Documents/CSSR/MultiObjectiveWorkflow/include/edit/drogon.trans line 381 
No NNC defined for connection (17,24,5) -> (18,24,8)

Warning: Problem with EDITNNC keyword
In /home/AD.NORCERESEARCH.NO/mani/Documents/CSSR/MultiObjectiveWorkflow/include/edit/drogon.trans line 381 
No NNC defined for connection (21,25,5) -> (20,25,22)

Warning: Problem with EDITNNC keyword
In /home/AD.NORCERESEARCH.NO/mani/Documents/CSSR/MultiObjectiveWorkflow/include/edit/drogon.trans line 381 
No NNC defined for connection (20,26,5) -> (20,25,22)

Warning: Problem with EDITNNC keyword
In /home/AD.NORCERESEARCH.NO/mani/Documents/CSSR/MultiObjectiveWorkflow/include/edit/drogon.trans line 381 
No NNC defined for connection (18,29,5) -> (17,29,20)

Warning: Problem with EDITNNC keyword
In /home/AD.NORCERESEARCH.NO/mani/Documents/CSSR/MultiObjectiveWorkflow/include/edit/drogon.trans line 381 
No NNC defined for connection (27,36,5) -> (27,37,19)

Warning: Problem with EDITNNC keyword
In /home/AD.NORCERESEARCH.NO/mani/Documents/CSSR/MultiObjectiveWorkflow/include/edit/drogon.trans line 381 
No NNC defined for connection (26,37,5) -> (27,37,19)

Warning: Problem with EDITNNC keyword
In /home/AD.NORCERESEARCH.NO/mani/Documents/CSSR/MultiObjectiveWorkflow/include/edit/drogon.trans line 381 
No NNC defined for connection (22,45,5) -> (23,45,13)

Warning: Problem with EDITNNC keyword
In /home/AD.NORCERESEARCH.NO/mani/Documents/CSSR/MultiObjectiveWorkflow/include/edit/drogon.trans line 381 
No NNC defined for connection (23,46,5) -> (23,45,13)

Warning: Problem with EDITNNC keyword
In /home/AD.NORCERESEARCH.NO/mani/Documents/CSSR/MultiObjectiveWorkflow/include/edit/drogon.trans line 381 
No NNC defined for connection (40,53,5) -> (41,53,11)

Warning: Problem with EDITNNC keyword
In /home/AD.NORCERESEARCH.NO/mani/Documents/CSSR/MultiObjectiveWorkflow/include/edit/drogon.trans line 381 
No NNC defined for connection (36,67,5) -> (37,67,11)

Warning: Problem with EDITNNC keyword
In /home/AD.NORCERESEARCH.NO/mani/Documents/CSSR/MultiObjectiveWorkflow/include/edit/drogon.trans line 381 
No NNC defined for connection (34,7,6) -> (33,7,13)

Warning: Problem with EDITNNC keyword
In /home/AD.NORCERESEARCH.NO/mani/Documents/CSSR/MultiObjectiveWorkflow/include/edit/drogon.trans line 381 
No NNC defined for connection (22,11,6) -> (22,12,11)

Warning: Problem with EDITNNC keyword
In /home/AD.NORCERESEARCH.NO/mani/Documents/CSSR/MultiObjectiveWorkflow/include/edit/drogon.trans line 381 
No NNC defined for connection (27,15,6) -> (26,15,16)

Warning: Problem with EDITNNC keyword
In /home/AD.NORCERESEARCH.NO/mani/Documents/CSSR/MultiObjectiveWorkflow/include/edit/drogon.trans line 381 
No NNC defined for connection (17,23,6) -> (18,23,9)

Warning: Problem with EDITNNC keyword
In /home/AD.NORCERESEARCH.NO/mani/Documents/CSSR/MultiObjectiveWorkflow/include/edit/drogon.trans line 381 
No NNC defined for connection (17,23,6) -> (18,23,10)

Warning: Problem with EDITNNC keyword
In /home/AD.NORCERESEARCH.NO/mani/Documents/CSSR/MultiObjectiveWorkflow/include/edit/drogon.trans line 381 
No NNC defined for connection (17,24,6) -> (18,24,8)

Warning: Problem with EDITNNC keyword
In /home/AD.NORCERESEARCH.NO/mani/Documents/CSSR/MultiObjectiveWorkflow/include/edit/drogon.trans line 381 
No NNC defined for connection (17,24,6) -> (18,24,10)

Warning: Problem with EDITNNC keyword
In /home/AD.NORCERESEARCH.NO/mani/Documents/CSSR/MultiObjectiveWorkflow/include/edit/drogon.trans line 381 
No NNC defined for connection (21,25,6) -> (20,25,22)

Warning: Problem with EDITNNC keyword
In /home/AD.NORCERESEARCH.NO/mani/Documents/CSSR/MultiObjectiveWorkflow/include/edit/drogon.trans line 381 
No NNC defined for connection (20,26,6) -> (20,25,22)

Warning: Problem with EDITNNC keyword
In /home/AD.NORCERESEARCH.NO/mani/Documents/CSSR/MultiObjectiveWorkflow/include/edit/drogon.trans line 381 
No NNC defined for connection (18,29,6) -> (17,29,20)

Warning: Problem with EDITNNC keyword
In /home/AD.NORCERESEARCH.NO/mani/Documents/CSSR/MultiObjectiveWorkflow/include/edit/drogon.trans line 381 
No NNC defined for connection (22,45,6) -> (23,45,13)

Warning: Problem with EDITNNC keyword
In /home/AD.NORCERESEARCH.NO/mani/Documents/CSSR/MultiObjectiveWorkflow/include/edit/drogon.trans line 381 
No NNC defined for connection (23,46,6) -> (23,45,13)

Warning: Problem with EDITNNC keyword
In /home/AD.NORCERESEARCH.NO/mani/Documents/CSSR/MultiObjectiveWorkflow/include/edit/drogon.trans line 381 
No NNC defined for connection (40,53,6) -> (41,53,11)

Warning: Problem with EDITNNC keyword
In /home/AD.NORCERESEARCH.NO/mani/Documents/CSSR/MultiObjectiveWorkflow/include/edit/drogon.trans line 381 
No NNC defined for connection (41,54,6) -> (41,53,11)

Warning: Problem with EDITNNC keyword
In /home/AD.NORCERESEARCH.NO/mani/Documents/CSSR/MultiObjectiveWorkflow/include/edit/drogon.trans line 381 
No NNC defined for connection (36,67,6) -> (37,67,11)

Warning: Problem with EDITNNC keyword
In /home/AD.NORCERESEARCH.NO/mani/Documents/CSSR/MultiObjectiveWorkflow/include/edit/drogon.trans line 381 
No NNC defined for connection (36,68,6) -> (37,68,11)

Warning: Problem with EDITNNC keyword
In /home/AD.NORCERESEARCH.NO/mani/Documents/CSSR/MultiObjectiveWorkflow/include/edit/drogon.trans line 381 
No NNC defined for connection (34,7,7) -> (33,7,13)

Warning: Problem with EDITNNC keyword
In /home/AD.NORCERESEARCH.NO/mani/Documents/CSSR/MultiObjectiveWorkflow/include/edit/drogon.trans line 381 
No NNC defined for connection (22,11,7) -> (22,12,11)

Warning: Problem with EDITNNC keyword
In /home/AD.NORCERESEARCH.NO/mani/Documents/CSSR/MultiObjectiveWorkflow/include/edit/drogon.trans line 381 
No NNC defined for connection (34,13,7) -> (35,13,23)

Warning: Problem with EDITNNC keyword
In /home/AD.NORCERESEARCH.NO/mani/Documents/CSSR/MultiObjectiveWorkflow/include/edit/drogon.trans line 381 
No NNC defined for connection (27,14,7) -> (26,14,12)

Warning: Problem with EDITNNC keyword
In /home/AD.NORCERESEARCH.NO/mani/Documents/CSSR/MultiObjectiveWorkflow/include/edit/drogon.trans line 381 
No NNC defined for connection (27,15,7) -> (26,15,16)

Warning: Problem with EDITNNC keyword
In /home/AD.NORCERESEARCH.NO/mani/Documents/CSSR/MultiObjectiveWorkflow/include/edit/drogon.trans line 381 
No NNC defined for connection (17,23,7) -> (18,23,10)

Warning: Problem with EDITNNC keyword
In /home/AD.NORCERESEARCH.NO/mani/Documents/CSSR/MultiObjectiveWorkflow/include/edit/drogon.trans line 381 
No NNC defined for connection (17,24,7) -> (18,24,8)

Warning: Problem with EDITNNC keyword
In /home/AD.NORCERESEARCH.NO/mani/Documents/CSSR/MultiObjectiveWorkflow/include/edit/drogon.trans line 381 
No NNC defined for connection (17,24,7) -> (18,24,10)

Warning: Problem with EDITNNC keyword
In /home/AD.NORCERESEARCH.NO/mani/Documents/CSSR/MultiObjectiveWorkflow/include/edit/drogon.trans line 381 
No NNC defined for connection (18,29,7) -> (17,29,20)

Warning: Problem with EDITNNC keyword
In /home/AD.NORCERESEARCH.NO/mani/Documents/CSSR/MultiObjectiveWorkflow/include/edit/drogon.trans line 381 
No NNC defined for connection (17,30,7) -> (17,29,20)

Warning: Problem with EDITNNC keyword
In /home/AD.NORCERESEARCH.NO/mani/Documents/CSSR/MultiObjectiveWorkflow/include/edit/drogon.trans line 381 
No NNC defined for connection (22,45,7) -> (23,45,13)

Warning: Problem with EDITNNC keyword
In /home/AD.NORCERESEARCH.NO/mani/Documents/CSSR/MultiObjectiveWorkflow/include/edit/drogon.trans line 381 
No NNC defined for connection (23,46,7) -> (23,45,13)

Warning: Problem with EDITNNC keyword
In /home/AD.NORCERESEARCH.NO/mani/Documents/CSSR/MultiObjectiveWorkflow/include/edit/drogon.trans line 381 
No NNC defined for connection (36,50,7) -> (36,49,31)

Warning: Problem with EDITNNC keyword
In /home/AD.NORCERESEARCH.NO/mani/Documents/CSSR/MultiObjectiveWorkflow/include/edit/drogon.trans line 381 
No NNC defined for connection (36,50,7) -> (37,50,31)

Warning: Problem with EDITNNC keyword
In /home/AD.NORCERESEARCH.NO/mani/Documents/CSSR/MultiObjectiveWorkflow/include/edit/drogon.trans line 381 
No NNC defined for connection (41,54,7) -> (41,53,11)

Warning: Problem with EDITNNC keyword
In /home/AD.NORCERESEARCH.NO/mani/Documents/CSSR/MultiObjectiveWorkflow/include/edit/drogon.trans line 381 
No NNC defined for connection (36,68,7) -> (37,68,11)

Warning: Problem with EDITNNC keyword
In /home/AD.NORCERESEARCH.NO/mani/Documents/CSSR/MultiObjectiveWorkflow/include/edit/drogon.trans line 381 
No NNC defined for connection (34,7,8) -> (33,7,13)

Warning: Problem with EDITNNC keyword
In /home/AD.NORCERESEARCH.NO/mani/Documents/CSSR/MultiObjectiveWorkflow/include/edit/drogon.trans line 381 
No NNC defined for connection (22,11,8) -> (22,12,11)

Warning: Problem with EDITNNC keyword
In /home/AD.NORCERESEARCH.NO/mani/Documents/CSSR/MultiObjectiveWorkflow/include/edit/drogon.trans line 381 
No NNC defined for connection (34,13,8) -> (34,14,20)

Warning: Problem with EDITNNC keyword
In /home/AD.NORCERESEARCH.NO/mani/Documents/CSSR/MultiObjectiveWorkflow/include/edit/drogon.trans line 381 
No NNC defined for connection (34,13,8) -> (35,13,23)

Warning: Problem with EDITNNC keyword
In /home/AD.NORCERESEARCH.NO/mani/Documents/CSSR/MultiObjectiveWorkflow/include/edit/drogon.trans line 381 
No NNC defined for connection (27,14,8) -> (26,14,12)

Warning: Problem with EDITNNC keyword
In /home/AD.NORCERESEARCH.NO/mani/Documents/CSSR/MultiObjectiveWorkflow/include/edit/drogon.trans line 381 
No NNC defined for connection (27,15,8) -> (26,15,16)

Warning: Problem with EDITNNC keyword
In /home/AD.NORCERESEARCH.NO/mani/Documents/CSSR/MultiObjectiveWorkflow/include/edit/drogon.trans line 381 
No NNC defined for connection (17,24,8) -> (18,24,10)

Warning: Problem with EDITNNC keyword
In /home/AD.NORCERESEARCH.NO/mani/Documents/CSSR/MultiObjectiveWorkflow/include/edit/drogon.trans line 381 
No NNC defined for connection (17,30,8) -> (17,29,20)

Warning: Problem with EDITNNC keyword
In /home/AD.NORCERESEARCH.NO/mani/Documents/CSSR/MultiObjectiveWorkflow/include/edit/drogon.trans line 381 
No NNC defined for connection (22,45,8) -> (23,45,13)

Warning: Problem with EDITNNC keyword
In /home/AD.NORCERESEARCH.NO/mani/Documents/CSSR/MultiObjectiveWorkflow/include/edit/drogon.trans line 381 
No NNC defined for connection (23,46,8) -> (23,45,13)

Warning: Problem with EDITNNC keyword
In /home/AD.NORCERESEARCH.NO/mani/Documents/CSSR/MultiObjectiveWorkflow/include/edit/drogon.trans line 381 
No NNC defined for connection (25,48,8) -> (26,48,16)

Warning: Problem with EDITNNC keyword
In /home/AD.NORCERESEARCH.NO/mani/Documents/CSSR/MultiObjectiveWorkflow/include/edit/drogon.trans line 381 
No NNC defined for connection (26,49,8) -> (26,48,16)

Warning: Problem with EDITNNC keyword
In /home/AD.NORCERESEARCH.NO/mani/Documents/CSSR/MultiObjectiveWorkflow/include/edit/drogon.trans line 381 
No NNC defined for connection (41,54,8) -> (41,53,11)

Warning: Problem with EDITNNC keyword
In /home/AD.NORCERESEARCH.NO/mani/Documents/CSSR/MultiObjectiveWorkflow/include/edit/drogon.trans line 381 
No NNC defined for connection (36,68,8) -> (37,68,11)

Warning: Problem with EDITNNC keyword
In /home/AD.NORCERESEARCH.NO/mani/Documents/CSSR/MultiObjectiveWorkflow/include/edit/drogon.trans line 381 
No NNC defined for connection (34,7,9) -> (33,7,13)

Warning: Problem with EDITNNC keyword
In /home/AD.NORCERESEARCH.NO/mani/Documents/CSSR/MultiObjectiveWorkflow/include/edit/drogon.trans line 381 
No NNC defined for connection (22,11,9) -> (22,12,11)

Warning: Problem with EDITNNC keyword
In /home/AD.NORCERESEARCH.NO/mani/Documents/CSSR/MultiObjectiveWorkflow/include/edit/drogon.trans line 381 
No NNC defined for connection (34,13,9) -> (34,14,20)

Warning: Problem with EDITNNC keyword
In /home/AD.NORCERESEARCH.NO/mani/Documents/CSSR/MultiObjectiveWorkflow/include/edit/drogon.trans line 381 
No NNC defined for connection (34,13,9) -> (34,14,21)

Warning: Problem with EDITNNC keyword
In /home/AD.NORCERESEARCH.NO/mani/Documents/CSSR/MultiObjectiveWorkflow/include/edit/drogon.trans line 381 
No NNC defined for connection (34,13,9) -> (35,13,23)

Warning: Problem with EDITNNC keyword
In /home/AD.NORCERESEARCH.NO/mani/Documents/CSSR/MultiObjectiveWorkflow/include/edit/drogon.trans line 381 
No NNC defined for connection (27,14,9) -> (26,14,12)

Warning: Problem with EDITNNC keyword
In /home/AD.NORCERESEARCH.NO/mani/Documents/CSSR/MultiObjectiveWorkflow/include/edit/drogon.trans line 381 
No NNC defined for connection (27,15,9) -> (26,15,16)

Warning: Problem with EDITNNC keyword
In /home/AD.NORCERESEARCH.NO/mani/Documents/CSSR/MultiObjectiveWorkflow/include/edit/drogon.trans line 381 
No NNC defined for connection (17,24,9) -> (18,24,10)

Warning: Problem with EDITNNC keyword
In /home/AD.NORCERESEARCH.NO/mani/Documents/CSSR/MultiObjectiveWorkflow/include/edit/drogon.trans line 381 
No NNC defined for connection (17,30,9) -> (17,29,20)

Warning: Problem with EDITNNC keyword
In /home/AD.NORCERESEARCH.NO/mani/Documents/CSSR/MultiObjectiveWorkflow/include/edit/drogon.trans line 381 
No NNC defined for connection (22,45,9) -> (23,45,13)

Warning: Problem with EDITNNC keyword
In /home/AD.NORCERESEARCH.NO/mani/Documents/CSSR/MultiObjectiveWorkflow/include/edit/drogon.trans line 381 
No NNC defined for connection (23,46,9) -> (23,45,13)

Warning: Problem with EDITNNC keyword
In /home/AD.NORCERESEARCH.NO/mani/Documents/CSSR/MultiObjectiveWorkflow/include/edit/drogon.trans line 381 
No NNC defined for connection (24,47,9) -> (25,47,16)

Warning: Problem with EDITNNC keyword
In /home/AD.NORCERESEARCH.NO/mani/Documents/CSSR/MultiObjectiveWorkflow/include/edit/drogon.trans line 381 
No NNC defined for connection (25,48,9) -> (25,47,16)

Warning: Problem with EDITNNC keyword
In /home/AD.NORCERESEARCH.NO/mani/Documents/CSSR/MultiObjectiveWorkflow/include/edit/drogon.trans line 381 
No NNC defined for connection (25,48,9) -> (26,48,16)

Warning: Problem with EDITNNC keyword
In /home/AD.NORCERESEARCH.NO/mani/Documents/CSSR/MultiObjectiveWorkflow/include/edit/drogon.trans line 381 
No NNC defined for connection (26,49,9) -> (26,48,16)

Warning: Problem with EDITNNC keyword
In /home/AD.NORCERESEARCH.NO/mani/Documents/CSSR/MultiObjectiveWorkflow/include/edit/drogon.trans line 381 
No NNC defined for connection (41,54,9) -> (41,53,11)

Warning: Problem with EDITNNC keyword
In /home/AD.NORCERESEARCH.NO/mani/Documents/CSSR/MultiObjectiveWorkflow/include/edit/drogon.trans line 381 
No NNC defined for connection (36,68,9) -> (37,68,11)

Warning: Problem with EDITNNC keyword
In /home/AD.NORCERESEARCH.NO/mani/Documents/CSSR/MultiObjectiveWorkflow/include/edit/drogon.trans line 381 
No NNC defined for connection (34,7,10) -> (33,7,13)

Warning: Problem with EDITNNC keyword
In /home/AD.NORCERESEARCH.NO/mani/Documents/CSSR/MultiObjectiveWorkflow/include/edit/drogon.trans line 381 
No NNC defined for connection (27,12,10) -> (26,12,11)

Warning: Problem with EDITNNC keyword
In /home/AD.NORCERESEARCH.NO/mani/Documents/CSSR/MultiObjectiveWorkflow/include/edit/drogon.trans line 381 
No NNC defined for connection (27,13,10) -> (26,13,11)

Warning: Problem with EDITNNC keyword
In /home/AD.NORCERESEARCH.NO/mani/Documents/CSSR/MultiObjectiveWorkflow/include/edit/drogon.trans line 381 
No NNC defined for connection (34,13,10) -> (34,14,20)

Warning: Problem with EDITNNC keyword
In /home/AD.NORCERESEARCH.NO/mani/Documents/CSSR/MultiObjectiveWorkflow/include/edit/drogon.trans line 381 
No NNC defined for connection (34,13,10) -> (34,14,21)

Warning: Problem with EDITNNC keyword
In /home/AD.NORCERESEARCH.NO/mani/Documents/CSSR/MultiObjectiveWorkflow/include/edit/drogon.trans line 381 
No NNC defined for connection (34,13,10) -> (34,14,22)

Warning: Problem with EDITNNC keyword
In /home/AD.NORCERESEARCH.NO/mani/Documents/CSSR/MultiObjectiveWorkflow/include/edit/drogon.trans line 381 
No NNC defined for connection (34,13,10) -> (35,13,23)

Warning: Problem with EDITNNC keyword
In /home/AD.NORCERESEARCH.NO/mani/Documents/CSSR/MultiObjectiveWorkflow/include/edit/drogon.trans line 381 
No NNC defined for connection (27,14,10) -> (26,14,12)

Warning: Problem with EDITNNC keyword
In /home/AD.NORCERESEARCH.NO/mani/Documents/CSSR/MultiObjectiveWorkflow/include/edit/drogon.trans line 381 
No NNC defined for connection (33,14,10) -> (34,14,20)

Warning: Problem with EDITNNC keyword
In /home/AD.NORCERESEARCH.NO/mani/Documents/CSSR/MultiObjectiveWorkflow/include/edit/drogon.trans line 381 
No NNC defined for connection (27,15,10) -> (26,15,16)

Warning: Problem with EDITNNC keyword
In /home/AD.NORCERESEARCH.NO/mani/Documents/CSSR/MultiObjectiveWorkflow/include/edit/drogon.trans line 381 
No NNC defined for connection (33,15,10) -> (34,15,20)

Warning: Problem with EDITNNC keyword
In /home/AD.NORCERESEARCH.NO/mani/Documents/CSSR/MultiObjectiveWorkflow/include/edit/drogon.trans line 381 
No NNC defined for connection (33,16,10) -> (34,16,19)

Warning: Problem with EDITNNC keyword
In /home/AD.NORCERESEARCH.NO/mani/Documents/CSSR/MultiObjectiveWorkflow/include/edit/drogon.trans line 381 
No NNC defined for connection (33,16,10) -> (33,17,19)

Warning: Problem with EDITNNC keyword
In /home/AD.NORCERESEARCH.NO/mani/Documents/CSSR/MultiObjectiveWorkflow/include/edit/drogon.trans line 381 
No NNC defined for connection (17,30,10) -> (17,29,20)

Warning: Problem with EDITNNC keyword
In /home/AD.NORCERESEARCH.NO/mani/Documents/CSSR/MultiObjectiveWorkflow/include/edit/drogon.trans line 381 
No NNC defined for connection (22,44,10) -> (23,44,13)

Warning: Problem with EDITNNC keyword
In /home/AD.NORCERESEARCH.NO/mani/Documents/CSSR/MultiObjectiveWorkflow/include/edit/drogon.trans line 381 
No NNC defined for connection (22,45,10) -> (23,45,13)

Warning: Problem with EDITNNC keyword
In /home/AD.NORCERESEARCH.NO/mani/Documents/CSSR/MultiObjectiveWorkflow/include/edit/drogon.trans line 381 
No NNC defined for connection (22,45,10) -> (23,45,17)

Warning: Problem with EDITNNC keyword
In /home/AD.NORCERESEARCH.NO/mani/Documents/CSSR/MultiObjectiveWorkflow/include/edit/drogon.trans line 381 
No NNC defined for connection (23,46,10) -> (23,45,13)

Warning: Problem with EDITNNC keyword
In /home/AD.NORCERESEARCH.NO/mani/Documents/CSSR/MultiObjectiveWorkflow/include/edit/drogon.trans line 381 
No NNC defined for connection (23,46,10) -> (23,45,17)

Warning: Problem with EDITNNC keyword
In /home/AD.NORCERESEARCH.NO/mani/Documents/CSSR/MultiObjectiveWorkflow/include/edit/drogon.trans line 381 
No NNC defined for connection (23,46,10) -> (24,46,17)

Warning: Problem with EDITNNC keyword
In /home/AD.NORCERESEARCH.NO/mani/Documents/CSSR/MultiObjectiveWorkflow/include/edit/drogon.trans line 381 
No NNC defined for connection (24,47,10) -> (25,47,16)

Warning: Problem with EDITNNC keyword
In /home/AD.NORCERESEARCH.NO/mani/Documents/CSSR/MultiObjectiveWorkflow/include/edit/drogon.trans line 381 
No NNC defined for connection (24,47,10) -> (24,46,17)

Warning: Problem with EDITNNC keyword
In /home/AD.NORCERESEARCH.NO/mani/Documents/CSSR/MultiObjectiveWorkflow/include/edit/drogon.trans line 381 
No NNC defined for connection (25,48,10) -> (25,47,16)

Warning: Problem with EDITNNC keyword
In /home/AD.NORCERESEARCH.NO/mani/Documents/CSSR/MultiObjectiveWorkflow/include/edit/drogon.trans line 381 
No NNC defined for connection (25,48,10) -> (26,48,16)

Warning: Problem with EDITNNC keyword
In /home/AD.NORCERESEARCH.NO/mani/Documents/CSSR/MultiObjectiveWorkflow/include/edit/drogon.trans line 381 
No NNC defined for connection (26,49,10) -> (26,48,16)

Warning: Problem with EDITNNC keyword
In /home/AD.NORCERESEARCH.NO/mani/Documents/CSSR/MultiObjectiveWorkflow/include/edit/drogon.trans line 381 
No NNC defined for connection (41,54,10) -> (41,53,11)

Warning: Problem with EDITNNC keyword
In /home/AD.NORCERESEARCH.NO/mani/Documents/CSSR/MultiObjectiveWorkflow/include/edit/drogon.trans line 381 
No NNC defined for connection (36,68,10) -> (37,68,11)

Warning: Problem with EDITNNC keyword
In /home/AD.NORCERESEARCH.NO/mani/Documents/CSSR/MultiObjectiveWorkflow/include/edit/drogon.trans line 381 
No NNC defined for connection (34,7,11) -> (33,7,13)

Warning: Problem with EDITNNC keyword
In /home/AD.NORCERESEARCH.NO/mani/Documents/CSSR/MultiObjectiveWorkflow/include/edit/drogon.trans line 381 
No NNC defined for connection (21,12,11) -> (22,12,19)

Warning: Problem with EDITNNC keyword
In /home/AD.NORCERESEARCH.NO/mani/Documents/CSSR/MultiObjectiveWorkflow/include/edit/drogon.trans line 381 
No NNC defined for connection (21,12,11) -> (22,12,20)

Warning: Problem with EDITNNC keyword
In /home/AD.NORCERESEARCH.NO/mani/Documents/CSSR/MultiObjectiveWorkflow/include/edit/drogon.trans line 381 
No NNC defined for connection (21,12,11) -> (22,12,21)

Warning: Problem with EDITNNC keyword
In /home/AD.NORCERESEARCH.NO/mani/Documents/CSSR/MultiObjectiveWorkflow/include/edit/drogon.trans line 381 
No NNC defined for connection (21,12,11) -> (22,12,27)

Warning: Problem with EDITNNC keyword
In /home/AD.NORCERESEARCH.NO/mani/Documents/CSSR/MultiObjectiveWorkflow/include/edit/drogon.trans line 381 
No NNC defined for connection (21,12,11) -> (22,12,28)

Warning: Problem with EDITNNC keyword
In /home/AD.NORCERESEARCH.NO/mani/Documents/CSSR/MultiObjectiveWorkflow/include/edit/drogon.trans line 381 
No NNC defined for connection (21,12,11) -> (22,12,29)

Warning: Problem with EDITNNC keyword
In /home/AD.NORCERESEARCH.NO/mani/Documents/CSSR/MultiObjectiveWorkflow/include/edit/drogon.trans line 381 
No NNC defined for connection (21,12,11) -> (21,13,29)

Warning: Problem with EDITNNC keyword
In /home/AD.NORCERESEARCH.NO/mani/Documents/CSSR/MultiObjectiveWorkflow/include/edit/drogon.trans line 381 
No NNC defined for connection (21,12,11) -> (22,12,30)

Warning: Problem with EDITNNC keyword
In /home/AD.NORCERESEARCH.NO/mani/Documents/CSSR/MultiObjectiveWorkflow/include/edit/drogon.trans line 381 
No NNC defined for connection (21,12,11) -> (21,13,30)

Warning: Problem with EDITNNC keyword
In /home/AD.NORCERESEARCH.NO/mani/Documents/CSSR/MultiObjectiveWorkflow/include/edit/drogon.trans line 381 
No NNC defined for connection (21,12,11) -> (21,13,31)

Warning: Problem with EDITNNC keyword
In /home/AD.NORCERESEARCH.NO/mani/Documents/CSSR/MultiObjectiveWorkflow/include/edit/drogon.trans line 381 
No NNC defined for connection (34,13,11) -> (34,14,20)

Warning: Problem with EDITNNC keyword
In /home/AD.NORCERESEARCH.NO/mani/Documents/CSSR/MultiObjectiveWorkflow/include/edit/drogon.trans line 381 
No NNC defined for connection (34,13,11) -> (34,14,21)

Warning: Problem with EDITNNC keyword
In /home/AD.NORCERESEARCH.NO/mani/Documents/CSSR/MultiObjectiveWorkflow/include/edit/drogon.trans line 381 
No NNC defined for connection (34,13,11) -> (34,14,22)

Warning: Problem with EDITNNC keyword
In /home/AD.NORCERESEARCH.NO/mani/Documents/CSSR/MultiObjectiveWorkflow/include/edit/drogon.trans line 381 
No NNC defined for connection (34,13,11) -> (35,13,23)

Warning: Problem with EDITNNC keyword
In /home/AD.NORCERESEARCH.NO/mani/Documents/CSSR/MultiObjectiveWorkflow/include/edit/drogon.trans line 381 
No NNC defined for connection (27,14,11) -> (26,14,12)

Warning: Problem with EDITNNC keyword
In /home/AD.NORCERESEARCH.NO/mani/Documents/CSSR/MultiObjectiveWorkflow/include/edit/drogon.trans line 381 
No NNC defined for connection (27,14,11) -> (26,14,16)

Warning: Problem with EDITNNC keyword
In /home/AD.NORCERESEARCH.NO/mani/Documents/CSSR/MultiObjectiveWorkflow/include/edit/drogon.trans line 381 
No NNC defined for connection (33,14,11) -> (34,14,20)

Warning: Problem with EDITNNC keyword
In /home/AD.NORCERESEARCH.NO/mani/Documents/CSSR/MultiObjectiveWorkflow/include/edit/drogon.trans line 381 
No NNC defined for connection (33,14,11) -> (34,14,21)

Warning: Problem with EDITNNC keyword
In /home/AD.NORCERESEARCH.NO/mani/Documents/CSSR/MultiObjectiveWorkflow/include/edit/drogon.trans line 381 
No NNC defined for connection (27,15,11) -> (26,15,16)

Warning: Problem with EDITNNC keyword
In /home/AD.NORCERESEARCH.NO/mani/Documents/CSSR/MultiObjectiveWorkflow/include/edit/drogon.trans line 381 
No NNC defined for connection (33,15,11) -> (34,15,20)

Warning: Problem with EDITNNC keyword
In /home/AD.NORCERESEARCH.NO/mani/Documents/CSSR/MultiObjectiveWorkflow/include/edit/drogon.trans line 381 
No NNC defined for connection (33,16,11) -> (33,17,19)

Warning: Problem with EDITNNC keyword
In /home/AD.NORCERESEARCH.NO/mani/Documents/CSSR/MultiObjectiveWorkflow/include/edit/drogon.trans line 381 
No NNC defined for connection (17,30,11) -> (17,29,20)

Warning: Problem with EDITNNC keyword
In /home/AD.NORCERESEARCH.NO/mani/Documents/CSSR/MultiObjectiveWorkflow/include/edit/drogon.trans line 381 
No NNC defined for connection (22,44,11) -> (23,44,13)

Warning: Problem with EDITNNC keyword
In /home/AD.NORCERESEARCH.NO/mani/Documents/CSSR/MultiObjectiveWorkflow/include/edit/drogon.trans line 381 
No NNC defined for connection (22,45,11) -> (23,45,13)

Warning: Problem with EDITNNC keyword
In /home/AD.NORCERESEARCH.NO/mani/Documents/CSSR/MultiObjectiveWorkflow/include/edit/drogon.trans line 381 
No NNC defined for connection (22,45,11) -> (23,45,17)

Warning: Problem with EDITNNC keyword
In /home/AD.NORCERESEARCH.NO/mani/Documents/CSSR/MultiObjectiveWorkflow/include/edit/drogon.trans line 381 
No NNC defined for connection (28,45,11) -> (28,44,29)

Warning: Problem with EDITNNC keyword
In /home/AD.NORCERESEARCH.NO/mani/Documents/CSSR/MultiObjectiveWorkflow/include/edit/drogon.trans line 381 
No NNC defined for connection (28,45,11) -> (29,45,29)

Warning: Problem with EDITNNC keyword
In /home/AD.NORCERESEARCH.NO/mani/Documents/CSSR/MultiObjectiveWorkflow/include/edit/drogon.trans line 381 
No NNC defined for connection (28,45,11) -> (28,44,30)

Warning: Problem with EDITNNC keyword
In /home/AD.NORCERESEARCH.NO/mani/Documents/CSSR/MultiObjectiveWorkflow/include/edit/drogon.trans line 381 
No NNC defined for connection (28,45,11) -> (29,45,30)

Warning: Problem with EDITNNC keyword
In /home/AD.NORCERESEARCH.NO/mani/Documents/CSSR/MultiObjectiveWorkflow/include/edit/drogon.trans line 381 
No NNC defined for connection (23,46,11) -> (23,45,17)

Warning: Problem with EDITNNC keyword
In /home/AD.NORCERESEARCH.NO/mani/Documents/CSSR/MultiObjectiveWorkflow/include/edit/drogon.trans line 381 
No NNC defined for connection (23,46,11) -> (24,46,17)

Warning: Problem with EDITNNC keyword
In /home/AD.NORCERESEARCH.NO/mani/Documents/CSSR/MultiObjectiveWorkflow/include/edit/drogon.trans line 381 
No NNC defined for connection (24,47,11) -> (25,47,16)

Warning: Problem with EDITNNC keyword
In /home/AD.NORCERESEARCH.NO/mani/Documents/CSSR/MultiObjectiveWorkflow/include/edit/drogon.trans line 381 
No NNC defined for connection (24,47,11) -> (24,46,17)

Warning: Problem with EDITNNC keyword
In /home/AD.NORCERESEARCH.NO/mani/Documents/CSSR/MultiObjectiveWorkflow/include/edit/drogon.trans line 381 
No NNC defined for connection (25,48,11) -> (25,47,16)

Warning: Problem with EDITNNC keyword
In /home/AD.NORCERESEARCH.NO/mani/Documents/CSSR/MultiObjectiveWorkflow/include/edit/drogon.trans line 381 
No NNC defined for connection (25,48,11) -> (26,48,16)

Warning: Problem with EDITNNC keyword
In /home/AD.NORCERESEARCH.NO/mani/Documents/CSSR/MultiObjectiveWorkflow/include/edit/drogon.trans line 381 
No NNC defined for connection (39,52,11) -> (40,52,30)

Warning: Problem with EDITNNC keyword
In /home/AD.NORCERESEARCH.NO/mani/Documents/CSSR/MultiObjectiveWorkflow/include/edit/drogon.trans line 381 
No NNC defined for connection (39,52,11) -> (39,51,31)

Warning: Problem with EDITNNC keyword
In /home/AD.NORCERESEARCH.NO/mani/Documents/CSSR/MultiObjectiveWorkflow/include/edit/drogon.trans line 381 
No NNC defined for connection (39,52,11) -> (40,52,31)

Warning: Problem with EDITNNC keyword
In /home/AD.NORCERESEARCH.NO/mani/Documents/CSSR/MultiObjectiveWorkflow/include/edit/drogon.trans line 381 
No NNC defined for connection (40,53,11) -> (41,53,28)

Warning: Problem with EDITNNC keyword
In /home/AD.NORCERESEARCH.NO/mani/Documents/CSSR/MultiObjectiveWorkflow/include/edit/drogon.trans line 381 
No NNC defined for connection (40,53,11) -> (40,52,29)

Warning: Problem with EDITNNC keyword
In /home/AD.NORCERESEARCH.NO/mani/Documents/CSSR/MultiObjectiveWorkflow/include/edit/drogon.trans line 381 
No NNC defined for connection (40,53,11) -> (41,53,29)

Warning: Problem with EDITNNC keyword
In /home/AD.NORCERESEARCH.NO/mani/Documents/CSSR/MultiObjectiveWorkflow/include/edit/drogon.trans line 381 
No NNC defined for connection (40,53,11) -> (40,52,30)

Warning: Problem with EDITNNC keyword
In /home/AD.NORCERESEARCH.NO/mani/Documents/CSSR/MultiObjectiveWorkflow/include/edit/drogon.trans line 381 
No NNC defined for connection (34,5,12) -> (33,5,13)

Warning: Problem with EDITNNC keyword
In /home/AD.NORCERESEARCH.NO/mani/Documents/CSSR/MultiObjectiveWorkflow/include/edit/drogon.trans line 381 
No NNC defined for connection (34,13,12) -> (34,14,21)

Warning: Problem with EDITNNC keyword
In /home/AD.NORCERESEARCH.NO/mani/Documents/CSSR/MultiObjectiveWorkflow/include/edit/drogon.trans line 381 
No NNC defined for connection (34,13,12) -> (34,14,22)

Warning: Problem with EDITNNC keyword
In /home/AD.NORCERESEARCH.NO/mani/Documents/CSSR/MultiObjectiveWorkflow/include/edit/drogon.trans line 381 
No NNC defined for connection (27,14,12) -> (26,14,16)

Warning: Problem with EDITNNC keyword
In /home/AD.NORCERESEARCH.NO/mani/Documents/CSSR/MultiObjectiveWorkflow/include/edit/drogon.trans line 381 
No NNC defined for connection (33,14,12) -> (34,14,21)

Warning: Problem with EDITNNC keyword
In /home/AD.NORCERESEARCH.NO/mani/Documents/CSSR/MultiObjectiveWorkflow/include/edit/drogon.trans line 381 
No NNC defined for connection (27,15,12) -> (26,15,16)

Warning: Problem with EDITNNC keyword
In /home/AD.NORCERESEARCH.NO/mani/Documents/CSSR/MultiObjectiveWorkflow/include/edit/drogon.trans line 381 
No NNC defined for connection (33,16,12) -> (33,17,19)

Warning: Problem with EDITNNC keyword
In /home/AD.NORCERESEARCH.NO/mani/Documents/CSSR/MultiObjectiveWorkflow/include/edit/drogon.trans line 381 
No NNC defined for connection (30,19,12) -> (31,19,18)

Warning: Problem with EDITNNC keyword
In /home/AD.NORCERESEARCH.NO/mani/Documents/CSSR/MultiObjectiveWorkflow/include/edit/drogon.trans line 381 
No NNC defined for connection (30,19,12) -> (31,19,19)

Warning: Problem with EDITNNC keyword
In /home/AD.NORCERESEARCH.NO/mani/Documents/CSSR/MultiObjectiveWorkflow/include/edit/drogon.trans line 381 
No NNC defined for connection (30,19,12) -> (31,19,27)

Warning: Problem with EDITNNC keyword
In /home/AD.NORCERESEARCH.NO/mani/Documents/CSSR/MultiObjectiveWorkflow/include/edit/drogon.trans line 381 
No NNC defined for connection (28,22,12) -> (29,22,31)

Warning: Problem with EDITNNC keyword
In /home/AD.NORCERESEARCH.NO/mani/Documents/CSSR/MultiObjectiveWorkflow/include/edit/drogon.trans line 381 
No NNC defined for connection (22,44,12) -> (23,44,13)

Warning: Problem with EDITNNC keyword
In /home/AD.NORCERESEARCH.NO/mani/Documents/CSSR/MultiObjectiveWorkflow/include/edit/drogon.trans line 381 
No NNC defined for connection (22,45,12) -> (23,45,17)

Warning: Problem with EDITNNC keyword
In /home/AD.NORCERESEARCH.NO/mani/Documents/CSSR/MultiObjectiveWorkflow/include/edit/drogon.trans line 381 
No NNC defined for connection (23,46,12) -> (23,45,17)

Warning: Problem with EDITNNC keyword
In /home/AD.NORCERESEARCH.NO/mani/Documents/CSSR/MultiObjectiveWorkflow/include/edit/drogon.trans line 381 
No NNC defined for connection (23,46,12) -> (24,46,17)

Warning: Problem with EDITNNC keyword
In /home/AD.NORCERESEARCH.NO/mani/Documents/CSSR/MultiObjectiveWorkflow/include/edit/drogon.trans line 381 
No NNC defined for connection (24,47,12) -> (25,47,16)

Warning: Problem with EDITNNC keyword
In /home/AD.NORCERESEARCH.NO/mani/Documents/CSSR/MultiObjectiveWorkflow/include/edit/drogon.trans line 381 
No NNC defined for connection (24,47,12) -> (24,46,17)

Warning: Problem with EDITNNC keyword
In /home/AD.NORCERESEARCH.NO/mani/Documents/CSSR/MultiObjectiveWorkflow/include/edit/drogon.trans line 381 
No NNC defined for connection (25,48,12) -> (25,47,16)

Warning: Problem with EDITNNC keyword
In /home/AD.NORCERESEARCH.NO/mani/Documents/CSSR/MultiObjectiveWorkflow/include/edit/drogon.trans line 381 
No NNC defined for connection (25,48,12) -> (26,48,16)

Warning: Problem with EDITNNC keyword
In /home/AD.NORCERESEARCH.NO/mani/Documents/CSSR/MultiObjectiveWorkflow/include/edit/drogon.trans line 381 
No NNC defined for connection (34,5,13) -> (33,5,14)

Warning: Problem with EDITNNC keyword
In /home/AD.NORCERESEARCH.NO/mani/Documents/CSSR/MultiObjectiveWorkflow/include/edit/drogon.trans line 381 
No NNC defined for connection (34,6,13) -> (33,6,14)

Warning: Problem with EDITNNC keyword
In /home/AD.NORCERESEARCH.NO/mani/Documents/CSSR/MultiObjectiveWorkflow/include/edit/drogon.trans line 381 
No NNC defined for connection (34,6,13) -> (33,6,15)

Warning: Problem with EDITNNC keyword
In /home/AD.NORCERESEARCH.NO/mani/Documents/CSSR/MultiObjectiveWorkflow/include/edit/drogon.trans line 381 
No NNC defined for connection (34,6,13) -> (33,6,16)

Warning: Problem with EDITNNC keyword
In /home/AD.NORCERESEARCH.NO/mani/Documents/CSSR/MultiObjectiveWorkflow/include/edit/drogon.trans line 381 
No NNC defined for connection (34,7,13) -> (33,7,15)

Warning: Problem with EDITNNC keyword
In /home/AD.NORCERESEARCH.NO/mani/Documents/CSSR/MultiObjectiveWorkflow/include/edit/drogon.trans line 381 
No NNC defined for connection (34,7,13) -> (33,7,16)

Warning: Problem with EDITNNC keyword
In /home/AD.NORCERESEARCH.NO/mani/Documents/CSSR/MultiObjectiveWorkflow/include/edit/drogon.trans line 381 
No NNC defined for connection (34,7,13) -> (33,7,17)

Warning: Problem with EDITNNC keyword
In /home/AD.NORCERESEARCH.NO/mani/Documents/CSSR/MultiObjectiveWorkflow/include/edit/drogon.trans line 381 
No NNC defined for connection (34,7,13) -> (33,7,18)

Warning: Problem with EDITNNC keyword
In /home/AD.NORCERESEARCH.NO/mani/Documents/CSSR/MultiObjectiveWorkflow/include/edit/drogon.trans line 381 
No NNC defined for connection (34,7,13) -> (33,7,19)

Warning: Problem with EDITNNC keyword
In /home/AD.NORCERESEARCH.NO/mani/Documents/CSSR/MultiObjectiveWorkflow/include/edit/drogon.trans line 381 
No NNC defined for connection (34,7,13) -> (33,7,27)

Warning: Problem with EDITNNC keyword
In /home/AD.NORCERESEARCH.NO/mani/Documents/CSSR/MultiObjectiveWorkflow/include/edit/drogon.trans line 381 
No NNC defined for connection (34,7,13) -> (33,7,28)

Warning: Problem with EDITNNC keyword
In /home/AD.NORCERESEARCH.NO/mani/Documents/CSSR/MultiObjectiveWorkflow/include/edit/drogon.trans line 381 
No NNC defined for connection (34,7,13) -> (33,7,29)

Warning: Problem with EDITNNC keyword
In /home/AD.NORCERESEARCH.NO/mani/Documents/CSSR/MultiObjectiveWorkflow/include/edit/drogon.trans line 381 
No NNC defined for connection (34,7,13) -> (33,7,30)

Warning: Problem with EDITNNC keyword
In /home/AD.NORCERESEARCH.NO/mani/Documents/CSSR/MultiObjectiveWorkflow/include/edit/drogon.trans line 381 
No NNC defined for connection (34,7,13) -> (33,7,31)

Warning: Problem with EDITNNC keyword
In /home/AD.NORCERESEARCH.NO/mani/Documents/CSSR/MultiObjectiveWorkflow/include/edit/drogon.trans line 381 
No NNC defined for connection (34,8,13) -> (33,8,31)

Warning: Problem with EDITNNC keyword
In /home/AD.NORCERESEARCH.NO/mani/Documents/CSSR/MultiObjectiveWorkflow/include/edit/drogon.trans line 381 
No NNC defined for connection (27,14,13) -> (26,14,16)

Warning: Problem with EDITNNC keyword
In /home/AD.NORCERESEARCH.NO/mani/Documents/CSSR/MultiObjectiveWorkflow/include/edit/drogon.trans line 381 
No NNC defined for connection (33,16,13) -> (33,17,19)

Warning: Problem with EDITNNC keyword
In /home/AD.NORCERESEARCH.NO/mani/Documents/CSSR/MultiObjectiveWorkflow/include/edit/drogon.trans line 381 
No NNC defined for connection (32,17,13) -> (33,17,19)

Warning: Problem with EDITNNC keyword
In /home/AD.NORCERESEARCH.NO/mani/Documents/CSSR/MultiObjectiveWorkflow/include/edit/drogon.trans line 381 
No NNC defined for connection (32,17,13) -> (32,18,19)

Warning: Problem with EDITNNC keyword
In /home/AD.NORCERESEARCH.NO/mani/Documents/CSSR/MultiObjectiveWorkflow/include/edit/drogon.trans line 381 
No NNC defined for connection (27,43,13) -> (28,43,31)

Warning: Problem with EDITNNC keyword
In /home/AD.NORCERESEARCH.NO/mani/Documents/CSSR/MultiObjectiveWorkflow/include/edit/drogon.trans line 381 
No NNC defined for connection (27,44,13) -> (28,44,30)

Warning: Problem with EDITNNC keyword
In /home/AD.NORCERESEARCH.NO/mani/Documents/CSSR/MultiObjectiveWorkflow/include/edit/drogon.trans line 381 
No NNC defined for connection (27,44,13) -> (28,44,31)

Warning: Problem with EDITNNC keyword
In /home/AD.NORCERESEARCH.NO/mani/Documents/CSSR/MultiObjectiveWorkflow/include/edit/drogon.trans line 381 
No NNC defined for connection (22,45,13) -> (23,45,17)

Warning: Problem with EDITNNC keyword
In /home/AD.NORCERESEARCH.NO/mani/Documents/CSSR/MultiObjectiveWorkflow/include/edit/drogon.trans line 381 
No NNC defined for connection (23,46,13) -> (23,45,17)

Warning: Problem with EDITNNC keyword
In /home/AD.NORCERESEARCH.NO/mani/Documents/CSSR/MultiObjectiveWorkflow/include/edit/drogon.trans line 381 
No NNC defined for connection (23,46,13) -> (24,46,17)

Warning: Problem with EDITNNC keyword
In /home/AD.NORCERESEARCH.NO/mani/Documents/CSSR/MultiObjectiveWorkflow/include/edit/drogon.trans line 381 
No NNC defined for connection (24,47,13) -> (25,47,16)

Warning: Problem with EDITNNC keyword
In /home/AD.NORCERESEARCH.NO/mani/Documents/CSSR/MultiObjectiveWorkflow/include/edit/drogon.trans line 381 
No NNC defined for connection (24,47,13) -> (24,46,17)

Warning: Problem with EDITNNC keyword
In /home/AD.NORCERESEARCH.NO/mani/Documents/CSSR/MultiObjectiveWorkflow/include/edit/drogon.trans line 381 
No NNC defined for connection (27,14,14) -> (26,14,16)

Warning: Problem with EDITNNC keyword
In /home/AD.NORCERESEARCH.NO/mani/Documents/CSSR/MultiObjectiveWorkflow/include/edit/drogon.trans line 381 
No NNC defined for connection (32,17,14) -> (32,18,19)

Warning: Problem with EDITNNC keyword
In /home/AD.NORCERESEARCH.NO/mani/Documents/CSSR/MultiObjectiveWorkflow/include/edit/drogon.trans line 381 
No NNC defined for connection (31,18,14) -> (32,18,19)

Warning: Problem with EDITNNC keyword
In /home/AD.NORCERESEARCH.NO/mani/Documents/CSSR/MultiObjectiveWorkflow/include/edit/drogon.trans line 381 
No NNC defined for connection (22,44,14) -> (23,44,17)

Warning: Problem with EDITNNC keyword
In /home/AD.NORCERESEARCH.NO/mani/Documents/CSSR/MultiObjectiveWorkflow/include/edit/drogon.trans line 381 
No NNC defined for connection (22,45,14) -> (23,45,17)

Warning: Problem with EDITNNC keyword
In /home/AD.NORCERESEARCH.NO/mani/Documents/CSSR/MultiObjectiveWorkflow/include/edit/drogon.trans line 381 
No NNC defined for connection (23,46,14) -> (23,45,17)

Warning: Problem with EDITNNC keyword
In /home/AD.NORCERESEARCH.NO/mani/Documents/CSSR/MultiObjectiveWorkflow/include/edit/drogon.trans line 381 
No NNC defined for connection (23,46,14) -> (24,46,17)

Warning: Problem with EDITNNC keyword
In /home/AD.NORCERESEARCH.NO/mani/Documents/CSSR/MultiObjectiveWorkflow/include/edit/drogon.trans line 381 
No NNC defined for connection (27,14,15) -> (26,14,16)

Warning: Problem with EDITNNC keyword
In /home/AD.NORCERESEARCH.NO/mani/Documents/CSSR/MultiObjectiveWorkflow/include/edit/drogon.trans line 381 
No NNC defined for connection (22,44,15) -> (23,44,17)

Warning: Problem with EDITNNC keyword
In /home/AD.NORCERESEARCH.NO/mani/Documents/CSSR/MultiObjectiveWorkflow/include/edit/drogon.trans line 381 
No NNC defined for connection (22,45,15) -> (23,45,17)

Warning: Problem with EDITNNC keyword
In /home/AD.NORCERESEARCH.NO/mani/Documents/CSSR/MultiObjectiveWorkflow/include/edit/drogon.trans line 381 
No NNC defined for connection (27,14,16) -> (26,14,17)

Warning: Problem with EDITNNC keyword
In /home/AD.NORCERESEARCH.NO/mani/Documents/CSSR/MultiObjectiveWorkflow/include/edit/drogon.trans line 381 
No NNC defined for connection (27,14,16) -> (26,14,18)

Warning: Problem with EDITNNC keyword
In /home/AD.NORCERESEARCH.NO/mani/Documents/CSSR/MultiObjectiveWorkflow/include/edit/drogon.trans line 381 
No NNC defined for connection (27,14,16) -> (26,14,19)

Warning: Problem with EDITNNC keyword
In /home/AD.NORCERESEARCH.NO/mani/Documents/CSSR/MultiObjectiveWorkflow/include/edit/drogon.trans line 381 
No NNC defined for connection (27,14,16) -> (26,14,27)

Warning: Problem with EDITNNC keyword
In /home/AD.NORCERESEARCH.NO/mani/Documents/CSSR/MultiObjectiveWorkflow/include/edit/drogon.trans line 381 
No NNC defined for connection (27,14,16) -> (26,14,28)

Warning: Problem with EDITNNC keyword
In /home/AD.NORCERESEARCH.NO/mani/Documents/CSSR/MultiObjectiveWorkflow/include/edit/drogon.trans line 381 
No NNC defined for connection (27,14,16) -> (26,14,29)

Warning: Problem with EDITNNC keyword
In /home/AD.NORCERESEARCH.NO/mani/Documents/CSSR/MultiObjectiveWorkflow/include/edit/drogon.trans line 381 
No NNC defined for connection (27,15,16) -> (26,15,28)

Warning: Problem with EDITNNC keyword
In /home/AD.NORCERESEARCH.NO/mani/Documents/CSSR/MultiObjectiveWorkflow/include/edit/drogon.trans line 381 
No NNC defined for connection (27,15,16) -> (26,15,29)

Warning: Problem with EDITNNC keyword
In /home/AD.NORCERESEARCH.NO/mani/Documents/CSSR/MultiObjectiveWorkflow/include/edit/drogon.trans line 381 
No NNC defined for connection (27,15,16) -> (26,15,30)

Warning: Problem with EDITNNC keyword
In /home/AD.NORCERESEARCH.NO/mani/Documents/CSSR/MultiObjectiveWorkflow/include/edit/drogon.trans line 381 
No NNC defined for connection (27,15,16) -> (26,15,31)

Warning: Problem with EDITNNC keyword
In /home/AD.NORCERESEARCH.NO/mani/Documents/CSSR/MultiObjectiveWorkflow/include/edit/drogon.trans line 381 
No NNC defined for connection (22,44,16) -> (23,44,17)

Warning: Problem with EDITNNC keyword
In /home/AD.NORCERESEARCH.NO/mani/Documents/CSSR/MultiObjectiveWorkflow/include/edit/drogon.trans line 381 
No NNC defined for connection (27,44,16) -> (28,44,31)

Warning: Problem with EDITNNC keyword
In /home/AD.NORCERESEARCH.NO/mani/Documents/CSSR/MultiObjectiveWorkflow/include/edit/drogon.trans line 381 
No NNC defined for connection (25,48,16) -> (25,47,28)

Warning: Problem with EDITNNC keyword
In /home/AD.NORCERESEARCH.NO/mani/Documents/CSSR/MultiObjectiveWorkflow/include/edit/drogon.trans line 381 
No NNC defined for connection (25,48,16) -> (26,48,28)

Warning: Problem with EDITNNC keyword
In /home/AD.NORCERESEARCH.NO/mani/Documents/CSSR/MultiObjectiveWorkflow/include/edit/drogon.trans line 381 
No NNC defined for connection (25,48,16) -> (25,47,29)

Warning: Problem with EDITNNC keyword
In /home/AD.NORCERESEARCH.NO/mani/Documents/CSSR/MultiObjectiveWorkflow/include/edit/drogon.trans line 381 
No NNC defined for connection (25,48,16) -> (26,48,29)

Warning: Problem with EDITNNC keyword
In /home/AD.NORCERESEARCH.NO/mani/Documents/CSSR/MultiObjectiveWorkflow/include/edit/drogon.trans line 381 
No NNC defined for connection (25,48,16) -> (25,47,30)

Warning: Problem with EDITNNC keyword
In /home/AD.NORCERESEARCH.NO/mani/Documents/CSSR/MultiObjectiveWorkflow/include/edit/drogon.trans line 381 
No NNC defined for connection (25,48,16) -> (26,48,30)

Warning: Problem with EDITNNC keyword
In /home/AD.NORCERESEARCH.NO/mani/Documents/CSSR/MultiObjectiveWorkflow/include/edit/drogon.trans line 381 
No NNC defined for connection (31,18,17) -> (32,18,30)

Warning: Problem with EDITNNC keyword
In /home/AD.NORCERESEARCH.NO/mani/Documents/CSSR/MultiObjectiveWorkflow/include/edit/drogon.trans line 381 
No NNC defined for connection (31,18,17) -> (32,18,31)

Warning: Problem with EDITNNC keyword
In /home/AD.NORCERESEARCH.NO/mani/Documents/CSSR/MultiObjectiveWorkflow/include/edit/drogon.trans line 381 
No NNC defined for connection (31,18,17) -> (31,19,31)

Warning: Problem with EDITNNC keyword
In /home/AD.NORCERESEARCH.NO/mani/Documents/CSSR/MultiObjectiveWorkflow/include/edit/drogon.trans line 381 
No NNC defined for connection (16,32,17) -> (15,32,19)

Warning: Problem with EDITNNC keyword
In /home/AD.NORCERESEARCH.NO/mani/Documents/CSSR/MultiObjectiveWorkflow/include/edit/drogon.trans line 381 
No NNC defined for connection (22,44,17) -> (22,43,18)

Warning: Problem with EDITNNC keyword
In /home/AD.NORCERESEARCH.NO/mani/Documents/CSSR/MultiObjectiveWorkflow/include/edit/drogon.trans line 381 
No NNC defined for connection (23,46,17) -> (23,45,28)

Warning: Problem with EDITNNC keyword
In /home/AD.NORCERESEARCH.NO/mani/Documents/CSSR/MultiObjectiveWorkflow/include/edit/drogon.trans line 381 
No NNC defined for connection (23,46,17) -> (24,46,28)

Warning: Problem with EDITNNC keyword
In /home/AD.NORCERESEARCH.NO/mani/Documents/CSSR/MultiObjectiveWorkflow/include/edit/drogon.trans line 381 
No NNC defined for connection (23,46,17) -> (23,45,29)

Warning: Problem with EDITNNC keyword
In /home/AD.NORCERESEARCH.NO/mani/Documents/CSSR/MultiObjectiveWorkflow/include/edit/drogon.trans line 381 
No NNC defined for connection (23,46,17) -> (24,46,29)

Warning: Problem with EDITNNC keyword
In /home/AD.NORCERESEARCH.NO/mani/Documents/CSSR/MultiObjectiveWorkflow/include/edit/drogon.trans line 381 
No NNC defined for connection (23,46,17) -> (23,45,30)

Warning: Problem with EDITNNC keyword
In /home/AD.NORCERESEARCH.NO/mani/Documents/CSSR/MultiObjectiveWorkflow/include/edit/drogon.trans line 381 
No NNC defined for connection (23,46,17) -> (24,46,30)

Warning: Problem with EDITNNC keyword
In /home/AD.NORCERESEARCH.NO/mani/Documents/CSSR/MultiObjectiveWorkflow/include/edit/drogon.trans line 381 
No NNC defined for connection (23,46,17) -> (23,45,31)

Warning: Problem with EDITNNC keyword
In /home/AD.NORCERESEARCH.NO/mani/Documents/CSSR/MultiObjectiveWorkflow/include/edit/drogon.trans line 381 
No NNC defined for connection (24,47,17) -> (24,46,28)

Warning: Problem with EDITNNC keyword
In /home/AD.NORCERESEARCH.NO/mani/Documents/CSSR/MultiObjectiveWorkflow/include/edit/drogon.trans line 381 
No NNC defined for connection (24,47,17) -> (24,46,29)

Warning: Problem with EDITNNC keyword
In /home/AD.NORCERESEARCH.NO/mani/Documents/CSSR/MultiObjectiveWorkflow/include/edit/drogon.trans line 381 
No NNC defined for connection (24,47,17) -> (24,46,30)

Warning: Problem with EDITNNC keyword
In /home/AD.NORCERESEARCH.NO/mani/Documents/CSSR/MultiObjectiveWorkflow/include/edit/drogon.trans line 381 
No NNC defined for connection (17,30,18) -> (16,30,30)

Warning: Problem with EDITNNC keyword
In /home/AD.NORCERESEARCH.NO/mani/Documents/CSSR/MultiObjectiveWorkflow/include/edit/drogon.trans line 381 
No NNC defined for connection (17,30,18) -> (16,30,31)

Warning: Problem with EDITNNC keyword
In /home/AD.NORCERESEARCH.NO/mani/Documents/CSSR/MultiObjectiveWorkflow/include/edit/drogon.trans line 381 
No NNC defined for connection (16,32,18) -> (15,32,19)

Warning: Problem with EDITNNC keyword
In /home/AD.NORCERESEARCH.NO/mani/Documents/CSSR/MultiObjectiveWorkflow/include/edit/drogon.trans line 381 
No NNC defined for connection (15,33,18) -> (15,32,19)

Warning: Problem with EDITNNC keyword
In /home/AD.NORCERESEARCH.NO/mani/Documents/CSSR/MultiObjectiveWorkflow/include/edit/drogon.trans line 381 
No NNC defined for connection (22,44,18) -> (22,43,27)

Warning: Problem with EDITNNC keyword
In /home/AD.NORCERESEARCH.NO/mani/Documents/CSSR/MultiObjectiveWorkflow/include/edit/drogon.trans line 381 
No NNC defined for connection (17,31,19) -> (16,31,30)

Warning: Problem with EDITNNC keyword
In /home/AD.NORCERESEARCH.NO/mani/Documents/CSSR/MultiObjectiveWorkflow/include/edit/drogon.trans line 381 
No NNC defined for connection (17,31,19) -> (16,31,31)

Warning: Problem with EDITNNC keyword
In /home/AD.NORCERESEARCH.NO/mani/Documents/CSSR/MultiObjectiveWorkflow/include/edit/drogon.trans line 381 
No NNC defined for connection (16,32,19) -> (16,31,28)

Warning: Problem with EDITNNC keyword
In /home/AD.NORCERESEARCH.NO/mani/Documents/CSSR/MultiObjectiveWorkflow/include/edit/drogon.trans line 381 
No NNC defined for connection (16,32,19) -> (16,31,29)

Warning: Problem with EDITNNC keyword
In /home/AD.NORCERESEARCH.NO/mani/Documents/CSSR/MultiObjectiveWorkflow/include/edit/drogon.trans line 381 
No NNC defined for connection (16,32,19) -> (16,31,30)

Warning: Problems with EDITNNC keyword
A total of 319 connections not defined in grid

LIST OF ALL NON-ZERO THRESHOLD PRESSURES
----------------------------------------

    FLOW FROM REGION             TO REGION                     THRESHOLD PRESSURE
    ----------------             ---------                     ------------------
         1                            2                          0.1369048       BARSA
         1                            3                        1.21519e-09       BARSA
         1                            4                           1.108852       BARSA
         1                            5                                  0       BARSA
         1                            6                                  0       BARSA
         1                            7                                  0       BARSA
         2                            3                        4.562736e-10       BARSA
         2                            4                                  0       BARSA
         2                            5                        2.182908e-09       BARSA
         2                            6                        4.000813e-09       BARSA
         2                            7                                  0       BARSA
         3                            4                          0.4848469       BARSA
         3                            5                                  0       BARSA
         3                            6                        9.422749e-10       BARSA
         3                            7                        7.363968e-09       BARSA
         4                            5                                  0       BARSA
         4                            6                                  0       BARSA
         4                            7                                  0       BARSA
         5                            6                        2.531745e-09       BARSA
         5                            7                                  0       BARSA
         6                            7                          0.4702933       BARSA
    ----------------             ---------                     ------------------


                              **************************************************************************
  BALANCE  AT         0  DAYS *Drogon synthetic reservoir model                                          *
  REPORT    0    01 Jan 2018  *                                             Flow  version     2025.04  *
                              **************************************************************************


                                                    ==================================================
                                                    :                  FIELD TOTALS                  :
                                                    :        PAV  =           301  BARSA             :
                                                    :        PORV =     529109719  RM3               :
                                                    : Pressure is weighted by hydrocarbon pore volume:
                                                    : Pore volumes are taken at reference conditions :
                          :--------------- OIL  SM3 ------------------:-- WAT    SM3 --:--------------  GAS     SM3 ---------------:
                          :    LIQUID         VAPOUR        TOTAL     :     TOTAL      :     FREE        DISSOLVED       TOTAL     :
:-------------------------:-------------------------------------------:----------------:-------------------------------------------:
:CURRENTLY IN PLACE       :   45035726        222781       45258507   :   443798839    :  1448203509     6415034698    7863238208  :
:-------------------------:-------------------------------------------:----------------:-------------------------------------------:
:ORIGINALLY IN PLACE      :   45035726        222781       45258507   :   443798839    :  1448203509     6415034698    7863238208  :
====================================================================================================================================



                                                    ==================================================
                                                    :              FIPNUM REPORT REGION  1           :
                                                    :        PAV  =           300  BARSA             :
                                                    :        PORV =      89830759  RM3               :
                          :--------------- OIL  SM3 ------------------:-- WAT    SM3 --:--------------  GAS     SM3 ---------------:
                          :    LIQUID         VAPOUR        TOTAL     :     TOTAL      :     FREE        DISSOLVED       TOTAL     :
:-------------------------:-------------------------------------------:----------------:-------------------------------------------:
:CURRENTLY IN PLACE       :    548811           0           548811    :    86241142    :       0          77283633      77283633   :
:-------------------------:-------------------------------------------:----------------:-------------------------------------------:
:ORIGINALLY IN PLACE      :    548811           0           548811    :    86241142    :       0          77283633      77283633   :
:-------------------------:-------------------------------------------:----------------:-------------------------------------------:
====================================================================================================================================



                                                    ==================================================
                                                    :              FIPNUM REPORT REGION  2           :
                                                    :        PAV  =           302  BARSA             :
                                                    :        PORV =      20515829  RM3               :
                          :--------------- OIL  SM3 ------------------:-- WAT    SM3 --:--------------  GAS     SM3 ---------------:
                          :    LIQUID         VAPOUR        TOTAL     :     TOTAL      :     FREE        DISSOLVED       TOTAL     :
:-------------------------:-------------------------------------------:----------------:-------------------------------------------:
:CURRENTLY IN PLACE       :    6393289          0          6393289    :    11002241    :       0         900302940     900302940   :
:-------------------------:-------------------------------------------:----------------:-------------------------------------------:
:ORIGINALLY IN PLACE      :    6393289          0          6393289    :    11002241    :       0         900302940     900302940   :
:-------------------------:-------------------------------------------:----------------:-------------------------------------------:
====================================================================================================================================



                                                    ==================================================
                                                    :              FIPNUM REPORT REGION  3           :
                                                    :        PAV  =           302  BARSA             :
                                                    :        PORV =      17671511  RM3               :
                          :--------------- OIL  SM3 ------------------:-- WAT    SM3 --:--------------  GAS     SM3 ---------------:
                          :    LIQUID         VAPOUR        TOTAL     :     TOTAL      :     FREE        DISSOLVED       TOTAL     :
:-------------------------:-------------------------------------------:----------------:-------------------------------------------:
:CURRENTLY IN PLACE       :    3528641          0          3528641    :    12221687    :       0         496903191     496903191   :
:-------------------------:-------------------------------------------:----------------:-------------------------------------------:
:ORIGINALLY IN PLACE      :    3528641          0          3528641    :    12221687    :       0         496903191     496903191   :
:-------------------------:-------------------------------------------:----------------:-------------------------------------------:
====================================================================================================================================



                                                    ==================================================
                                                    :              FIPNUM REPORT REGION  4           :
                                                    :        PAV  =           300  BARSA             :
                                                    :        PORV =       6476287  RM3               :
                          :--------------- OIL  SM3 ------------------:-- WAT    SM3 --:--------------  GAS     SM3 ---------------:
                          :    LIQUID         VAPOUR        TOTAL     :     TOTAL      :     FREE        DISSOLVED       TOTAL     :
:-------------------------:-------------------------------------------:----------------:-------------------------------------------:
:CURRENTLY IN PLACE       :    320287         112501        432788    :    2713999     :   733269522      62753754     796023276   :
:-------------------------:-------------------------------------------:----------------:-------------------------------------------:
:ORIGINALLY IN PLACE      :    320287         112501        432788    :    2713999     :   733269522      62753754     796023276   :
:-------------------------:-------------------------------------------:----------------:-------------------------------------------:
====================================================================================================================================



                                                    ==================================================
                                                    :              FIPNUM REPORT REGION  5           :
                                                    :        PAV  =           300  BARSA             :
                                                    :        PORV =       2232763  RM3               :
                          :--------------- OIL  SM3 ------------------:-- WAT    SM3 --:--------------  GAS     SM3 ---------------:
                          :    LIQUID         VAPOUR        TOTAL     :     TOTAL      :     FREE        DISSOLVED       TOTAL     :
:-------------------------:-------------------------------------------:----------------:-------------------------------------------:
:CURRENTLY IN PLACE       :    1472069          0          1472069    :     119671     :       0         207296748     207296748   :
:-------------------------:-------------------------------------------:----------------:-------------------------------------------:
:ORIGINALLY IN PLACE      :    1472069          0          1472069    :     119671     :       0         207296748     207296748   :
:-------------------------:-------------------------------------------:----------------:-------------------------------------------:
====================================================================================================================================



                                                    ==================================================
                                                    :              FIPNUM REPORT REGION  6           :
                                                    :        PAV  =           299  BARSA             :
                                                    :        PORV =      17922490  RM3               :
                          :--------------- OIL  SM3 ------------------:-- WAT    SM3 --:--------------  GAS     SM3 ---------------:
                          :    LIQUID         VAPOUR        TOTAL     :     TOTAL      :     FREE        DISSOLVED       TOTAL     :
:-------------------------:-------------------------------------------:----------------:-------------------------------------------:
:CURRENTLY IN PLACE       :    9438301          0          9438301    :    4256904     :       0         1329101581    1329101581  :
:-------------------------:-------------------------------------------:----------------:-------------------------------------------:
:ORIGINALLY IN PLACE      :    9438301          0          9438301    :    4256904     :       0         1329101581    1329101581  :
:-------------------------:-------------------------------------------:----------------:-------------------------------------------:
====================================================================================================================================



                                                    ==================================================
                                                    :              FIPNUM REPORT REGION  7           :
                                                    :        PAV  =           301  BARSA             :
                                                    :        PORV =      37051751  RM3               :
                          :--------------- OIL  SM3 ------------------:-- WAT    SM3 --:--------------  GAS     SM3 ---------------:
                          :    LIQUID         VAPOUR        TOTAL     :     TOTAL      :     FREE        DISSOLVED       TOTAL     :
:-------------------------:-------------------------------------------:----------------:-------------------------------------------:
:CURRENTLY IN PLACE       :     19569           0           19569     :    35885965    :       0          2755673       2755673    :
:-------------------------:-------------------------------------------:----------------:-------------------------------------------:
:ORIGINALLY IN PLACE      :     19569           0           19569     :    35885965    :       0          2755673       2755673    :
:-------------------------:-------------------------------------------:----------------:-------------------------------------------:
====================================================================================================================================



                                                    ==================================================
                                                    :              FIPNUM REPORT REGION  8           :
                                                    :        PAV  =           301  BARSA             :
                                                    :        PORV =      97790665  RM3               :
                          :--------------- OIL  SM3 ------------------:-- WAT    SM3 --:--------------  GAS     SM3 ---------------:
                          :    LIQUID         VAPOUR        TOTAL     :     TOTAL      :     FREE        DISSOLVED       TOTAL     :
:-------------------------:-------------------------------------------:----------------:-------------------------------------------:
:CURRENTLY IN PLACE       :    245135           0           245135    :    94378061    :       0          34519874      34519874   :
:-------------------------:-------------------------------------------:----------------:-------------------------------------------:
:ORIGINALLY IN PLACE      :    245135           0           245135    :    94378061    :       0          34519874      34519874   :
:-------------------------:-------------------------------------------:----------------:-------------------------------------------:
====================================================================================================================================



                                                    ==================================================
                                                    :              FIPNUM REPORT REGION  9           :
                                                    :        PAV  =           302  BARSA             :
                                                    :        PORV =       6794252  RM3               :
                          :--------------- OIL  SM3 ------------------:-- WAT    SM3 --:--------------  GAS     SM3 ---------------:
                          :    LIQUID         VAPOUR        TOTAL     :     TOTAL      :     FREE        DISSOLVED       TOTAL     :
:-------------------------:-------------------------------------------:----------------:-------------------------------------------:
:CURRENTLY IN PLACE       :    1094586          0          1094586    :    5061170     :       0         154139585     154139585   :
:-------------------------:-------------------------------------------:----------------:-------------------------------------------:
:ORIGINALLY IN PLACE      :    1094586          0          1094586    :    5061170     :       0         154139585     154139585   :
:-------------------------:-------------------------------------------:----------------:-------------------------------------------:
====================================================================================================================================



                                                    ==================================================
                                                    :              FIPNUM REPORT REGION 10           :
                                                    :        PAV  =           302  BARSA             :
                                                    :        PORV =      13113605  RM3               :
                          :--------------- OIL  SM3 ------------------:-- WAT    SM3 --:--------------  GAS     SM3 ---------------:
                          :    LIQUID         VAPOUR        TOTAL     :     TOTAL      :     FREE        DISSOLVED       TOTAL     :
:-------------------------:-------------------------------------------:----------------:-------------------------------------------:
:CURRENTLY IN PLACE       :    1684967          0          1684967    :    10366187    :       0         237277069     237277069   :
:-------------------------:-------------------------------------------:----------------:-------------------------------------------:
:ORIGINALLY IN PLACE      :    1684967          0          1684967    :    10366187    :       0         237277069     237277069   :
:-------------------------:-------------------------------------------:----------------:-------------------------------------------:
====================================================================================================================================



                                                    ==================================================
                                                    :              FIPNUM REPORT REGION 11           :
                                                    :        PAV  =           300  BARSA             :
                                                    :        PORV =       5771684  RM3               :
                          :--------------- OIL  SM3 ------------------:-- WAT    SM3 --:--------------  GAS     SM3 ---------------:
                          :    LIQUID         VAPOUR        TOTAL     :     TOTAL      :     FREE        DISSOLVED       TOTAL     :
:-------------------------:-------------------------------------------:----------------:-------------------------------------------:
:CURRENTLY IN PLACE       :    453643         90584         544227    :    2430298     :   587594489      88882268     676476758   :
:-------------------------:-------------------------------------------:----------------:-------------------------------------------:
:ORIGINALLY IN PLACE      :    453643         90584         544227    :    2430298     :   587594489      88882268     676476758   :
:-------------------------:-------------------------------------------:----------------:-------------------------------------------:
====================================================================================================================================



                                                    ==================================================
                                                    :              FIPNUM REPORT REGION 12           :
                                                    :        PAV  =           301  BARSA             :
                                                    :        PORV =       1261126  RM3               :
                          :--------------- OIL  SM3 ------------------:-- WAT    SM3 --:--------------  GAS     SM3 ---------------:
                          :    LIQUID         VAPOUR        TOTAL     :     TOTAL      :     FREE        DISSOLVED       TOTAL     :
:-------------------------:-------------------------------------------:----------------:-------------------------------------------:
:CURRENTLY IN PLACE       :    824487           0           824487    :     77549      :       0         116104304     116104304   :
:-------------------------:-------------------------------------------:----------------:-------------------------------------------:
:ORIGINALLY IN PLACE      :    824487           0           824487    :     77549      :       0         116104304     116104304   :
:-------------------------:-------------------------------------------:----------------:-------------------------------------------:
====================================================================================================================================



                                                    ==================================================
                                                    :              FIPNUM REPORT REGION 13           :
                                                    :        PAV  =           300  BARSA             :
                                                    :        PORV =      10510524  RM3               :
                          :--------------- OIL  SM3 ------------------:-- WAT    SM3 --:--------------  GAS     SM3 ---------------:
                          :    LIQUID         VAPOUR        TOTAL     :     TOTAL      :     FREE        DISSOLVED       TOTAL     :
:-------------------------:-------------------------------------------:----------------:-------------------------------------------:
:CURRENTLY IN PLACE       :    4487432          0          4487432    :    3951646     :       0         631920123     631920123   :
:-------------------------:-------------------------------------------:----------------:-------------------------------------------:
:ORIGINALLY IN PLACE      :    4487432          0          4487432    :    3951646     :       0         631920123     631920123   :
:-------------------------:-------------------------------------------:----------------:-------------------------------------------:
====================================================================================================================================



                                                    ==================================================
                                                    :              FIPNUM REPORT REGION 14           :
                                                    :        PAV  =           320  BARSA             :
                                                    :        PORV =      16218498  RM3               :
                          :--------------- OIL  SM3 ------------------:-- WAT    SM3 --:--------------  GAS     SM3 ---------------:
                          :    LIQUID         VAPOUR        TOTAL     :     TOTAL      :     FREE        DISSOLVED       TOTAL     :
:-------------------------:-------------------------------------------:----------------:-------------------------------------------:
:CURRENTLY IN PLACE       :       0             0             0       :    15727338    :       0             0             0       :
:-------------------------:-------------------------------------------:----------------:-------------------------------------------:
:ORIGINALLY IN PLACE      :       0             0             0       :    15727338    :       0             0             0       :
:-------------------------:-------------------------------------------:----------------:-------------------------------------------:
====================================================================================================================================



                                                    ==================================================
                                                    :              FIPNUM REPORT REGION 15           :
                                                    :        PAV  =           301  BARSA             :
                                                    :        PORV =      82854644  RM3               :
                          :--------------- OIL  SM3 ------------------:-- WAT    SM3 --:--------------  GAS     SM3 ---------------:
                          :    LIQUID         VAPOUR        TOTAL     :     TOTAL      :     FREE        DISSOLVED       TOTAL     :
:-------------------------:-------------------------------------------:----------------:-------------------------------------------:
:CURRENTLY IN PLACE       :     28007           0           28007     :    80235466    :       0          3943994       3943994    :
:-------------------------:-------------------------------------------:----------------:-------------------------------------------:
:ORIGINALLY IN PLACE      :     28007           0           28007     :    80235466    :       0          3943994       3943994    :
:-------------------------:-------------------------------------------:----------------:-------------------------------------------:
====================================================================================================================================



                                                    ==================================================
                                                    :              FIPNUM REPORT REGION 16           :
                                                    :        PAV  =           302  BARSA             :
                                                    :        PORV =      38621768  RM3               :
                          :--------------- OIL  SM3 ------------------:-- WAT    SM3 --:--------------  GAS     SM3 ---------------:
                          :    LIQUID         VAPOUR        TOTAL     :     TOTAL      :     FREE        DISSOLVED       TOTAL     :
:-------------------------:-------------------------------------------:----------------:-------------------------------------------:
:CURRENTLY IN PLACE       :    2882458          0          2882458    :    33411778    :       0         405907779     405907779   :
:-------------------------:-------------------------------------------:----------------:-------------------------------------------:
:ORIGINALLY IN PLACE      :    2882458          0          2882458    :    33411778    :       0         405907779     405907779   :
:-------------------------:-------------------------------------------:----------------:-------------------------------------------:
====================================================================================================================================



                                                    ==================================================
                                                    :              FIPNUM REPORT REGION 17           :
                                                    :        PAV  =           303  BARSA             :
                                                    :        PORV =       6173948  RM3               :
                          :--------------- OIL  SM3 ------------------:-- WAT    SM3 --:--------------  GAS     SM3 ---------------:
                          :    LIQUID         VAPOUR        TOTAL     :     TOTAL      :     FREE        DISSOLVED       TOTAL     :
:-------------------------:-------------------------------------------:----------------:-------------------------------------------:
:CURRENTLY IN PLACE       :    329635           0           329635    :    5523599     :       0          46419217      46419217   :
:-------------------------:-------------------------------------------:----------------:-------------------------------------------:
:ORIGINALLY IN PLACE      :    329635           0           329635    :    5523599     :       0          46419217      46419217   :
:-------------------------:-------------------------------------------:----------------:-------------------------------------------:
====================================================================================================================================



                                                    ==================================================
                                                    :              FIPNUM REPORT REGION 18           :
                                                    :        PAV  =           300  BARSA             :
                                                    :        PORV =       2866251  RM3               :
                          :--------------- OIL  SM3 ------------------:-- WAT    SM3 --:--------------  GAS     SM3 ---------------:
                          :    LIQUID         VAPOUR        TOTAL     :     TOTAL      :     FREE        DISSOLVED       TOTAL     :
:-------------------------:-------------------------------------------:----------------:-------------------------------------------:
:CURRENTLY IN PLACE       :    552576         19696         572272    :    1375802     :   127339498     108266300     235605798   :
:-------------------------:-------------------------------------------:----------------:-------------------------------------------:
:ORIGINALLY IN PLACE      :    552576         19696         572272    :    1375802     :   127339498     108266300     235605798   :
:-------------------------:-------------------------------------------:----------------:-------------------------------------------:
====================================================================================================================================



                                                    ==================================================
                                                    :              FIPNUM REPORT REGION 19           :
                                                    :        PAV  =           302  BARSA             :
                                                    :        PORV =       2416788  RM3               :
                          :--------------- OIL  SM3 ------------------:-- WAT    SM3 --:--------------  GAS     SM3 ---------------:
                          :    LIQUID         VAPOUR        TOTAL     :     TOTAL      :     FREE        DISSOLVED       TOTAL     :
:-------------------------:-------------------------------------------:----------------:-------------------------------------------:
:CURRENTLY IN PLACE       :    1314982          0          1314982    :     516837     :       0         185175824     185175824   :
:-------------------------:-------------------------------------------:----------------:-------------------------------------------:
:ORIGINALLY IN PLACE      :    1314982          0          1314982    :     516837     :       0         185175824     185175824   :
:-------------------------:-------------------------------------------:----------------:-------------------------------------------:
====================================================================================================================================



                                                    ==================================================
                                                    :              FIPNUM REPORT REGION 20           :
                                                    :        PAV  =           300  BARSA             :
                                                    :        PORV =      19818158  RM3               :
                          :--------------- OIL  SM3 ------------------:-- WAT    SM3 --:--------------  GAS     SM3 ---------------:
                          :    LIQUID         VAPOUR        TOTAL     :     TOTAL      :     FREE        DISSOLVED       TOTAL     :
:-------------------------:-------------------------------------------:----------------:-------------------------------------------:
:CURRENTLY IN PLACE       :    9416850          0          9416850    :    6128102     :       0         1326080841    1326080841  :
:-------------------------:-------------------------------------------:----------------:-------------------------------------------:
:ORIGINALLY IN PLACE      :    9416850          0          9416850    :    6128102     :       0         1326080841    1326080841  :
:-------------------------:-------------------------------------------:----------------:-------------------------------------------:
====================================================================================================================================



                                                    ==================================================
                                                    :              FIPNUM REPORT REGION 21           :
                                                    :        PAV  =           314  BARSA             :
                                                    :        PORV =      33196418  RM3               :
                          :--------------- OIL  SM3 ------------------:-- WAT    SM3 --:--------------  GAS     SM3 ---------------:
                          :    LIQUID         VAPOUR        TOTAL     :     TOTAL      :     FREE        DISSOLVED       TOTAL     :
:-------------------------:-------------------------------------------:----------------:-------------------------------------------:
:CURRENTLY IN PLACE       :       0             0             0       :    32173398    :       0             0             0       :
:-------------------------:-------------------------------------------:----------------:-------------------------------------------:
:ORIGINALLY IN PLACE      :       0             0             0       :    32173398    :       0             0             0       :
:-------------------------:-------------------------------------------:----------------:-------------------------------------------:
====================================================================================================================================



                                                    ===================================
                                                    :  RESERVOIR VOLUMES      RM3     :
:---------:---------------:---------------:---------------:---------------:---------------:
: REGION  :  TOTAL PORE   :  PORE VOLUME  :  PORE VOLUME  :  PORE VOLUME  :  PORE VOLUME  :
:         :    VOLUME     :  CONTAINING   :  CONTAINING   :  CONTAINING   :  CONTAINING   :
:         :               :      OIL      :     WATER     :      GAS      : HYDRO-CARBON  :
:---------:---------------:---------------:---------------:---------------:---------------:
:FIELD    :      529950913:       64842461:      458877997:        6230456:       71072917:
:1        :       89967356:         787131:       89180225:              0:         787131:
:2        :       20543694:        9166033:       11377661:              0:        9166033:
:3        :       17697205:        5059272:       12637933:              0:        5059272:
:4        :        6484320:         521541:        2806714:        3156065:        3677607:
:5        :        2235251:        2111458:         123793:              0:        2111458:
:6        :       17942958:       13540388:        4402570:              0:       13540388:
:7        :       37124707:          28058:       37096649:              0:          28058:
:8        :       97943246:         351533:       97591713:              0:         351533:
:9        :        6803340:        1569054:        5234286:              0:        1569054:
:10       :       13134076:        2415476:       10718600:              0:        2415476:
:11       :        5778992:         738684:        2513265:        2527043:        3265727:
:12       :        1262587:        1182371:          80216:              0:        1182371:
:13       :       10523447:        6436811:        4086636:              0:        6436811:
:14       :       16254733:              0:       16254733:              0:              0:
:15       :       82997596:          40159:       82957437:              0:          40159:
:16       :       38681136:        4131886:       34549250:              0:        4131886:
:17       :        6183869:         472497:        5711371:              0:         472497:
:18       :        2869940:         899802:        1422790:         547348:        1447150:
:19       :        2419782:        1885234:         534547:              0:        1885234:
:20       :       19842578:       13505072:        6337506:              0:       13505072:
:21       :       33260100:              0:       33260100:              0:              0:
===========================================================================================


================ Starting main simulation loop ===============


Report step  0/82 at day 0/912, date = 01-Jan-2018

Warning: Keyword 'FIPRESV' is unhandled for output to restart file.
Using Newton nonlinear solver.

Starting time step 0, stepsize 1 days, at day 0/4, date = 01-Jan-2018
Restart file written for report step  0/82, date = 01-Jan-2018 00:00:00
 Newton its= 2, linearizations= 3 (1.0sec), linear its=  2 (1.1sec)

Starting time step 1, stepsize 3 days, at day 1/4, date = 02-Jan-2018
 Newton its= 2, linearizations= 3 (0.4sec), linear its=  5 (1.0sec)


Report step  1/82 at day 4/912, date = 05-Jan-2018

Starting time step 0, stepsize 9 days, at day 4/31, date = 05-Jan-2018
 Newton its= 4, linearizations= 5 (0.6sec), linear its=  9 (2.2sec)

Starting time step 1, stepsize 2.28297 days, at day 13/31, date = 14-Jan-2018
 Newton its= 2, linearizations= 3 (0.5sec), linear its=  2 (0.9sec)

Starting time step 2, stepsize 6.84892 days, at day 15.283/31, date = 16-Jan-2018
 Newton its= 4, linearizations= 5 (0.8sec), linear its=  8 (2.8sec)

Starting time step 3, stepsize 8.86811 days, at day 22.1319/31, date = 23-Jan-2018
 Newton its= 4, linearizations= 5 (0.6sec), linear its=  6 (1.8sec)


Report step  2/82 at day 31/912, date = 01-Feb-2018

Starting time step 0, stepsize 14 days, at day 31/59, date = 01-Feb-2018
 Newton its= 6, linearizations= 7 (0.9sec), linear its= 17 (3.5sec)

Starting time step 1, stepsize 14 days, at day 45/59, date = 15-Feb-2018
 Newton its= 4, linearizations= 5 (0.7sec), linear its= 12 (2.7sec)


Report step  3/82 at day 59/912, date = 01-Mar-2018

Starting time step 0, stepsize 9 days, at day 59/68, date = 01-Mar-2018
 Newton its= 2, linearizations= 3 (0.4sec), linear its=  6 (1.3sec)


Report step  4/82 at day 68/912, date = 10-Mar-2018

Starting time step 0, stepsize 20 days, at day 68/88, date = 10-Mar-2018
    Oscillating behavior detected: Relaxation set to 0.900000
 Newton its= 8, linearizations= 9 (1.3sec), linear its=  9 (3.3sec)


Report step  5/82 at day 88/912, date = 30-Mar-2018

Starting time step 0, stepsize 2 days, at day 88/90, date = 30-Mar-2018
 Newton its= 2, linearizations= 3 (0.4sec), linear its=  3 (1.0sec)


Report step  6/82 at day 90/912, date = 01-Apr-2018

Starting time step 0, stepsize 6 days, at day 90/117, date = 01-Apr-2018
 Newton its= 2, linearizations= 3 (0.5sec), linear its=  4 (1.2sec)

Starting time step 1, stepsize 10.5 days, at day 96/117, date = 07-Apr-2018
 Newton its= 4, linearizations= 5 (0.6sec), linear its=  8 (2.1sec)

Starting time step 2, stepsize 10.5 days, at day 106.5/117, date = 17-Apr-2018
 Newton its= 3, linearizations= 4 (0.5sec), linear its=  7 (1.6sec)


Report step  7/82 at day 117/912, date = 28-Apr-2018

Starting time step 0, stepsize 3 days, at day 117/120, date = 28-Apr-2018
 Newton its= 2, linearizations= 3 (0.4sec), linear its=  3 (0.9sec)


Report step  8/82 at day 120/912, date = 01-May-2018

Starting time step 0, stepsize 7 days, at day 120/127, date = 01-May-2018
 Newton its= 2, linearizations= 3 (0.4sec), linear its=  4 (1.0sec)


Report step  9/82 at day 127/912, date = 08-May-2018

Starting time step 0, stepsize 12 days, at day 127/151, date = 08-May-2018
 Newton its= 4, linearizations= 5 (0.6sec), linear its=  6 (1.8sec)

Starting time step 1, stepsize 12 days, at day 139/151, date = 20-May-2018
 Newton its= 3, linearizations= 4 (0.5sec), linear its=  7 (1.5sec)


Report step 10/82 at day 151/912, date = 01-Jun-2018

Starting time step 0, stepsize 1 days, at day 151/152, date = 01-Jun-2018
 Newton its= 2, linearizations= 3 (0.4sec), linear its=  1 (0.9sec)


Report step 11/82 at day 152/912, date = 02-Jun-2018

Starting time step 0, stepsize 3 days, at day 152/158, date = 02-Jun-2018
 Newton its= 2, linearizations= 3 (0.4sec), linear its=  4 (0.9sec)

Starting time step 1, stepsize 3 days, at day 155/158, date = 05-Jun-2018
 Newton its= 2, linearizations= 3 (0.4sec), linear its=  4 (1.0sec)


Report step 12/82 at day 158/912, date = 08-Jun-2018

Starting time step 0, stepsize 1 days, at day 158/159, date = 08-Jun-2018
 Newton its= 2, linearizations= 3 (0.4sec), linear its=  3 (0.8sec)


Report step 13/82 at day 159/912, date = 09-Jun-2018

Starting time step 0, stepsize 3 days, at day 159/172, date = 09-Jun-2018
 Newton its= 2, linearizations= 3 (0.4sec), linear its=  4 (0.9sec)

Starting time step 1, stepsize 5 days, at day 162/172, date = 12-Jun-2018
 Newton its= 2, linearizations= 3 (0.4sec), linear its=  3 (0.9sec)

Starting time step 2, stepsize 5 days, at day 167/172, date = 17-Jun-2018
 Newton its= 2, linearizations= 3 (0.4sec), linear its=  4 (1.0sec)


Report step 14/82 at day 172/912, date = 22-Jun-2018

Starting time step 0, stepsize 8 days, at day 172/180, date = 22-Jun-2018
 Newton its= 2, linearizations= 3 (0.5sec), linear its=  2 (0.8sec)


Report step 15/82 at day 180/912, date = 30-Jun-2018

Starting time step 0, stepsize 1 days, at day 180/181, date = 30-Jun-2018
 Newton its= 2, linearizations= 3 (0.4sec), linear its=  3 (0.8sec)

                              **************************************************************************
  BALANCE  AT       181  DAYS *Drogon synthetic reservoir model                                          *
  REPORT   16    01 Jul 2018  *                                             Flow  version     2025.04  *
                              **************************************************************************


                                                    ==================================================
                                                    :                  FIELD TOTALS                  :
                                                    :        PAV  =           282  BARSA             :
                                                    :        PORV =     529109719  RM3               :
                                                    : Pressure is weighted by hydrocarbon pore volume:
                                                    : Pore volumes are taken at reference conditions :
                          :--------------- OIL  SM3 ------------------:-- WAT    SM3 --:--------------  GAS     SM3 ---------------:
                          :    LIQUID         VAPOUR        TOTAL     :     TOTAL      :     FREE        DISSOLVED       TOTAL     :
:-------------------------:-------------------------------------------:----------------:-------------------------------------------:
:CURRENTLY IN PLACE       :   43963139        198466       44161605   :   444228199    :  1453091760     6256136577    7709228337  :
:-------------------------:-------------------------------------------:----------------:-------------------------------------------:
:ORIGINALLY IN PLACE      :   45035726        222781       45258507   :   443798839    :  1448203509     6415034698    7863238208  :
====================================================================================================================================



                                                    ==================================================
                                                    :              FIPNUM REPORT REGION  1           :
                                                    :        PAV  =           288  BARSA             :
                                                    :        PORV =      89830759  RM3               :
                          :--------------- OIL  SM3 ------------------:-- WAT    SM3 --:--------------  GAS     SM3 ---------------:
                          :    LIQUID         VAPOUR        TOTAL     :     TOTAL      :     FREE        DISSOLVED       TOTAL     :
:-------------------------:-------------------------------------------:----------------:-------------------------------------------:
:CURRENTLY IN PLACE       :    550479          1202         551681    :    86102079    :    5637245       78992880      84630125   :
:-------------------------:-------------------------------------------:----------------:-------------------------------------------:
:ORIGINALLY IN PLACE      :    548811           0           548811    :    86241142    :       0          77283633      77283633   :
:-------------------------:-------------------------------------------:----------------:-------------------------------------------:
====================================================================================================================================



                                                    ==================================================
                                                    :              FIPNUM REPORT REGION  2           :
                                                    :        PAV  =           286  BARSA             :
                                                    :        PORV =      20515829  RM3               :
                          :--------------- OIL  SM3 ------------------:-- WAT    SM3 --:--------------  GAS     SM3 ---------------:
                          :    LIQUID         VAPOUR        TOTAL     :     TOTAL      :     FREE        DISSOLVED       TOTAL     :
:-------------------------:-------------------------------------------:----------------:-------------------------------------------:
:CURRENTLY IN PLACE       :    6331840          0          6331840    :    11029133    :       1         891647861     891647862   :
:-------------------------:-------------------------------------------:----------------:-------------------------------------------:
:ORIGINALLY IN PLACE      :    6393289          0          6393289    :    11002241    :       0         900302940     900302940   :
:-------------------------:-------------------------------------------:----------------:-------------------------------------------:
====================================================================================================================================



                                                    ==================================================
                                                    :              FIPNUM REPORT REGION  3           :
                                                    :        PAV  =           281  BARSA             :
                                                    :        PORV =      17671511  RM3               :
                          :--------------- OIL  SM3 ------------------:-- WAT    SM3 --:--------------  GAS     SM3 ---------------:
                          :    LIQUID         VAPOUR        TOTAL     :     TOTAL      :     FREE        DISSOLVED       TOTAL     :
:-------------------------:-------------------------------------------:----------------:-------------------------------------------:
:CURRENTLY IN PLACE       :    3273298         2054        3275352    :    12480560    :   10058211      464311740     474369950   :
:-------------------------:-------------------------------------------:----------------:-------------------------------------------:
:ORIGINALLY IN PLACE      :    3528641          0          3528641    :    12221687    :       0         496903191     496903191   :
:-------------------------:-------------------------------------------:----------------:-------------------------------------------:
====================================================================================================================================



                                                    ==================================================
                                                    :              FIPNUM REPORT REGION  4           :
                                                    :        PAV  =           290  BARSA             :
                                                    :        PORV =       6476287  RM3               :
                          :--------------- OIL  SM3 ------------------:-- WAT    SM3 --:--------------  GAS     SM3 ---------------:
                          :    LIQUID         VAPOUR        TOTAL     :     TOTAL      :     FREE        DISSOLVED       TOTAL     :
:-------------------------:-------------------------------------------:----------------:-------------------------------------------:
:CURRENTLY IN PLACE       :    328825         98851         427676    :    2682942     :   721068538      61892271     782960809   :
:-------------------------:-------------------------------------------:----------------:-------------------------------------------:
:ORIGINALLY IN PLACE      :    320287         112501        432788    :    2713999     :   733269522      62753754     796023276   :
:-------------------------:-------------------------------------------:----------------:-------------------------------------------:
====================================================================================================================================



                                                    ==================================================
                                                    :              FIPNUM REPORT REGION  5           :
                                                    :        PAV  =           280  BARSA             :
                                                    :        PORV =       2232763  RM3               :
                          :--------------- OIL  SM3 ------------------:-- WAT    SM3 --:--------------  GAS     SM3 ---------------:
                          :    LIQUID         VAPOUR        TOTAL     :     TOTAL      :     FREE        DISSOLVED       TOTAL     :
:-------------------------:-------------------------------------------:----------------:-------------------------------------------:
:CURRENTLY IN PLACE       :    1462933          0          1462933    :     119674     :       0         206010246     206010246   :
:-------------------------:-------------------------------------------:----------------:-------------------------------------------:
:ORIGINALLY IN PLACE      :    1472069          0          1472069    :     119671     :       0         207296748     207296748   :
:-------------------------:-------------------------------------------:----------------:-------------------------------------------:
====================================================================================================================================



                                                    ==================================================
                                                    :              FIPNUM REPORT REGION  6           :
                                                    :        PAV  =           276  BARSA             :
                                                    :        PORV =      17922490  RM3               :
                          :--------------- OIL  SM3 ------------------:-- WAT    SM3 --:--------------  GAS     SM3 ---------------:
                          :    LIQUID         VAPOUR        TOTAL     :     TOTAL      :     FREE        DISSOLVED       TOTAL     :
:-------------------------:-------------------------------------------:----------------:-------------------------------------------:
:CURRENTLY IN PLACE       :    9275388          0          9275388    :    4385607     :       0         1306160280    1306160280  :
:-------------------------:-------------------------------------------:----------------:-------------------------------------------:
:ORIGINALLY IN PLACE      :    9438301          0          9438301    :    4256904     :       0         1329101581    1329101581  :
:-------------------------:-------------------------------------------:----------------:-------------------------------------------:
====================================================================================================================================



                                                    ==================================================
                                                    :              FIPNUM REPORT REGION  7           :
                                                    :        PAV  =           288  BARSA             :
                                                    :        PORV =      37051751  RM3               :
                          :--------------- OIL  SM3 ------------------:-- WAT    SM3 --:--------------  GAS     SM3 ---------------:
                          :    LIQUID         VAPOUR        TOTAL     :     TOTAL      :     FREE        DISSOLVED       TOTAL     :
:-------------------------:-------------------------------------------:----------------:-------------------------------------------:
:CURRENTLY IN PLACE       :     19094           0           19094     :    35845480    :       0          2688613       2688613    :
:-------------------------:-------------------------------------------:----------------:-------------------------------------------:
:ORIGINALLY IN PLACE      :     19569           0           19569     :    35885965    :       0          2755673       2755673    :
:-------------------------:-------------------------------------------:----------------:-------------------------------------------:
====================================================================================================================================



                                                    ==================================================
                                                    :              FIPNUM REPORT REGION  8           :
                                                    :        PAV  =           288  BARSA             :
                                                    :        PORV =      97790665  RM3               :
                          :--------------- OIL  SM3 ------------------:-- WAT    SM3 --:--------------  GAS     SM3 ---------------:
                          :    LIQUID         VAPOUR        TOTAL     :     TOTAL      :     FREE        DISSOLVED       TOTAL     :
:-------------------------:-------------------------------------------:----------------:-------------------------------------------:
:CURRENTLY IN PLACE       :    245740           0           245740    :    94261453    :       0          34605181      34605181   :
:-------------------------:-------------------------------------------:----------------:-------------------------------------------:
:ORIGINALLY IN PLACE      :    245135           0           245135    :    94378061    :       0          34519874      34519874   :
:-------------------------:-------------------------------------------:----------------:-------------------------------------------:
====================================================================================================================================



                                                    ==================================================
                                                    :              FIPNUM REPORT REGION  9           :
                                                    :        PAV  =           288  BARSA             :
                                                    :        PORV =       6794252  RM3               :
                          :--------------- OIL  SM3 ------------------:-- WAT    SM3 --:--------------  GAS     SM3 ---------------:
                          :    LIQUID         VAPOUR        TOTAL     :     TOTAL      :     FREE        DISSOLVED       TOTAL     :
:-------------------------:-------------------------------------------:----------------:-------------------------------------------:
:CURRENTLY IN PLACE       :    1061718          0          1061718    :    5092858     :       0         149511138     149511138   :
:-------------------------:-------------------------------------------:----------------:-------------------------------------------:
:ORIGINALLY IN PLACE      :    1094586          0          1094586    :    5061170     :       0         154139585     154139585   :
:-------------------------:-------------------------------------------:----------------:-------------------------------------------:
====================================================================================================================================



                                                    ==================================================
                                                    :              FIPNUM REPORT REGION 10           :
                                                    :        PAV  =           286  BARSA             :
                                                    :        PORV =      13113605  RM3               :
                          :--------------- OIL  SM3 ------------------:-- WAT    SM3 --:--------------  GAS     SM3 ---------------:
                          :    LIQUID         VAPOUR        TOTAL     :     TOTAL      :     FREE        DISSOLVED       TOTAL     :
:-------------------------:-------------------------------------------:----------------:-------------------------------------------:
:CURRENTLY IN PLACE       :    1661519          0          1661519    :    10377263    :       0         233974827     233974827   :
:-------------------------:-------------------------------------------:----------------:-------------------------------------------:
:ORIGINALLY IN PLACE      :    1684967          0          1684967    :    10366187    :       0         237277069     237277069   :
:-------------------------:-------------------------------------------:----------------:-------------------------------------------:
====================================================================================================================================



                                                    ==================================================
                                                    :              FIPNUM REPORT REGION 11           :
                                                    :        PAV  =           288  BARSA             :
                                                    :        PORV =       5771684  RM3               :
                          :--------------- OIL  SM3 ------------------:-- WAT    SM3 --:--------------  GAS     SM3 ---------------:
                          :    LIQUID         VAPOUR        TOTAL     :     TOTAL      :     FREE        DISSOLVED       TOTAL     :
:-------------------------:-------------------------------------------:----------------:-------------------------------------------:
:CURRENTLY IN PLACE       :    460064         77070         537134    :    2417609     :   573374969      85817159     659192128   :
:-------------------------:-------------------------------------------:----------------:-------------------------------------------:
:ORIGINALLY IN PLACE      :    453643         90584         544227    :    2430298     :   587594489      88882268     676476758   :
:-------------------------:-------------------------------------------:----------------:-------------------------------------------:
====================================================================================================================================



                                                    ==================================================
                                                    :              FIPNUM REPORT REGION 12           :
                                                    :        PAV  =           282  BARSA             :
                                                    :        PORV =       1261126  RM3               :
                          :--------------- OIL  SM3 ------------------:-- WAT    SM3 --:--------------  GAS     SM3 ---------------:
                          :    LIQUID         VAPOUR        TOTAL     :     TOTAL      :     FREE        DISSOLVED       TOTAL     :
:-------------------------:-------------------------------------------:----------------:-------------------------------------------:
:CURRENTLY IN PLACE       :    819567           0           819567    :     77568      :       0         115411432     115411432   :
:-------------------------:-------------------------------------------:----------------:-------------------------------------------:
:ORIGINALLY IN PLACE      :    824487           0           824487    :     77549      :       0         116104304     116104304   :
:-------------------------:-------------------------------------------:----------------:-------------------------------------------:
====================================================================================================================================



                                                    ==================================================
                                                    :              FIPNUM REPORT REGION 13           :
                                                    :        PAV  =           277  BARSA             :
                                                    :        PORV =      10510524  RM3               :
                          :--------------- OIL  SM3 ------------------:-- WAT    SM3 --:--------------  GAS     SM3 ---------------:
                          :    LIQUID         VAPOUR        TOTAL     :     TOTAL      :     FREE        DISSOLVED       TOTAL     :
:-------------------------:-------------------------------------------:----------------:-------------------------------------------:
:CURRENTLY IN PLACE       :    4345029          0          4345029    :    4105401     :       0         611866894     611866894   :
:-------------------------:-------------------------------------------:----------------:-------------------------------------------:
:ORIGINALLY IN PLACE      :    4487432          0          4487432    :    3951646     :       0         631920123     631920123   :
:-------------------------:-------------------------------------------:----------------:-------------------------------------------:
====================================================================================================================================



                                                    ==================================================
                                                    :              FIPNUM REPORT REGION 14           :
                                                    :        PAV  =           309  BARSA             :
                                                    :        PORV =      16218498  RM3               :
                          :--------------- OIL  SM3 ------------------:-- WAT    SM3 --:--------------  GAS     SM3 ---------------:
                          :    LIQUID         VAPOUR        TOTAL     :     TOTAL      :     FREE        DISSOLVED       TOTAL     :
:-------------------------:-------------------------------------------:----------------:-------------------------------------------:
:CURRENTLY IN PLACE       :       0             0             0       :    15710573    :       0             0             0       :
:-------------------------:-------------------------------------------:----------------:-------------------------------------------:
:ORIGINALLY IN PLACE      :       0             0             0       :    15727338    :       0             0             0       :
:-------------------------:-------------------------------------------:----------------:-------------------------------------------:
====================================================================================================================================



                                                    ==================================================
                                                    :              FIPNUM REPORT REGION 15           :
                                                    :        PAV  =           288  BARSA             :
                                                    :        PORV =      82854644  RM3               :
                          :--------------- OIL  SM3 ------------------:-- WAT    SM3 --:--------------  GAS     SM3 ---------------:
                          :    LIQUID         VAPOUR        TOTAL     :     TOTAL      :     FREE        DISSOLVED       TOTAL     :
:-------------------------:-------------------------------------------:----------------:-------------------------------------------:
:CURRENTLY IN PLACE       :     28168           0           28168     :    80134247    :       0          3966618       3966618    :
:-------------------------:-------------------------------------------:----------------:-------------------------------------------:
:ORIGINALLY IN PLACE      :     28007           0           28007     :    80235466    :       0          3943994       3943994    :
:-------------------------:-------------------------------------------:----------------:-------------------------------------------:
====================================================================================================================================



                                                    ==================================================
                                                    :              FIPNUM REPORT REGION 16           :
                                                    :        PAV  =           289  BARSA             :
                                                    :        PORV =      38621768  RM3               :
                          :--------------- OIL  SM3 ------------------:-- WAT    SM3 --:--------------  GAS     SM3 ---------------:
                          :    LIQUID         VAPOUR        TOTAL     :     TOTAL      :     FREE        DISSOLVED       TOTAL     :
:-------------------------:-------------------------------------------:----------------:-------------------------------------------:
:CURRENTLY IN PLACE       :    2863465          0          2863465    :    33376109    :       0         403232331     403232331   :
:-------------------------:-------------------------------------------:----------------:-------------------------------------------:
:ORIGINALLY IN PLACE      :    2882458          0          2882458    :    33411778    :       0         405907779     405907779   :
:-------------------------:-------------------------------------------:----------------:-------------------------------------------:
====================================================================================================================================



                                                    ==================================================
                                                    :              FIPNUM REPORT REGION 17           :
                                                    :        PAV  =           290  BARSA             :
                                                    :        PORV =       6173948  RM3               :
                          :--------------- OIL  SM3 ------------------:-- WAT    SM3 --:--------------  GAS     SM3 ---------------:
                          :    LIQUID         VAPOUR        TOTAL     :     TOTAL      :     FREE        DISSOLVED       TOTAL     :
:-------------------------:-------------------------------------------:----------------:-------------------------------------------:
:CURRENTLY IN PLACE       :    328286           0           328286    :    5518079     :      16          46229131      46229147   :
:-------------------------:-------------------------------------------:----------------:-------------------------------------------:
:ORIGINALLY IN PLACE      :    329635           0           329635    :    5523599     :       0          46419217      46419217   :
:-------------------------:-------------------------------------------:----------------:-------------------------------------------:
====================================================================================================================================



                                                    ==================================================
                                                    :              FIPNUM REPORT REGION 18           :
                                                    :        PAV  =           288  BARSA             :
                                                    :        PORV =       2866251  RM3               :
                          :--------------- OIL  SM3 ------------------:-- WAT    SM3 --:--------------  GAS     SM3 ---------------:
                          :    LIQUID         VAPOUR        TOTAL     :     TOTAL      :     FREE        DISSOLVED       TOTAL     :
:-------------------------:-------------------------------------------:----------------:-------------------------------------------:
:CURRENTLY IN PLACE       :    520941         19288         540229    :    1353765     :   142942630      97161343     240103973   :
:-------------------------:-------------------------------------------:----------------:-------------------------------------------:
:ORIGINALLY IN PLACE      :    552576         19696         572272    :    1375802     :   127339498     108266300     235605798   :
:-------------------------:-------------------------------------------:----------------:-------------------------------------------:
====================================================================================================================================



                                                    ==================================================
                                                    :              FIPNUM REPORT REGION 19           :
                                                    :        PAV  =           287  BARSA             :
                                                    :        PORV =       2416788  RM3               :
                          :--------------- OIL  SM3 ------------------:-- WAT    SM3 --:--------------  GAS     SM3 ---------------:
                          :    LIQUID         VAPOUR        TOTAL     :     TOTAL      :     FREE        DISSOLVED       TOTAL     :
:-------------------------:-------------------------------------------:----------------:-------------------------------------------:
:CURRENTLY IN PLACE       :    1299742          0          1299742    :     529160     :       0         183029080     183029080   :
:-------------------------:-------------------------------------------:----------------:-------------------------------------------:
:ORIGINALLY IN PLACE      :    1314982          0          1314982    :     516837     :       0         185175824     185175824   :
:-------------------------:-------------------------------------------:----------------:-------------------------------------------:
====================================================================================================================================



                                                    ==================================================
                                                    :              FIPNUM REPORT REGION 20           :
                                                    :        PAV  =           279  BARSA             :
                                                    :        PORV =      19818158  RM3               :
                          :--------------- OIL  SM3 ------------------:-- WAT    SM3 --:--------------  GAS     SM3 ---------------:
                          :    LIQUID         VAPOUR        TOTAL     :     TOTAL      :     FREE        DISSOLVED       TOTAL     :
:-------------------------:-------------------------------------------:----------------:-------------------------------------------:
:CURRENTLY IN PLACE       :    9086956          2          9086957    :    6493723     :     10150       1279615541    1279625690  :
:-------------------------:-------------------------------------------:----------------:-------------------------------------------:
:ORIGINALLY IN PLACE      :    9416850          0          9416850    :    6128102     :       0         1326080841    1326080841  :
:-------------------------:-------------------------------------------:----------------:-------------------------------------------:
====================================================================================================================================



                                                    ==================================================
                                                    :              FIPNUM REPORT REGION 21           :
                                                    :        PAV  =           288  BARSA             :
                                                    :        PORV =      33196418  RM3               :
                          :--------------- OIL  SM3 ------------------:-- WAT    SM3 --:--------------  GAS     SM3 ---------------:
                          :    LIQUID         VAPOUR        TOTAL     :     TOTAL      :     FREE        DISSOLVED       TOTAL     :
:-------------------------:-------------------------------------------:----------------:-------------------------------------------:
:CURRENTLY IN PLACE       :      85             0             85      :    32134914    :       0           12012         12012     :
:-------------------------:-------------------------------------------:----------------:-------------------------------------------:
:ORIGINALLY IN PLACE      :       0             0             0       :    32173398    :       0             0             0       :
:-------------------------:-------------------------------------------:----------------:-------------------------------------------:
====================================================================================================================================




Report step 16/82 at day 181/912, date = 01-Jul-2018

Starting time step 0, stepsize 2 days, at day 181/183, date = 01-Jul-2018
Restart file written for report step 16/82, date = 01-Jul-2018 00:00:00
 Newton its= 2, linearizations= 3 (0.5sec), linear its=  3 (0.8sec)


Report step 17/82 at day 183/912, date = 03-Jul-2018

Starting time step 0, stepsize 6 days, at day 183/193, date = 03-Jul-2018
 Newton its= 2, linearizations= 3 (0.4sec), linear its=  2 (0.7sec)

Starting time step 1, stepsize 4 days, at day 189/193, date = 09-Jul-2018
 Newton its= 2, linearizations= 3 (0.4sec), linear its=  3 (0.8sec)


Report step 18/82 at day 193/912, date = 13-Jul-2018

Starting time step 0, stepsize 12 days, at day 193/212, date = 13-Jul-2018
 Newton its= 5, linearizations= 6 (1.0sec), linear its=  6 (2.5sec)

Starting time step 1, stepsize 7 days, at day 205/212, date = 25-Jul-2018
 Newton its= 3, linearizations= 4 (0.6sec), linear its=  4 (1.6sec)


Report step 19/82 at day 212/912, date = 01-Aug-2018

Starting time step 0, stepsize 12 days, at day 212/236, date = 01-Aug-2018
 Newton its= 3, linearizations= 4 (0.6sec), linear its=  3 (1.2sec)

Starting time step 1, stepsize 12 days, at day 224/236, date = 13-Aug-2018
 Newton its= 2, linearizations= 3 (0.4sec), linear its=  4 (1.0sec)


Report step 20/82 at day 236/912, date = 25-Aug-2018

Starting time step 0, stepsize 7 days, at day 236/243, date = 25-Aug-2018
 Newton its= 2, linearizations= 3 (0.4sec), linear its=  4 (1.0sec)


Report step 21/82 at day 243/912, date = 01-Sep-2018

Starting time step 0, stepsize 11 days, at day 243/254, date = 01-Sep-2018
 Newton its= 2, linearizations= 3 (0.4sec), linear its=  6 (1.3sec)


Report step 22/82 at day 254/912, date = 12-Sep-2018

Starting time step 0, stepsize 2 days, at day 254/256, date = 12-Sep-2018
 Newton its= 2, linearizations= 3 (0.3sec), linear its=  2 (0.8sec)


Report step 23/82 at day 256/912, date = 14-Sep-2018

Starting time step 0, stepsize 4 days, at day 256/264, date = 14-Sep-2018
 Newton its= 2, linearizations= 3 (0.4sec), linear its=  3 (1.0sec)

Starting time step 1, stepsize 4 days, at day 260/264, date = 18-Sep-2018
 Newton its= 2, linearizations= 3 (0.4sec), linear its=  3 (0.9sec)


Report step 24/82 at day 264/912, date = 22-Sep-2018

Starting time step 0, stepsize 9 days, at day 264/273, date = 22-Sep-2018
 Newton its= 2, linearizations= 3 (0.5sec), linear its=  6 (1.4sec)


Report step 25/82 at day 273/912, date = 01-Oct-2018

Starting time step 0, stepsize 4 days, at day 273/277, date = 01-Oct-2018
 Newton its= 2, linearizations= 3 (0.4sec), linear its=  7 (1.6sec)


Report step 26/82 at day 277/912, date = 05-Oct-2018

Starting time step 0, stepsize 12 days, at day 277/304, date = 05-Oct-2018
 Newton its= 3, linearizations= 4 (0.6sec), linear its= 10 (2.0sec)

Starting time step 1, stepsize 15 days, at day 289/304, date = 17-Oct-2018
 Newton its= 7, linearizations= 8 (1.3sec), linear its= 14 (4.7sec)


Report step 27/82 at day 304/912, date = 01-Nov-2018

Starting time step 0, stepsize 6 days, at day 304/310, date = 01-Nov-2018
 Newton its= 3, linearizations= 4 (0.8sec), linear its=  5 (1.9sec)


Report step 28/82 at day 310/912, date = 07-Nov-2018

Starting time step 0, stepsize 10 days, at day 310/320, date = 07-Nov-2018
 Newton its= 3, linearizations= 4 (0.7sec), linear its=  6 (1.4sec)


Report step 29/82 at day 320/912, date = 17-Nov-2018

Starting time step 0, stepsize 14 days, at day 320/334, date = 17-Nov-2018
 Newton its= 3, linearizations= 4 (0.7sec), linear its=  7 (2.1sec)


Report step 30/82 at day 334/912, date = 01-Dec-2018

Starting time step 0, stepsize 6 days, at day 334/340, date = 01-Dec-2018
 Newton its= 3, linearizations= 4 (0.5sec), linear its=  4 (1.3sec)


Report step 31/82 at day 340/912, date = 07-Dec-2018

Starting time step 0, stepsize 8 days, at day 340/348, date = 07-Dec-2018
 Newton its= 2, linearizations= 3 (0.4sec), linear its=  3 (0.8sec)


Report step 32/82 at day 348/912, date = 15-Dec-2018

Starting time step 0, stepsize 2 days, at day 348/350, date = 15-Dec-2018
 Newton its= 2, linearizations= 3 (0.4sec), linear its=  3 (0.9sec)


Report step 33/82 at day 350/912, date = 17-Dec-2018

Starting time step 0, stepsize 1 days, at day 350/351, date = 17-Dec-2018
 Newton its= 2, linearizations= 3 (0.4sec), linear its=  1 (0.5sec)


Report step 34/82 at day 351/912, date = 18-Dec-2018

Starting time step 0, stepsize 3 days, at day 351/361, date = 18-Dec-2018
 Newton its= 2, linearizations= 3 (0.5sec), linear its=  4 (1.1sec)

Starting time step 1, stepsize 7 days, at day 354/361, date = 21-Dec-2018
 Newton its= 2, linearizations= 3 (0.5sec), linear its=  4 (0.9sec)


Report step 35/82 at day 361/912, date = 28-Dec-2018

Starting time step 0, stepsize 4 days, at day 361/365, date = 28-Dec-2018
 Newton its= 2, linearizations= 3 (0.5sec), linear its=  3 (1.2sec)


Report step 36/82 at day 365/912, date = 01-Jan-2019

Starting time step 0, stepsize 12 days, at day 365/396, date = 01-Jan-2019
 Newton its= 3, linearizations= 4 (0.6sec), linear its=  5 (1.5sec)

Starting time step 1, stepsize 19 days, at day 377/396, date = 13-Jan-2019
 Newton its= 3, linearizations= 4 (0.8sec), linear its=  5 (1.9sec)


Report step 37/82 at day 396/912, date = 01-Feb-2019

Starting time step 0, stepsize 8 days, at day 396/404, date = 01-Feb-2019
 Newton its= 2, linearizations= 3 (0.5sec), linear its=  3 (1.0sec)


Report step 38/82 at day 404/912, date = 09-Feb-2019

Starting time step 0, stepsize 20 days, at day 404/424, date = 09-Feb-2019
 Newton its= 3, linearizations= 4 (0.6sec), linear its=  6 (1.6sec)


Report step 39/82 at day 424/912, date = 01-Mar-2019

Starting time step 0, stepsize 8 days, at day 424/432, date = 01-Mar-2019
 Newton its= 2, linearizations= 3 (0.5sec), linear its=  4 (1.2sec)


Report step 40/82 at day 432/912, date = 09-Mar-2019

Starting time step 0, stepsize 13 days, at day 432/445, date = 09-Mar-2019
 Newton its= 2, linearizations= 3 (0.5sec), linear its=  4 (1.1sec)


Report step 41/82 at day 445/912, date = 22-Mar-2019

Starting time step 0, stepsize 10 days, at day 445/455, date = 22-Mar-2019
 Newton its= 2, linearizations= 3 (0.5sec), linear its=  4 (1.4sec)


Report step 42/82 at day 455/912, date = 01-Apr-2019

Starting time step 0, stepsize 30 days, at day 455/485, date = 01-Apr-2019
 Newton its= 5, linearizations= 6 (0.8sec), linear its=  9 (2.1sec)


Report step 43/82 at day 485/912, date = 01-May-2019

Starting time step 0, stepsize 3 days, at day 485/488, date = 01-May-2019
 Newton its= 3, linearizations= 4 (0.5sec), linear its=  4 (1.2sec)


Report step 44/82 at day 488/912, date = 04-May-2019

Starting time step 0, stepsize 1 days, at day 488/489, date = 04-May-2019
 Newton its= 2, linearizations= 3 (0.6sec), linear its=  3 (1.1sec)


Report step 45/82 at day 489/912, date = 05-May-2019

Starting time step 0, stepsize 3 days, at day 489/508, date = 05-May-2019
 Newton its= 2, linearizations= 3 (0.4sec), linear its=  3 (1.0sec)

Starting time step 1, stepsize 9 days, at day 492/508, date = 08-May-2019
 Newton its= 2, linearizations= 3 (0.4sec), linear its=  3 (1.1sec)

Starting time step 2, stepsize 7 days, at day 501/508, date = 17-May-2019
 Newton its= 2, linearizations= 3 (0.4sec), linear its=  3 (0.8sec)


Report step 46/82 at day 508/912, date = 24-May-2019

Starting time step 0, stepsize 8 days, at day 508/516, date = 24-May-2019
 Newton its= 2, linearizations= 3 (0.4sec), linear its=  5 (1.0sec)


Report step 47/82 at day 516/912, date = 01-Jun-2019

Starting time step 0, stepsize 13 days, at day 516/529, date = 01-Jun-2019
 Newton its= 2, linearizations= 3 (0.4sec), linear its=  5 (1.5sec)


Report step 48/82 at day 529/912, date = 14-Jun-2019

Starting time step 0, stepsize 16 days, at day 529/545, date = 14-Jun-2019
 Newton its= 3, linearizations= 4 (0.6sec), linear its=  8 (1.6sec)


Report step 49/82 at day 545/912, date = 30-Jun-2019

Starting time step 0, stepsize 1 days, at day 545/546, date = 30-Jun-2019
 Newton its= 2, linearizations= 3 (0.4sec), linear its=  2 (0.7sec)

                              **************************************************************************
  BALANCE  AT       546  DAYS *Drogon synthetic reservoir model                                          *
  REPORT   50    01 Jul 2019  *                                             Flow  version     2025.04  *
                              **************************************************************************


                                                    ==================================================
                                                    :                  FIELD TOTALS                  :
                                                    :        PAV  =           260  BARSA             :
                                                    :        PORV =     529109719  RM3               :
                                                    : Pressure is weighted by hydrocarbon pore volume:
                                                    : Pore volumes are taken at reference conditions :
                          :--------------- OIL  SM3 ------------------:-- WAT    SM3 --:--------------  GAS     SM3 ---------------:
                          :    LIQUID         VAPOUR        TOTAL     :     TOTAL      :     FREE        DISSOLVED       TOTAL     :
:-------------------------:-------------------------------------------:----------------:-------------------------------------------:
:CURRENTLY IN PLACE       :   39824033        206955       40030988   :   448519716    :  1634379240     5503845554    7138224794  :
:-------------------------:-------------------------------------------:----------------:-------------------------------------------:
:ORIGINALLY IN PLACE      :   45035726        222781       45258507   :   443798839    :  1448203509     6415034698    7863238208  :
====================================================================================================================================



                                                    ==================================================
                                                    :              FIPNUM REPORT REGION  1           :
                                                    :        PAV  =           280  BARSA             :
                                                    :        PORV =      89830759  RM3               :
                          :--------------- OIL  SM3 ------------------:-- WAT    SM3 --:--------------  GAS     SM3 ---------------:
                          :    LIQUID         VAPOUR        TOTAL     :     TOTAL      :     FREE        DISSOLVED       TOTAL     :
:-------------------------:-------------------------------------------:----------------:-------------------------------------------:
:CURRENTLY IN PLACE       :    554284          4189         558473    :    85946736    :   20906818       81156029     102062847   :
:-------------------------:-------------------------------------------:----------------:-------------------------------------------:
:ORIGINALLY IN PLACE      :    548811           0           548811    :    86241142    :       0          77283633      77283633   :
:-------------------------:-------------------------------------------:----------------:-------------------------------------------:
====================================================================================================================================



                                                    ==================================================
                                                    :              FIPNUM REPORT REGION  2           :
                                                    :        PAV  =           260  BARSA             :
                                                    :        PORV =      20515829  RM3               :
                          :--------------- OIL  SM3 ------------------:-- WAT    SM3 --:--------------  GAS     SM3 ---------------:
                          :    LIQUID         VAPOUR        TOTAL     :     TOTAL      :     FREE        DISSOLVED       TOTAL     :
:-------------------------:-------------------------------------------:----------------:-------------------------------------------:
:CURRENTLY IN PLACE       :    5752406         3446        5755852    :    11686644    :   21581291      793902868     815484159   :
:-------------------------:-------------------------------------------:----------------:-------------------------------------------:
:ORIGINALLY IN PLACE      :    6393289          0          6393289    :    11002241    :       0         900302940     900302940   :
:-------------------------:-------------------------------------------:----------------:-------------------------------------------:
====================================================================================================================================



                                                    ==================================================
                                                    :              FIPNUM REPORT REGION  3           :
                                                    :        PAV  =           271  BARSA             :
                                                    :        PORV =      17671511  RM3               :
                          :--------------- OIL  SM3 ------------------:-- WAT    SM3 --:--------------  GAS     SM3 ---------------:
                          :    LIQUID         VAPOUR        TOTAL     :     TOTAL      :     FREE        DISSOLVED       TOTAL     :
:-------------------------:-------------------------------------------:----------------:-------------------------------------------:
:CURRENTLY IN PLACE       :    2810008         5040        2815048    :    13019079    :   26945086      400067965     427013050   :
:-------------------------:-------------------------------------------:----------------:-------------------------------------------:
:ORIGINALLY IN PLACE      :    3528641          0          3528641    :    12221687    :       0         496903191     496903191   :
:-------------------------:-------------------------------------------:----------------:-------------------------------------------:
====================================================================================================================================



                                                    ==================================================
                                                    :              FIPNUM REPORT REGION  4           :
                                                    :        PAV  =           279  BARSA             :
                                                    :        PORV =       6476287  RM3               :
                          :--------------- OIL  SM3 ------------------:-- WAT    SM3 --:--------------  GAS     SM3 ---------------:
                          :    LIQUID         VAPOUR        TOTAL     :     TOTAL      :     FREE        DISSOLVED       TOTAL     :
:-------------------------:-------------------------------------------:----------------:-------------------------------------------:
:CURRENTLY IN PLACE       :    332235         84611         416846    :    2692401     :   700121795      59740223     759862017   :
:-------------------------:-------------------------------------------:----------------:-------------------------------------------:
:ORIGINALLY IN PLACE      :    320287         112501        432788    :    2713999     :   733269522      62753754     796023276   :
:-------------------------:-------------------------------------------:----------------:-------------------------------------------:
====================================================================================================================================



                                                    ==================================================
                                                    :              FIPNUM REPORT REGION  5           :
                                                    :        PAV  =           242  BARSA             :
                                                    :        PORV =       2232763  RM3               :
                          :--------------- OIL  SM3 ------------------:-- WAT    SM3 --:--------------  GAS     SM3 ---------------:
                          :    LIQUID         VAPOUR        TOTAL     :     TOTAL      :     FREE        DISSOLVED       TOTAL     :
:-------------------------:-------------------------------------------:----------------:-------------------------------------------:
:CURRENTLY IN PLACE       :    1410408         2718        1413126    :     119896     :   18159861      183789148     201949009   :
:-------------------------:-------------------------------------------:----------------:-------------------------------------------:
:ORIGINALLY IN PLACE      :    1472069          0          1472069    :     119671     :       0         207296748     207296748   :
:-------------------------:-------------------------------------------:----------------:-------------------------------------------:
====================================================================================================================================



                                                    ==================================================
                                                    :              FIPNUM REPORT REGION  6           :
                                                    :        PAV  =           249  BARSA             :
                                                    :        PORV =      17922490  RM3               :
                          :--------------- OIL  SM3 ------------------:-- WAT    SM3 --:--------------  GAS     SM3 ---------------:
                          :    LIQUID         VAPOUR        TOTAL     :     TOTAL      :     FREE        DISSOLVED       TOTAL     :
:-------------------------:-------------------------------------------:----------------:-------------------------------------------:
:CURRENTLY IN PLACE       :    8796917        11138        8808055    :    4768040     :   72955271      1172748026    1245703297  :
:-------------------------:-------------------------------------------:----------------:-------------------------------------------:
:ORIGINALLY IN PLACE      :    9438301          0          9438301    :    4256904     :       0         1329101581    1329101581  :
:-------------------------:-------------------------------------------:----------------:-------------------------------------------:
====================================================================================================================================



                                                    ==================================================
                                                    :              FIPNUM REPORT REGION  7           :
                                                    :        PAV  =           271  BARSA             :
                                                    :        PORV =      37051751  RM3               :
                          :--------------- OIL  SM3 ------------------:-- WAT    SM3 --:--------------  GAS     SM3 ---------------:
                          :    LIQUID         VAPOUR        TOTAL     :     TOTAL      :     FREE        DISSOLVED       TOTAL     :
:-------------------------:-------------------------------------------:----------------:-------------------------------------------:
:CURRENTLY IN PLACE       :     18233           0           18233     :    35792652    :       0          2567460       2567460    :
:-------------------------:-------------------------------------------:----------------:-------------------------------------------:
:ORIGINALLY IN PLACE      :     19569           0           19569     :    35885965    :       0          2755673       2755673    :
:-------------------------:-------------------------------------------:----------------:-------------------------------------------:
====================================================================================================================================



                                                    ==================================================
                                                    :              FIPNUM REPORT REGION  8           :
                                                    :        PAV  =           280  BARSA             :
                                                    :        PORV =      97790665  RM3               :
                          :--------------- OIL  SM3 ------------------:-- WAT    SM3 --:--------------  GAS     SM3 ---------------:
                          :    LIQUID         VAPOUR        TOTAL     :     TOTAL      :     FREE        DISSOLVED       TOTAL     :
:-------------------------:-------------------------------------------:----------------:-------------------------------------------:
:CURRENTLY IN PLACE       :    247357          366          247722    :    94176255    :    1819803       35457680      37277483   :
:-------------------------:-------------------------------------------:----------------:-------------------------------------------:
:ORIGINALLY IN PLACE      :    245135           0           245135    :    94378061    :       0          34519874      34519874   :
:-------------------------:-------------------------------------------:----------------:-------------------------------------------:
====================================================================================================================================



                                                    ==================================================
                                                    :              FIPNUM REPORT REGION  9           :
                                                    :        PAV  =           279  BARSA             :
                                                    :        PORV =       6794252  RM3               :
                          :--------------- OIL  SM3 ------------------:-- WAT    SM3 --:--------------  GAS     SM3 ---------------:
                          :    LIQUID         VAPOUR        TOTAL     :     TOTAL      :     FREE        DISSOLVED       TOTAL     :
:-------------------------:-------------------------------------------:----------------:-------------------------------------------:
:CURRENTLY IN PLACE       :    983718           1           983719    :    5193724     :     3935        138526924     138530859   :
:-------------------------:-------------------------------------------:----------------:-------------------------------------------:
:ORIGINALLY IN PLACE      :    1094586          0          1094586    :    5061170     :       0         154139585     154139585   :
:-------------------------:-------------------------------------------:----------------:-------------------------------------------:
====================================================================================================================================



                                                    ==================================================
                                                    :              FIPNUM REPORT REGION 10           :
                                                    :        PAV  =           278  BARSA             :
                                                    :        PORV =      13113605  RM3               :
                          :--------------- OIL  SM3 ------------------:-- WAT    SM3 --:--------------  GAS     SM3 ---------------:
                          :    LIQUID         VAPOUR        TOTAL     :     TOTAL      :     FREE        DISSOLVED       TOTAL     :
:-------------------------:-------------------------------------------:----------------:-------------------------------------------:
:CURRENTLY IN PLACE       :    1551623          0          1551623    :    10514568    :       0         218499258     218499258   :
:-------------------------:-------------------------------------------:----------------:-------------------------------------------:
:ORIGINALLY IN PLACE      :    1684967          0          1684967    :    10366187    :       0         237277069     237277069   :
:-------------------------:-------------------------------------------:----------------:-------------------------------------------:
====================================================================================================================================



                                                    ==================================================
                                                    :              FIPNUM REPORT REGION 11           :
                                                    :        PAV  =           278  BARSA             :
                                                    :        PORV =       5771684  RM3               :
                          :--------------- OIL  SM3 ------------------:-- WAT    SM3 --:--------------  GAS     SM3 ---------------:
                          :    LIQUID         VAPOUR        TOTAL     :     TOTAL      :     FREE        DISSOLVED       TOTAL     :
:-------------------------:-------------------------------------------:----------------:-------------------------------------------:
:CURRENTLY IN PLACE       :    468608         66510         535119    :    2419108     :   557688541      83750872     641439413   :
:-------------------------:-------------------------------------------:----------------:-------------------------------------------:
:ORIGINALLY IN PLACE      :    453643         90584         544227    :    2430298     :   587594489      88882268     676476758   :
:-------------------------:-------------------------------------------:----------------:-------------------------------------------:
====================================================================================================================================



                                                    ==================================================
                                                    :              FIPNUM REPORT REGION 12           :
                                                    :        PAV  =           238  BARSA             :
                                                    :        PORV =       1261126  RM3               :
                          :--------------- OIL  SM3 ------------------:-- WAT    SM3 --:--------------  GAS     SM3 ---------------:
                          :    LIQUID         VAPOUR        TOTAL     :     TOTAL      :     FREE        DISSOLVED       TOTAL     :
:-------------------------:-------------------------------------------:----------------:-------------------------------------------:
:CURRENTLY IN PLACE       :    764572          1790         766363    :     104501     :   12344817       97730230     110075047   :
:-------------------------:-------------------------------------------:----------------:-------------------------------------------:
:ORIGINALLY IN PLACE      :    824487           0           824487    :     77549      :       0         116104304     116104304   :
:-------------------------:-------------------------------------------:----------------:-------------------------------------------:
====================================================================================================================================



                                                    ==================================================
                                                    :              FIPNUM REPORT REGION 13           :
                                                    :        PAV  =           253  BARSA             :
                                                    :        PORV =      10510524  RM3               :
                          :--------------- OIL  SM3 ------------------:-- WAT    SM3 --:--------------  GAS     SM3 ---------------:
                          :    LIQUID         VAPOUR        TOTAL     :     TOTAL      :     FREE        DISSOLVED       TOTAL     :
:-------------------------:-------------------------------------------:----------------:-------------------------------------------:
:CURRENTLY IN PLACE       :    3815909         3566        3819475    :    4743430     :   22243551      517573595     539817146   :
:-------------------------:-------------------------------------------:----------------:-------------------------------------------:
:ORIGINALLY IN PLACE      :    4487432          0          4487432    :    3951646     :       0         631920123     631920123   :
:-------------------------:-------------------------------------------:----------------:-------------------------------------------:
====================================================================================================================================



                                                    ==================================================
                                                    :              FIPNUM REPORT REGION 14           :
                                                    :        PAV  =           295  BARSA             :
                                                    :        PORV =      16218498  RM3               :
                          :--------------- OIL  SM3 ------------------:-- WAT    SM3 --:--------------  GAS     SM3 ---------------:
                          :    LIQUID         VAPOUR        TOTAL     :     TOTAL      :     FREE        DISSOLVED       TOTAL     :
:-------------------------:-------------------------------------------:----------------:-------------------------------------------:
:CURRENTLY IN PLACE       :       0             0             0       :    15688834    :       0             0             0       :
:-------------------------:-------------------------------------------:----------------:-------------------------------------------:
:ORIGINALLY IN PLACE      :       0             0             0       :    15727338    :       0             0             0       :
:-------------------------:-------------------------------------------:----------------:-------------------------------------------:
====================================================================================================================================



                                                    ==================================================
                                                    :              FIPNUM REPORT REGION 15           :
                                                    :        PAV  =           281  BARSA             :
                                                    :        PORV =      82854644  RM3               :
                          :--------------- OIL  SM3 ------------------:-- WAT    SM3 --:--------------  GAS     SM3 ---------------:
                          :    LIQUID         VAPOUR        TOTAL     :     TOTAL      :     FREE        DISSOLVED       TOTAL     :
:-------------------------:-------------------------------------------:----------------:-------------------------------------------:
:CURRENTLY IN PLACE       :     29736           49          29785     :    80055764    :    244211        4458868       4703079    :
:-------------------------:-------------------------------------------:----------------:-------------------------------------------:
:ORIGINALLY IN PLACE      :     28007           0           28007     :    80235466    :       0          3943994       3943994    :
:-------------------------:-------------------------------------------:----------------:-------------------------------------------:
====================================================================================================================================



                                                    ==================================================
                                                    :              FIPNUM REPORT REGION 16           :
                                                    :        PAV  =           272  BARSA             :
                                                    :        PORV =      38621768  RM3               :
                          :--------------- OIL  SM3 ------------------:-- WAT    SM3 --:--------------  GAS     SM3 ---------------:
                          :    LIQUID         VAPOUR        TOTAL     :     TOTAL      :     FREE        DISSOLVED       TOTAL     :
:-------------------------:-------------------------------------------:----------------:-------------------------------------------:
:CURRENTLY IN PLACE       :    2644946          0          2644946    :    33611751    :       0         372460075     372460075   :
:-------------------------:-------------------------------------------:----------------:-------------------------------------------:
:ORIGINALLY IN PLACE      :    2882458          0          2882458    :    33411778    :       0         405907779     405907779   :
:-------------------------:-------------------------------------------:----------------:-------------------------------------------:
====================================================================================================================================



                                                    ==================================================
                                                    :              FIPNUM REPORT REGION 17           :
                                                    :        PAV  =           284  BARSA             :
                                                    :        PORV =       6173948  RM3               :
                          :--------------- OIL  SM3 ------------------:-- WAT    SM3 --:--------------  GAS     SM3 ---------------:
                          :    LIQUID         VAPOUR        TOTAL     :     TOTAL      :     FREE        DISSOLVED       TOTAL     :
:-------------------------:-------------------------------------------:----------------:-------------------------------------------:
:CURRENTLY IN PLACE       :    315494           0           315494    :    5530036     :      24          44427803      44427827   :
:-------------------------:-------------------------------------------:----------------:-------------------------------------------:
:ORIGINALLY IN PLACE      :    329635           0           329635    :    5523599     :       0          46419217      46419217   :
:-------------------------:-------------------------------------------:----------------:-------------------------------------------:
====================================================================================================================================



                                                    ==================================================
                                                    :              FIPNUM REPORT REGION 18           :
                                                    :        PAV  =           278  BARSA             :
                                                    :        PORV =       2866251  RM3               :
                          :--------------- OIL  SM3 ------------------:-- WAT    SM3 --:--------------  GAS     SM3 ---------------:
                          :    LIQUID         VAPOUR        TOTAL     :     TOTAL      :     FREE        DISSOLVED       TOTAL     :
:-------------------------:-------------------------------------------:----------------:-------------------------------------------:
:CURRENTLY IN PLACE       :    502370         15771         518142    :    1424034     :   131851197      89718092     221569289   :
:-------------------------:-------------------------------------------:----------------:-------------------------------------------:
:ORIGINALLY IN PLACE      :    552576         19696         572272    :    1375802     :   127339498     108266300     235605798   :
:-------------------------:-------------------------------------------:----------------:-------------------------------------------:
====================================================================================================================================



                                                    ==================================================
                                                    :              FIPNUM REPORT REGION 19           :
                                                    :        PAV  =           257  BARSA             :
                                                    :        PORV =       2416788  RM3               :
                          :--------------- OIL  SM3 ------------------:-- WAT    SM3 --:--------------  GAS     SM3 ---------------:
                          :    LIQUID         VAPOUR        TOTAL     :     TOTAL      :     FREE        DISSOLVED       TOTAL     :
:-------------------------:-------------------------------------------:----------------:-------------------------------------------:
:CURRENTLY IN PLACE       :    920884          1627         922510    :     999485     :    9906082      127370598     137276680   :
:-------------------------:-------------------------------------------:----------------:-------------------------------------------:
:ORIGINALLY IN PLACE      :    1314982          0          1314982    :     516837     :       0         185175824     185175824   :
:-------------------------:-------------------------------------------:----------------:-------------------------------------------:
====================================================================================================================================



                                                    ==================================================
                                                    :              FIPNUM REPORT REGION 20           :
                                                    :        PAV  =           253  BARSA             :
                                                    :        PORV =      19818158  RM3               :
                          :--------------- OIL  SM3 ------------------:-- WAT    SM3 --:--------------  GAS     SM3 ---------------:
                          :    LIQUID         VAPOUR        TOTAL     :     TOTAL      :     FREE        DISSOLVED       TOTAL     :
:-------------------------:-------------------------------------------:----------------:-------------------------------------------:
:CURRENTLY IN PLACE       :    7904234         6132        7910366    :    7949162     :   37606958      1079887224    1117494182  :
:-------------------------:-------------------------------------------:----------------:-------------------------------------------:
:ORIGINALLY IN PLACE      :    9416850          0          9416850    :    6128102     :       0         1326080841    1326080841  :
:-------------------------:-------------------------------------------:----------------:-------------------------------------------:
====================================================================================================================================



                                                    ==================================================
                                                    :              FIPNUM REPORT REGION 21           :
                                                    :        PAV  =           267  BARSA             :
                                                    :        PORV =      33196418  RM3               :
                          :--------------- OIL  SM3 ------------------:-- WAT    SM3 --:--------------  GAS     SM3 ---------------:
                          :    LIQUID         VAPOUR        TOTAL     :     TOTAL      :     FREE        DISSOLVED       TOTAL     :
:-------------------------:-------------------------------------------:----------------:-------------------------------------------:
:CURRENTLY IN PLACE       :      90             0             90      :    32083617    :       0           12617         12617     :
:-------------------------:-------------------------------------------:----------------:-------------------------------------------:
:ORIGINALLY IN PLACE      :       0             0             0       :    32173398    :       0             0             0       :
:-------------------------:-------------------------------------------:----------------:-------------------------------------------:
====================================================================================================================================




Report step 50/82 at day 546/912, date = 01-Jul-2019

Starting time step 0, stepsize 3 days, at day 546/572, date = 01-Jul-2019
Restart file written for report step 50/82, date = 01-Jul-2019 00:00:00
 Newton its= 2, linearizations= 3 (0.4sec), linear its=  3 (0.8sec)

Starting time step 1, stepsize 9 days, at day 549/572, date = 04-Jul-2019
 Newton its= 2, linearizations= 3 (0.5sec), linear its=  4 (1.3sec)

Starting time step 2, stepsize 14 days, at day 558/572, date = 13-Jul-2019
 Newton its= 2, linearizations= 3 (0.4sec), linear its=  4 (1.1sec)


Report step 51/82 at day 572/912, date = 27-Jul-2019

Starting time step 0, stepsize 5 days, at day 572/577, date = 27-Jul-2019
 Newton its= 2, linearizations= 3 (0.4sec), linear its=  4 (0.9sec)


Report step 52/82 at day 577/912, date = 01-Aug-2019

Starting time step 0, stepsize 15 days, at day 577/592, date = 01-Aug-2019
 Newton its= 2, linearizations= 3 (0.5sec), linear its=  4 (1.1sec)


Report step 53/82 at day 592/912, date = 16-Aug-2019

Starting time step 0, stepsize 8 days, at day 592/600, date = 16-Aug-2019
 Newton its= 2, linearizations= 3 (0.4sec), linear its=  3 (0.8sec)


Report step 54/82 at day 600/912, date = 24-Aug-2019

Starting time step 0, stepsize 8 days, at day 600/608, date = 24-Aug-2019
 Newton its= 2, linearizations= 3 (0.4sec), linear its=  5 (1.0sec)


Report step 55/82 at day 608/912, date = 01-Sep-2019

Starting time step 0, stepsize 5 days, at day 608/613, date = 01-Sep-2019
 Newton its= 2, linearizations= 3 (0.5sec), linear its=  3 (0.9sec)


Report step 56/82 at day 613/912, date = 06-Sep-2019

Starting time step 0, stepsize 15 days, at day 613/638, date = 06-Sep-2019
 Newton its= 3, linearizations= 4 (0.7sec), linear its=  6 (2.0sec)

Starting time step 1, stepsize 10 days, at day 628/638, date = 21-Sep-2019
 Newton its= 2, linearizations= 3 (0.4sec), linear its=  3 (0.8sec)


Report step 57/82 at day 638/912, date = 01-Oct-2019

Starting time step 0, stepsize 18 days, at day 638/656, date = 01-Oct-2019
 Newton its= 2, linearizations= 3 (0.4sec), linear its=  4 (1.0sec)


Report step 58/82 at day 656/912, date = 19-Oct-2019

Starting time step 0, stepsize 13 days, at day 656/669, date = 19-Oct-2019
 Newton its= 2, linearizations= 3 (0.4sec), linear its=  4 (1.3sec)


Report step 59/82 at day 669/912, date = 01-Nov-2019

Starting time step 0, stepsize 1 days, at day 669/670, date = 01-Nov-2019
 Newton its= 2, linearizations= 3 (0.4sec), linear its=  2 (0.7sec)


Report step 60/82 at day 670/912, date = 02-Nov-2019

Starting time step 0, stepsize 3 days, at day 670/676, date = 02-Nov-2019
 Newton its= 2, linearizations= 3 (0.4sec), linear its=  3 (0.8sec)

Starting time step 1, stepsize 3 days, at day 673/676, date = 05-Nov-2019
 Newton its= 2, linearizations= 3 (0.4sec), linear its=  3 (0.8sec)


Report step 61/82 at day 676/912, date = 08-Nov-2019

Starting time step 0, stepsize 8 days, at day 676/684, date = 08-Nov-2019
 Newton its= 2, linearizations= 3 (0.4sec), linear its=  4 (1.1sec)


Report step 62/82 at day 684/912, date = 16-Nov-2019

Starting time step 0, stepsize 13 days, at day 684/697, date = 16-Nov-2019
 Newton its= 2, linearizations= 3 (0.4sec), linear its=  4 (1.1sec)


Report step 63/82 at day 697/912, date = 29-Nov-2019

Starting time step 0, stepsize 2 days, at day 697/699, date = 29-Nov-2019
 Newton its= 2, linearizations= 3 (0.4sec), linear its=  3 (0.8sec)


Report step 64/82 at day 699/912, date = 01-Dec-2019

Starting time step 0, stepsize 6 days, at day 699/730, date = 01-Dec-2019
 Newton its= 2, linearizations= 3 (0.4sec), linear its=  3 (0.8sec)

Starting time step 1, stepsize 12.5 days, at day 705/730, date = 07-Dec-2019
 Newton its= 2, linearizations= 3 (0.4sec), linear its=  4 (0.9sec)

Starting time step 2, stepsize 12.5 days, at day 717.5/730, date = 19-Dec-2019
 Newton its= 3, linearizations= 4 (0.6sec), linear its=  6 (1.3sec)


Report step 65/82 at day 730/912, date = 01-Jan-2020

Starting time step 0, stepsize 10 days, at day 730/740, date = 01-Jan-2020
 Newton its= 2, linearizations= 3 (0.5sec), linear its=  2 (0.7sec)


Report step 66/82 at day 740/912, date = 11-Jan-2020

Starting time step 0, stepsize 20 days, at day 740/760, date = 11-Jan-2020
 Newton its= 2, linearizations= 3 (0.4sec), linear its=  3 (0.9sec)


Report step 67/82 at day 760/912, date = 31-Jan-2020

Starting time step 0, stepsize 1 days, at day 760/761, date = 31-Jan-2020
 Newton its= 2, linearizations= 3 (0.4sec), linear its=  2 (0.7sec)


Report step 68/82 at day 761/912, date = 01-Feb-2020

Starting time step 0, stepsize 3 days, at day 761/768, date = 01-Feb-2020
 Newton its= 2, linearizations= 3 (0.4sec), linear its=  3 (0.8sec)

Starting time step 1, stepsize 4 days, at day 764/768, date = 04-Feb-2020
 Newton its= 2, linearizations= 3 (0.4sec), linear its=  3 (1.1sec)


Report step 69/82 at day 768/912, date = 08-Feb-2020

Starting time step 0, stepsize 6.5 days, at day 768/781, date = 08-Feb-2020
 Newton its= 2, linearizations= 3 (0.4sec), linear its=  3 (0.8sec)

Starting time step 1, stepsize 6.5 days, at day 774.5/781, date = 14-Feb-2020
 Newton its= 2, linearizations= 3 (0.4sec), linear its=  3 (0.8sec)


Report step 70/82 at day 781/912, date = 21-Feb-2020

Starting time step 0, stepsize 9 days, at day 781/790, date = 21-Feb-2020
 Newton its= 2, linearizations= 3 (0.4sec), linear its=  3 (0.8sec)


Report step 71/82 at day 790/912, date = 01-Mar-2020

Starting time step 0, stepsize 15.5 days, at day 790/821, date = 01-Mar-2020
 Newton its= 2, linearizations= 3 (0.4sec), linear its=  4 (1.0sec)

Starting time step 1, stepsize 15.5 days, at day 805.5/821, date = 16-Mar-2020
 Newton its= 2, linearizations= 3 (0.5sec), linear its=  4 (0.9sec)


Report step 72/82 at day 821/912, date = 01-Apr-2020

Starting time step 0, stepsize 3 days, at day 821/824, date = 01-Apr-2020
 Newton its= 2, linearizations= 3 (0.4sec), linear its=  3 (0.8sec)


Report step 73/82 at day 824/912, date = 04-Apr-2020

Starting time step 0, stepsize 9 days, at day 824/844, date = 04-Apr-2020
 Newton its= 2, linearizations= 3 (0.4sec), linear its=  3 (0.8sec)

Starting time step 1, stepsize 11 days, at day 833/844, date = 13-Apr-2020
 Newton its= 2, linearizations= 3 (0.5sec), linear its=  4 (1.4sec)


Report step 74/82 at day 844/912, date = 24-Apr-2020

Starting time step 0, stepsize 7 days, at day 844/851, date = 24-Apr-2020
 Newton its= 2, linearizations= 3 (0.4sec), linear its=  3 (0.9sec)


Report step 75/82 at day 851/912, date = 01-May-2020

Starting time step 0, stepsize 1 days, at day 851/852, date = 01-May-2020
 Newton its= 2, linearizations= 3 (0.4sec), linear its=  2 (0.7sec)


Report step 76/82 at day 852/912, date = 02-May-2020

Starting time step 0, stepsize 1.5 days, at day 852/855, date = 02-May-2020
 Newton its= 2, linearizations= 3 (0.4sec), linear its=  3 (0.9sec)

Starting time step 1, stepsize 1.5 days, at day 853.5/855, date = 03-May-2020
 Newton its= 2, linearizations= 3 (0.5sec), linear its=  3 (1.0sec)


Report step 77/82 at day 855/912, date = 05-May-2020

Starting time step 0, stepsize 4.5 days, at day 855/865, date = 05-May-2020
 Newton its= 3, linearizations= 4 (0.5sec), linear its=  4 (1.1sec)

Starting time step 1, stepsize 5.5 days, at day 859.5/865, date = 09-May-2020
 Newton its= 2, linearizations= 3 (0.5sec), linear its=  4 (1.2sec)


Report step 78/82 at day 865/912, date = 15-May-2020

Starting time step 0, stepsize 17 days, at day 865/882, date = 15-May-2020
 Newton its= 2, linearizations= 3 (0.5sec), linear its=  5 (1.4sec)


Report step 79/82 at day 882/912, date = 01-Jun-2020

Starting time step 0, stepsize 26 days, at day 882/908, date = 01-Jun-2020
 Newton its= 4, linearizations= 5 (0.6sec), linear its=  6 (1.7sec)


Report step 80/82 at day 908/912, date = 27-Jun-2020

Starting time step 0, stepsize 3 days, at day 908/911, date = 27-Jun-2020
 Newton its= 2, linearizations= 3 (0.4sec), linear its=  2 (0.8sec)


Report step 81/82 at day 911/912, date = 30-Jun-2020

Starting time step 0, stepsize 1 days, at day 911/912, date = 30-Jun-2020
 Newton its= 2, linearizations= 3 (0.4sec), linear its=  3 (0.9sec)

                              **************************************************************************
  BALANCE  AT       912  DAYS *Drogon synthetic reservoir model                                          *
  REPORT   82    01 Jul 2020  *                                             Flow  version     2025.04  *
                              **************************************************************************


                                                    ==================================================
                                                    :                  FIELD TOTALS                  :
                                                    :        PAV  =           259  BARSA             :
                                                    :        PORV =     529109719  RM3               :
                                                    : Pressure is weighted by hydrocarbon pore volume:
                                                    : Pore volumes are taken at reference conditions :
                          :--------------- OIL  SM3 ------------------:-- WAT    SM3 --:--------------  GAS     SM3 ---------------:
                          :    LIQUID         VAPOUR        TOTAL     :     TOTAL      :     FREE        DISSOLVED       TOTAL     :
:-------------------------:-------------------------------------------:----------------:-------------------------------------------:
:CURRENTLY IN PLACE       :   36646229        209229       36855459   :   452843689    :  1656853487     5035623853    6692477340  :
:-------------------------:-------------------------------------------:----------------:-------------------------------------------:
:ORIGINALLY IN PLACE      :   45035726        222781       45258507   :   443798839    :  1448203509     6415034698    7863238208  :
====================================================================================================================================



                                                    ==================================================
                                                    :              FIPNUM REPORT REGION  1           :
                                                    :        PAV  =           280  BARSA             :
                                                    :        PORV =      89830759  RM3               :
                          :--------------- OIL  SM3 ------------------:-- WAT    SM3 --:--------------  GAS     SM3 ---------------:
                          :    LIQUID         VAPOUR        TOTAL     :     TOTAL      :     FREE        DISSOLVED       TOTAL     :
:-------------------------:-------------------------------------------:----------------:-------------------------------------------:
:CURRENTLY IN PLACE       :    550052          4082         554134    :    85952862    :   20447281       80606530     101053811   :
:-------------------------:-------------------------------------------:----------------:-------------------------------------------:
:ORIGINALLY IN PLACE      :    548811           0           548811    :    86241142    :       0          77283633      77283633   :
:-------------------------:-------------------------------------------:----------------:-------------------------------------------:
====================================================================================================================================



                                                    ==================================================
                                                    :              FIPNUM REPORT REGION  2           :
                                                    :        PAV  =           257  BARSA             :
                                                    :        PORV =      20515829  RM3               :
                          :--------------- OIL  SM3 ------------------:-- WAT    SM3 --:--------------  GAS     SM3 ---------------:
                          :    LIQUID         VAPOUR        TOTAL     :     TOTAL      :     FREE        DISSOLVED       TOTAL     :
:-------------------------:-------------------------------------------:----------------:-------------------------------------------:
:CURRENTLY IN PLACE       :    5126255         5558        5131813    :    12501235    :   35712928      700394372     736107299   :
:-------------------------:-------------------------------------------:----------------:-------------------------------------------:
:ORIGINALLY IN PLACE      :    6393289          0          6393289    :    11002241    :       0         900302940     900302940   :
:-------------------------:-------------------------------------------:----------------:-------------------------------------------:
====================================================================================================================================



                                                    ==================================================
                                                    :              FIPNUM REPORT REGION  3           :
                                                    :        PAV  =           270  BARSA             :
                                                    :        PORV =      17671511  RM3               :
                          :--------------- OIL  SM3 ------------------:-- WAT    SM3 --:--------------  GAS     SM3 ---------------:
                          :    LIQUID         VAPOUR        TOTAL     :     TOTAL      :     FREE        DISSOLVED       TOTAL     :
:-------------------------:-------------------------------------------:----------------:-------------------------------------------:
:CURRENTLY IN PLACE       :    2522140         4829        2526970    :    13424021    :   26014657      359023633     385038290   :
:-------------------------:-------------------------------------------:----------------:-------------------------------------------:
:ORIGINALLY IN PLACE      :    3528641          0          3528641    :    12221687    :       0         496903191     496903191   :
:-------------------------:-------------------------------------------:----------------:-------------------------------------------:
====================================================================================================================================



                                                    ==================================================
                                                    :              FIPNUM REPORT REGION  4           :
                                                    :        PAV  =           278  BARSA             :
                                                    :        PORV =       6476287  RM3               :
                          :--------------- OIL  SM3 ------------------:-- WAT    SM3 --:--------------  GAS     SM3 ---------------:
                          :    LIQUID         VAPOUR        TOTAL     :     TOTAL      :     FREE        DISSOLVED       TOTAL     :
:-------------------------:-------------------------------------------:----------------:-------------------------------------------:
:CURRENTLY IN PLACE       :    335466         82860         418327    :    2711401     :   693224384      60121445     753345829   :
:-------------------------:-------------------------------------------:----------------:-------------------------------------------:
:ORIGINALLY IN PLACE      :    320287         112501        432788    :    2713999     :   733269522      62753754     796023276   :
:-------------------------:-------------------------------------------:----------------:-------------------------------------------:
====================================================================================================================================



                                                    ==================================================
                                                    :              FIPNUM REPORT REGION  5           :
                                                    :        PAV  =           240  BARSA             :
                                                    :        PORV =       2232763  RM3               :
                          :--------------- OIL  SM3 ------------------:-- WAT    SM3 --:--------------  GAS     SM3 ---------------:
                          :    LIQUID         VAPOUR        TOTAL     :     TOTAL      :     FREE        DISSOLVED       TOTAL     :
:-------------------------:-------------------------------------------:----------------:-------------------------------------------:
:CURRENTLY IN PLACE       :    1397466         3250        1400716    :     122993     :   21958584      179811510     201770094   :
:-------------------------:-------------------------------------------:----------------:-------------------------------------------:
:ORIGINALLY IN PLACE      :    1472069          0          1472069    :     119671     :       0         207296748     207296748   :
:-------------------------:-------------------------------------------:----------------:-------------------------------------------:
====================================================================================================================================



                                                    ==================================================
                                                    :              FIPNUM REPORT REGION  6           :
                                                    :        PAV  =           245  BARSA             :
                                                    :        PORV =      17922490  RM3               :
                          :--------------- OIL  SM3 ------------------:-- WAT    SM3 --:--------------  GAS     SM3 ---------------:
                          :    LIQUID         VAPOUR        TOTAL     :     TOTAL      :     FREE        DISSOLVED       TOTAL     :
:-------------------------:-------------------------------------------:----------------:-------------------------------------------:
:CURRENTLY IN PLACE       :    8387156        14364        8401520    :    5242937     :   97681605      1099162855    1196844459  :
:-------------------------:-------------------------------------------:----------------:-------------------------------------------:
:ORIGINALLY IN PLACE      :    9438301          0          9438301    :    4256904     :       0         1329101581    1329101581  :
:-------------------------:-------------------------------------------:----------------:-------------------------------------------:
====================================================================================================================================



                                                    ==================================================
                                                    :              FIPNUM REPORT REGION  7           :
                                                    :        PAV  =           270  BARSA             :
                                                    :        PORV =      37051751  RM3               :
                          :--------------- OIL  SM3 ------------------:-- WAT    SM3 --:--------------  GAS     SM3 ---------------:
                          :    LIQUID         VAPOUR        TOTAL     :     TOTAL      :     FREE        DISSOLVED       TOTAL     :
:-------------------------:-------------------------------------------:----------------:-------------------------------------------:
:CURRENTLY IN PLACE       :     17639           0           17639     :    35790839    :       0          2483704       2483704    :
:-------------------------:-------------------------------------------:----------------:-------------------------------------------:
:ORIGINALLY IN PLACE      :     19569           0           19569     :    35885965    :       0          2755673       2755673    :
:-------------------------:-------------------------------------------:----------------:-------------------------------------------:
====================================================================================================================================



                                                    ==================================================
                                                    :              FIPNUM REPORT REGION  8           :
                                                    :        PAV  =           280  BARSA             :
                                                    :        PORV =      97790665  RM3               :
                          :--------------- OIL  SM3 ------------------:-- WAT    SM3 --:--------------  GAS     SM3 ---------------:
                          :    LIQUID         VAPOUR        TOTAL     :     TOTAL      :     FREE        DISSOLVED       TOTAL     :
:-------------------------:-------------------------------------------:----------------:-------------------------------------------:
:CURRENTLY IN PLACE       :    243542          280          243821    :    94181638    :    1396637       34914453      36311090   :
:-------------------------:-------------------------------------------:----------------:-------------------------------------------:
:ORIGINALLY IN PLACE      :    245135           0           245135    :    94378061    :       0          34519874      34519874   :
:-------------------------:-------------------------------------------:----------------:-------------------------------------------:
====================================================================================================================================



                                                    ==================================================
                                                    :              FIPNUM REPORT REGION  9           :
                                                    :        PAV  =           279  BARSA             :
                                                    :        PORV =       6794252  RM3               :
                          :--------------- OIL  SM3 ------------------:-- WAT    SM3 --:--------------  GAS     SM3 ---------------:
                          :    LIQUID         VAPOUR        TOTAL     :     TOTAL      :     FREE        DISSOLVED       TOTAL     :
:-------------------------:-------------------------------------------:----------------:-------------------------------------------:
:CURRENTLY IN PLACE       :    889476           1           889477    :    5325040     :     4421        125256124     125260545   :
:-------------------------:-------------------------------------------:----------------:-------------------------------------------:
:ORIGINALLY IN PLACE      :    1094586          0          1094586    :    5061170     :       0         154139585     154139585   :
:-------------------------:-------------------------------------------:----------------:-------------------------------------------:
====================================================================================================================================



                                                    ==================================================
                                                    :              FIPNUM REPORT REGION 10           :
                                                    :        PAV  =           278  BARSA             :
                                                    :        PORV =      13113605  RM3               :
                          :--------------- OIL  SM3 ------------------:-- WAT    SM3 --:--------------  GAS     SM3 ---------------:
                          :    LIQUID         VAPOUR        TOTAL     :     TOTAL      :     FREE        DISSOLVED       TOTAL     :
:-------------------------:-------------------------------------------:----------------:-------------------------------------------:
:CURRENTLY IN PLACE       :    1478994          0          1478994    :    10615163    :       0         208271637     208271637   :
:-------------------------:-------------------------------------------:----------------:-------------------------------------------:
:ORIGINALLY IN PLACE      :    1684967          0          1684967    :    10366187    :       0         237277069     237277069   :
:-------------------------:-------------------------------------------:----------------:-------------------------------------------:
====================================================================================================================================



                                                    ==================================================
                                                    :              FIPNUM REPORT REGION 11           :
                                                    :        PAV  =           278  BARSA             :
                                                    :        PORV =       5771684  RM3               :
                          :--------------- OIL  SM3 ------------------:-- WAT    SM3 --:--------------  GAS     SM3 ---------------:
                          :    LIQUID         VAPOUR        TOTAL     :     TOTAL      :     FREE        DISSOLVED       TOTAL     :
:-------------------------:-------------------------------------------:----------------:-------------------------------------------:
:CURRENTLY IN PLACE       :    474407         65566         539973    :    2431916     :   552296500      84653077     636949577   :
:-------------------------:-------------------------------------------:----------------:-------------------------------------------:
:ORIGINALLY IN PLACE      :    453643         90584         544227    :    2430298     :   587594489      88882268     676476758   :
:-------------------------:-------------------------------------------:----------------:-------------------------------------------:
====================================================================================================================================



                                                    ==================================================
                                                    :              FIPNUM REPORT REGION 12           :
                                                    :        PAV  =           236  BARSA             :
                                                    :        PORV =       1261126  RM3               :
                          :--------------- OIL  SM3 ------------------:-- WAT    SM3 --:--------------  GAS     SM3 ---------------:
                          :    LIQUID         VAPOUR        TOTAL     :     TOTAL      :     FREE        DISSOLVED       TOTAL     :
:-------------------------:-------------------------------------------:----------------:-------------------------------------------:
:CURRENTLY IN PLACE       :    721912          1899         723811    :     159587     :   13273816       91414005     104687821   :
:-------------------------:-------------------------------------------:----------------:-------------------------------------------:
:ORIGINALLY IN PLACE      :    824487           0           824487    :     77549      :       0         116104304     116104304   :
:-------------------------:-------------------------------------------:----------------:-------------------------------------------:
====================================================================================================================================



                                                    ==================================================
                                                    :              FIPNUM REPORT REGION 13           :
                                                    :        PAV  =           254  BARSA             :
                                                    :        PORV =      10510524  RM3               :
                          :--------------- OIL  SM3 ------------------:-- WAT    SM3 --:--------------  GAS     SM3 ---------------:
                          :    LIQUID         VAPOUR        TOTAL     :     TOTAL      :     FREE        DISSOLVED       TOTAL     :
:-------------------------:-------------------------------------------:----------------:-------------------------------------------:
:CURRENTLY IN PLACE       :    3392557         3530        3396087    :    5330416     :   21820970      461705543     483526513   :
:-------------------------:-------------------------------------------:----------------:-------------------------------------------:
:ORIGINALLY IN PLACE      :    4487432          0          4487432    :    3951646     :       0         631920123     631920123   :
:-------------------------:-------------------------------------------:----------------:-------------------------------------------:
====================================================================================================================================



                                                    ==================================================
                                                    :              FIPNUM REPORT REGION 14           :
                                                    :        PAV  =           294  BARSA             :
                                                    :        PORV =      16218498  RM3               :
                          :--------------- OIL  SM3 ------------------:-- WAT    SM3 --:--------------  GAS     SM3 ---------------:
                          :    LIQUID         VAPOUR        TOTAL     :     TOTAL      :     FREE        DISSOLVED       TOTAL     :
:-------------------------:-------------------------------------------:----------------:-------------------------------------------:
:CURRENTLY IN PLACE       :       0             0             0       :    15687703    :       0             0             0       :
:-------------------------:-------------------------------------------:----------------:-------------------------------------------:
:ORIGINALLY IN PLACE      :       0             0             0       :    15727338    :       0             0             0       :
:-------------------------:-------------------------------------------:----------------:-------------------------------------------:
====================================================================================================================================



                                                    ==================================================
                                                    :              FIPNUM REPORT REGION 15           :
                                                    :        PAV  =           281  BARSA             :
                                                    :        PORV =      82854644  RM3               :
                          :--------------- OIL  SM3 ------------------:-- WAT    SM3 --:--------------  GAS     SM3 ---------------:
                          :    LIQUID         VAPOUR        TOTAL     :     TOTAL      :     FREE        DISSOLVED       TOTAL     :
:-------------------------:-------------------------------------------:----------------:-------------------------------------------:
:CURRENTLY IN PLACE       :     25771           45          25817     :    80061473    :    224720        3855417       4080137    :
:-------------------------:-------------------------------------------:----------------:-------------------------------------------:
:ORIGINALLY IN PLACE      :     28007           0           28007     :    80235466    :       0          3943994       3943994    :
:-------------------------:-------------------------------------------:----------------:-------------------------------------------:
====================================================================================================================================



                                                    ==================================================
                                                    :              FIPNUM REPORT REGION 16           :
                                                    :        PAV  =           272  BARSA             :
                                                    :        PORV =      38621768  RM3               :
                          :--------------- OIL  SM3 ------------------:-- WAT    SM3 --:--------------  GAS     SM3 ---------------:
                          :    LIQUID         VAPOUR        TOTAL     :     TOTAL      :     FREE        DISSOLVED       TOTAL     :
:-------------------------:-------------------------------------------:----------------:-------------------------------------------:
:CURRENTLY IN PLACE       :    2375822          0          2375822    :    33987846    :       0         334562061     334562061   :
:-------------------------:-------------------------------------------:----------------:-------------------------------------------:
:ORIGINALLY IN PLACE      :    2882458          0          2882458    :    33411778    :       0         405907779     405907779   :
:-------------------------:-------------------------------------------:----------------:-------------------------------------------:
====================================================================================================================================



                                                    ==================================================
                                                    :              FIPNUM REPORT REGION 17           :
                                                    :        PAV  =           284  BARSA             :
                                                    :        PORV =       6173948  RM3               :
                          :--------------- OIL  SM3 ------------------:-- WAT    SM3 --:--------------  GAS     SM3 ---------------:
                          :    LIQUID         VAPOUR        TOTAL     :     TOTAL      :     FREE        DISSOLVED       TOTAL     :
:-------------------------:-------------------------------------------:----------------:-------------------------------------------:
:CURRENTLY IN PLACE       :    310598           0           310598    :    5536603     :      18          43738450      43738467   :
:-------------------------:-------------------------------------------:----------------:-------------------------------------------:
:ORIGINALLY IN PLACE      :    329635           0           329635    :    5523599     :       0          46419217      46419217   :
:-------------------------:-------------------------------------------:----------------:-------------------------------------------:
====================================================================================================================================



                                                    ==================================================
                                                    :              FIPNUM REPORT REGION 18           :
                                                    :        PAV  =           278  BARSA             :
                                                    :        PORV =       2866251  RM3               :
                          :--------------- OIL  SM3 ------------------:-- WAT    SM3 --:--------------  GAS     SM3 ---------------:
                          :    LIQUID         VAPOUR        TOTAL     :     TOTAL      :     FREE        DISSOLVED       TOTAL     :
:-------------------------:-------------------------------------------:----------------:-------------------------------------------:
:CURRENTLY IN PLACE       :    497487         14081         511568    :    1491229     :   118199312      88654604     206853916   :
:-------------------------:-------------------------------------------:----------------:-------------------------------------------:
:ORIGINALLY IN PLACE      :    552576         19696         572272    :    1375802     :   127339498     108266300     235605798   :
:-------------------------:-------------------------------------------:----------------:-------------------------------------------:
====================================================================================================================================



                                                    ==================================================
                                                    :              FIPNUM REPORT REGION 19           :
                                                    :        PAV  =           258  BARSA             :
                                                    :        PORV =       2416788  RM3               :
                          :--------------- OIL  SM3 ------------------:-- WAT    SM3 --:--------------  GAS     SM3 ---------------:
                          :    LIQUID         VAPOUR        TOTAL     :     TOTAL      :     FREE        DISSOLVED       TOTAL     :
:-------------------------:-------------------------------------------:----------------:-------------------------------------------:
:CURRENTLY IN PLACE       :    814184          1721         815905    :    1144937     :   10439888      112979088     123418975   :
:-------------------------:-------------------------------------------:----------------:-------------------------------------------:
:ORIGINALLY IN PLACE      :    1314982          0          1314982    :     516837     :       0         185175824     185175824   :
:-------------------------:-------------------------------------------:----------------:-------------------------------------------:
====================================================================================================================================



                                                    ==================================================
                                                    :              FIPNUM REPORT REGION 20           :
                                                    :        PAV  =           252  BARSA             :
                                                    :        PORV =      19818158  RM3               :
                          :--------------- OIL  SM3 ------------------:-- WAT    SM3 --:--------------  GAS     SM3 ---------------:
                          :    LIQUID         VAPOUR        TOTAL     :     TOTAL      :     FREE        DISSOLVED       TOTAL     :
:-------------------------:-------------------------------------------:----------------:-------------------------------------------:
:CURRENTLY IN PLACE       :    7085214         7165        7092379    :    9062552     :   44157767      964002730     1008160498  :
:-------------------------:-------------------------------------------:----------------:-------------------------------------------:
:ORIGINALLY IN PLACE      :    9416850          0          9416850    :    6128102     :       0         1326080841    1326080841  :
:-------------------------:-------------------------------------------:----------------:-------------------------------------------:
====================================================================================================================================



                                                    ==================================================
                                                    :              FIPNUM REPORT REGION 21           :
                                                    :        PAV  =           266  BARSA             :
                                                    :        PORV =      33196418  RM3               :
                          :--------------- OIL  SM3 ------------------:-- WAT    SM3 --:--------------  GAS     SM3 ---------------:
                          :    LIQUID         VAPOUR        TOTAL     :     TOTAL      :     FREE        DISSOLVED       TOTAL     :
:-------------------------:-------------------------------------------:----------------:-------------------------------------------:
:CURRENTLY IN PLACE       :      90             0             90      :    32081300    :       0           12617         12617     :
:-------------------------:-------------------------------------------:----------------:-------------------------------------------:
:ORIGINALLY IN PLACE      :       0             0             0       :    32173398    :       0             0             0       :
:-------------------------:-------------------------------------------:----------------:-------------------------------------------:
====================================================================================================================================



Restart file written for report step 82/82, date = 01-Jul-2020 00:00:00


================    End of simulation     ===============

Number of MPI processes:         1
Threads per MPI process:         2
Setup time:                      4.82 s
  Deck input:                    1.48 s
Number of timesteps:           114
Simulation time:               306.43 s
  Assembly time:                57.42 s (Wasted: 0.0 s; 0.0%)
    Well assembly:               1.13 s (Wasted: 0.0 s; 0.0%)
  Linear solve time:           140.01 s (Wasted: 0.0 s; 0.0%)
    Linear setup:               48.93 s (Wasted: 0.0 s; 0.0%)
  Props/update time:            31.92 s (Wasted: 0.0 s; 0.0%)
  Pre/post step:                72.84 s (Wasted: 0.0 s; 0.0%)
  Output write time:             0.64 s
Overall Linearizations:        394      (Wasted:     0; 0.0%)
Overall Newton Iterations:     280      (Wasted:     0; 0.0%)
Overall Linear Iterations:     496      (Wasted:     0; 0.0%)



Error summary:
Warnings          334
Info              820
Errors            0
Bugs              0
Debug             0
Problems          0

